image_id,label,class_name
4252236416.jpg,3,Cassava Mosaic Disease (CMD)
1658661727.jpg,3,Cassava Mosaic Disease (CMD)
736896439.jpg,3,Cassava Mosaic Disease (CMD)
3241869544.jpg,3,Cassava Mosaic Disease (CMD)
3191863856.jpg,3,Cassava Mosaic Disease (CMD)
3734446878.jpg,3,Cassava Mosaic Disease (CMD)
3433580973.jpg,4,Healthy
2089175857.jpg,3,Cassava Mosaic Disease (CMD)
2445871851.jpg,4,Healthy
1602157367.jpg,3,Cassava Mosaic Disease (CMD)
3749674341.jpg,4,Healthy
4053510295.jpg,3,Cassava Mosaic Disease (CMD)
285688813.jpg,3,Cassava Mosaic Disease (CMD)
3308322126.jpg,3,Cassava Mosaic Disease (CMD)
1796126555.jpg,3,Cassava Mosaic Disease (CMD)
854627770.jpg,3,Cassava Mosaic Disease (CMD)
815227743.jpg,3,Cassava Mosaic Disease (CMD)
1822627582.jpg,2,Cassava Green Mottle (CGM)
690163.jpg,3,Cassava Mosaic Disease (CMD)
893564766.jpg,3,Cassava Mosaic Disease (CMD)
3449271409.jpg,3,Cassava Mosaic Disease (CMD)
4074421218.jpg,0,Cassava Bacterial Blight (CBB)
4273381406.jpg,3,Cassava Mosaic Disease (CMD)
3449080403.jpg,3,Cassava Mosaic Disease (CMD)
2183278939.jpg,3,Cassava Mosaic Disease (CMD)
2497853532.jpg,3,Cassava Mosaic Disease (CMD)
3786764254.jpg,3,Cassava Mosaic Disease (CMD)
618654809.jpg,3,Cassava Mosaic Disease (CMD)
3888347347.jpg,1,Cassava Brown Streak Disease (CBSD)
612647551.jpg,4,Healthy
266192963.jpg,3,Cassava Mosaic Disease (CMD)
362695786.jpg,2,Cassava Green Mottle (CGM)
2114057874.jpg,3,Cassava Mosaic Disease (CMD)
2768992642.jpg,3,Cassava Mosaic Disease (CMD)
3693127282.jpg,0,Cassava Bacterial Blight (CBB)
3511031067.jpg,3,Cassava Mosaic Disease (CMD)
575428243.jpg,3,Cassava Mosaic Disease (CMD)
2617871332.jpg,3,Cassava Mosaic Disease (CMD)
443211656.jpg,4,Healthy
2807877356.jpg,3,Cassava Mosaic Disease (CMD)
3343675403.jpg,3,Cassava Mosaic Disease (CMD)
1764035840.jpg,2,Cassava Green Mottle (CGM)
3343975940.jpg,0,Cassava Bacterial Blight (CBB)
314175675.jpg,4,Healthy
1833807864.jpg,2,Cassava Green Mottle (CGM)
779647083.jpg,3,Cassava Mosaic Disease (CMD)
2932250281.jpg,4,Healthy
3901976814.jpg,2,Cassava Green Mottle (CGM)
3402601721.jpg,0,Cassava Bacterial Blight (CBB)
4225133358.jpg,2,Cassava Green Mottle (CGM)
179693098.jpg,1,Cassava Brown Streak Disease (CBSD)
828576182.jpg,3,Cassava Mosaic Disease (CMD)
287967918.jpg,3,Cassava Mosaic Disease (CMD)
236777190.jpg,3,Cassava Mosaic Disease (CMD)
4149442480.jpg,3,Cassava Mosaic Disease (CMD)
3227667303.jpg,1,Cassava Brown Streak Disease (CBSD)
3174024778.jpg,2,Cassava Green Mottle (CGM)
873205488.jpg,3,Cassava Mosaic Disease (CMD)
3611370404.jpg,0,Cassava Bacterial Blight (CBB)
2539540333.jpg,3,Cassava Mosaic Disease (CMD)
1785840439.jpg,1,Cassava Brown Streak Disease (CBSD)
2263743432.jpg,0,Cassava Bacterial Blight (CBB)
3234169985.jpg,3,Cassava Mosaic Disease (CMD)
4215590346.jpg,3,Cassava Mosaic Disease (CMD)
632236115.jpg,1,Cassava Brown Streak Disease (CBSD)
4184902338.jpg,3,Cassava Mosaic Disease (CMD)
3261671867.jpg,1,Cassava Brown Streak Disease (CBSD)
3793364086.jpg,4,Healthy
1654084150.jpg,2,Cassava Green Mottle (CGM)
2587457959.jpg,3,Cassava Mosaic Disease (CMD)
2871659353.jpg,2,Cassava Green Mottle (CGM)
222017409.jpg,3,Cassava Mosaic Disease (CMD)
3687403120.jpg,2,Cassava Green Mottle (CGM)
4060179434.jpg,3,Cassava Mosaic Disease (CMD)
23042367.jpg,2,Cassava Green Mottle (CGM)
342641109.jpg,3,Cassava Mosaic Disease (CMD)
169839003.jpg,3,Cassava Mosaic Disease (CMD)
3772776774.jpg,3,Cassava Mosaic Disease (CMD)
898386629.jpg,3,Cassava Mosaic Disease (CMD)
3377803887.jpg,3,Cassava Mosaic Disease (CMD)
4017354587.jpg,3,Cassava Mosaic Disease (CMD)
3342918940.jpg,3,Cassava Mosaic Disease (CMD)
4274749483.jpg,3,Cassava Mosaic Disease (CMD)
543588730.jpg,3,Cassava Mosaic Disease (CMD)
3384300864.jpg,3,Cassava Mosaic Disease (CMD)
3493597952.jpg,0,Cassava Bacterial Blight (CBB)
3441335676.jpg,2,Cassava Green Mottle (CGM)
627428671.jpg,2,Cassava Green Mottle (CGM)
2873516336.jpg,4,Healthy
3207502224.jpg,0,Cassava Bacterial Blight (CBB)
2692229898.jpg,2,Cassava Green Mottle (CGM)
327095430.jpg,3,Cassava Mosaic Disease (CMD)
3295623672.jpg,3,Cassava Mosaic Disease (CMD)
3750670092.jpg,3,Cassava Mosaic Disease (CMD)
1789486602.jpg,1,Cassava Brown Streak Disease (CBSD)
2076036296.jpg,3,Cassava Mosaic Disease (CMD)
1641097017.jpg,2,Cassava Green Mottle (CGM)
3290333742.jpg,2,Cassava Green Mottle (CGM)
3752998209.jpg,3,Cassava Mosaic Disease (CMD)
2237983224.jpg,3,Cassava Mosaic Disease (CMD)
2353691297.jpg,2,Cassava Green Mottle (CGM)
957437817.jpg,3,Cassava Mosaic Disease (CMD)
711824069.jpg,3,Cassava Mosaic Disease (CMD)
958551982.jpg,1,Cassava Brown Streak Disease (CBSD)
43523745.jpg,1,Cassava Brown Streak Disease (CBSD)
2141204046.jpg,3,Cassava Mosaic Disease (CMD)
646903835.jpg,3,Cassava Mosaic Disease (CMD)
2828802203.jpg,1,Cassava Brown Streak Disease (CBSD)
548717343.jpg,3,Cassava Mosaic Disease (CMD)
503366497.jpg,4,Healthy
3921597155.jpg,3,Cassava Mosaic Disease (CMD)
943323109.jpg,4,Healthy
1915195604.jpg,2,Cassava Green Mottle (CGM)
1983607439.jpg,3,Cassava Mosaic Disease (CMD)
175320441.jpg,3,Cassava Mosaic Disease (CMD)
469651575.jpg,3,Cassava Mosaic Disease (CMD)
2195305103.jpg,1,Cassava Brown Streak Disease (CBSD)
2479637031.jpg,3,Cassava Mosaic Disease (CMD)
684911390.jpg,2,Cassava Green Mottle (CGM)
3178480050.jpg,3,Cassava Mosaic Disease (CMD)
3770952591.jpg,1,Cassava Brown Streak Disease (CBSD)
2399292310.jpg,3,Cassava Mosaic Disease (CMD)
3682818502.jpg,3,Cassava Mosaic Disease (CMD)
692398741.jpg,4,Healthy
3027608054.jpg,4,Healthy
4083589127.jpg,3,Cassava Mosaic Disease (CMD)
2643210568.jpg,3,Cassava Mosaic Disease (CMD)
979858694.jpg,3,Cassava Mosaic Disease (CMD)
3302061437.jpg,3,Cassava Mosaic Disease (CMD)
238671270.jpg,2,Cassava Green Mottle (CGM)
3614778275.jpg,0,Cassava Bacterial Blight (CBB)
3199643560.jpg,1,Cassava Brown Streak Disease (CBSD)
2775876940.jpg,3,Cassava Mosaic Disease (CMD)
4255100884.jpg,3,Cassava Mosaic Disease (CMD)
440064041.jpg,3,Cassava Mosaic Disease (CMD)
2055902363.jpg,3,Cassava Mosaic Disease (CMD)
462192848.jpg,3,Cassava Mosaic Disease (CMD)
4043211245.jpg,3,Cassava Mosaic Disease (CMD)
4248150807.jpg,3,Cassava Mosaic Disease (CMD)
190054871.jpg,3,Cassava Mosaic Disease (CMD)
2576834545.jpg,3,Cassava Mosaic Disease (CMD)
2568890447.jpg,4,Healthy
3414712004.jpg,3,Cassava Mosaic Disease (CMD)
2729880246.jpg,3,Cassava Mosaic Disease (CMD)
1926346428.jpg,3,Cassava Mosaic Disease (CMD)
2569014064.jpg,1,Cassava Brown Streak Disease (CBSD)
1682790213.jpg,1,Cassava Brown Streak Disease (CBSD)
2277619835.jpg,3,Cassava Mosaic Disease (CMD)
2795015114.jpg,0,Cassava Bacterial Blight (CBB)
3938319761.jpg,3,Cassava Mosaic Disease (CMD)
2684339934.jpg,4,Healthy
4281504647.jpg,3,Cassava Mosaic Disease (CMD)
403440184.jpg,3,Cassava Mosaic Disease (CMD)
616740640.jpg,4,Healthy
2807173695.jpg,1,Cassava Brown Streak Disease (CBSD)
391853550.jpg,3,Cassava Mosaic Disease (CMD)
3937616933.jpg,3,Cassava Mosaic Disease (CMD)
3286502189.jpg,3,Cassava Mosaic Disease (CMD)
183428396.jpg,0,Cassava Bacterial Blight (CBB)
4275645735.jpg,3,Cassava Mosaic Disease (CMD)
498277992.jpg,3,Cassava Mosaic Disease (CMD)
664943933.jpg,4,Healthy
4172444687.jpg,3,Cassava Mosaic Disease (CMD)
3214130849.jpg,4,Healthy
2605464541.jpg,1,Cassava Brown Streak Disease (CBSD)
2046239409.jpg,0,Cassava Bacterial Blight (CBB)
3933504809.jpg,3,Cassava Mosaic Disease (CMD)
3486448713.jpg,2,Cassava Green Mottle (CGM)
3678880730.jpg,3,Cassava Mosaic Disease (CMD)
3533375796.jpg,4,Healthy
2276988154.jpg,3,Cassava Mosaic Disease (CMD)
839709957.jpg,3,Cassava Mosaic Disease (CMD)
3704493951.jpg,3,Cassava Mosaic Disease (CMD)
2467729031.jpg,1,Cassava Brown Streak Disease (CBSD)
391446086.jpg,3,Cassava Mosaic Disease (CMD)
4086892324.jpg,3,Cassava Mosaic Disease (CMD)
3516555909.jpg,3,Cassava Mosaic Disease (CMD)
742038371.jpg,3,Cassava Mosaic Disease (CMD)
1700324452.jpg,0,Cassava Bacterial Blight (CBB)
475084135.jpg,3,Cassava Mosaic Disease (CMD)
2394265981.jpg,3,Cassava Mosaic Disease (CMD)
1678311318.jpg,0,Cassava Bacterial Blight (CBB)
632357010.jpg,3,Cassava Mosaic Disease (CMD)
2396551353.jpg,3,Cassava Mosaic Disease (CMD)
723805565.jpg,3,Cassava Mosaic Disease (CMD)
191073475.jpg,4,Healthy
2768330452.jpg,3,Cassava Mosaic Disease (CMD)
1897759599.jpg,3,Cassava Mosaic Disease (CMD)
3738414390.jpg,2,Cassava Green Mottle (CGM)
1645132898.jpg,1,Cassava Brown Streak Disease (CBSD)
259632264.jpg,3,Cassava Mosaic Disease (CMD)
2745720901.jpg,2,Cassava Green Mottle (CGM)
3593372059.jpg,3,Cassava Mosaic Disease (CMD)
404066691.jpg,3,Cassava Mosaic Disease (CMD)
3312736716.jpg,1,Cassava Brown Streak Disease (CBSD)
3350687852.jpg,3,Cassava Mosaic Disease (CMD)
3489269748.jpg,3,Cassava Mosaic Disease (CMD)
910008110.jpg,0,Cassava Bacterial Blight (CBB)
3643332812.jpg,3,Cassava Mosaic Disease (CMD)
4032903735.jpg,4,Healthy
286905870.jpg,3,Cassava Mosaic Disease (CMD)
3792671862.jpg,2,Cassava Green Mottle (CGM)
2069885945.jpg,3,Cassava Mosaic Disease (CMD)
4050218395.jpg,2,Cassava Green Mottle (CGM)
2056154613.jpg,3,Cassava Mosaic Disease (CMD)
2243188511.jpg,4,Healthy
1880094167.jpg,3,Cassava Mosaic Disease (CMD)
2269122583.jpg,3,Cassava Mosaic Disease (CMD)
3397166306.jpg,3,Cassava Mosaic Disease (CMD)
4147446952.jpg,3,Cassava Mosaic Disease (CMD)
3822534983.jpg,2,Cassava Green Mottle (CGM)
3199571684.jpg,1,Cassava Brown Streak Disease (CBSD)
1856952172.jpg,3,Cassava Mosaic Disease (CMD)
2361399280.jpg,1,Cassava Brown Streak Disease (CBSD)
2927441076.jpg,2,Cassava Green Mottle (CGM)
1651258605.jpg,3,Cassava Mosaic Disease (CMD)
3074708893.jpg,3,Cassava Mosaic Disease (CMD)
2739645903.jpg,3,Cassava Mosaic Disease (CMD)
1660551148.jpg,3,Cassava Mosaic Disease (CMD)
654782602.jpg,3,Cassava Mosaic Disease (CMD)
2733426429.jpg,3,Cassava Mosaic Disease (CMD)
2647070246.jpg,2,Cassava Green Mottle (CGM)
3438580244.jpg,3,Cassava Mosaic Disease (CMD)
1951398073.jpg,3,Cassava Mosaic Disease (CMD)
2315755156.jpg,3,Cassava Mosaic Disease (CMD)
1884580980.jpg,3,Cassava Mosaic Disease (CMD)
3047665568.jpg,3,Cassava Mosaic Disease (CMD)
881681381.jpg,2,Cassava Green Mottle (CGM)
2670866885.jpg,4,Healthy
3451069987.jpg,3,Cassava Mosaic Disease (CMD)
3078295332.jpg,2,Cassava Green Mottle (CGM)
2269945499.jpg,4,Healthy
3233899125.jpg,2,Cassava Green Mottle (CGM)
3581889839.jpg,3,Cassava Mosaic Disease (CMD)
3945098769.jpg,3,Cassava Mosaic Disease (CMD)
3329397596.jpg,3,Cassava Mosaic Disease (CMD)
1648069139.jpg,3,Cassava Mosaic Disease (CMD)
3307925077.jpg,3,Cassava Mosaic Disease (CMD)
3939103661.jpg,3,Cassava Mosaic Disease (CMD)
3073020157.jpg,3,Cassava Mosaic Disease (CMD)
664137344.jpg,3,Cassava Mosaic Disease (CMD)
834357600.jpg,3,Cassava Mosaic Disease (CMD)
2420155163.jpg,3,Cassava Mosaic Disease (CMD)
2754537497.jpg,2,Cassava Green Mottle (CGM)
4171404904.jpg,3,Cassava Mosaic Disease (CMD)
2387502649.jpg,4,Healthy
837916123.jpg,3,Cassava Mosaic Disease (CMD)
1848686439.jpg,1,Cassava Brown Streak Disease (CBSD)
1989543996.jpg,2,Cassava Green Mottle (CGM)
3847675023.jpg,4,Healthy
483058921.jpg,3,Cassava Mosaic Disease (CMD)
4287033165.jpg,3,Cassava Mosaic Disease (CMD)
4274006379.jpg,3,Cassava Mosaic Disease (CMD)
22205792.jpg,3,Cassava Mosaic Disease (CMD)
2663345474.jpg,3,Cassava Mosaic Disease (CMD)
3754516672.jpg,4,Healthy
255325120.jpg,3,Cassava Mosaic Disease (CMD)
2907186124.jpg,4,Healthy
2297944103.jpg,3,Cassava Mosaic Disease (CMD)
3386258598.jpg,3,Cassava Mosaic Disease (CMD)
3907605648.jpg,1,Cassava Brown Streak Disease (CBSD)
721232616.jpg,3,Cassava Mosaic Disease (CMD)
4225572023.jpg,3,Cassava Mosaic Disease (CMD)
570889595.jpg,1,Cassava Brown Streak Disease (CBSD)
2576527162.jpg,3,Cassava Mosaic Disease (CMD)
1885500567.jpg,3,Cassava Mosaic Disease (CMD)
266070647.jpg,3,Cassava Mosaic Disease (CMD)
918534391.jpg,0,Cassava Bacterial Blight (CBB)
800593866.jpg,3,Cassava Mosaic Disease (CMD)
504065374.jpg,3,Cassava Mosaic Disease (CMD)
3011145936.jpg,4,Healthy
4241697639.jpg,2,Cassava Green Mottle (CGM)
3442222586.jpg,2,Cassava Green Mottle (CGM)
56135051.jpg,4,Healthy
1773757795.jpg,3,Cassava Mosaic Disease (CMD)
394362390.jpg,3,Cassava Mosaic Disease (CMD)
702998173.jpg,4,Healthy
3641985438.jpg,2,Cassava Green Mottle (CGM)
1969528266.jpg,3,Cassava Mosaic Disease (CMD)
3888500547.jpg,3,Cassava Mosaic Disease (CMD)
2751510981.jpg,3,Cassava Mosaic Disease (CMD)
3443846811.jpg,0,Cassava Bacterial Blight (CBB)
325202356.jpg,1,Cassava Brown Streak Disease (CBSD)
385812035.jpg,1,Cassava Brown Streak Disease (CBSD)
4052560823.jpg,1,Cassava Brown Streak Disease (CBSD)
3003871889.jpg,1,Cassava Brown Streak Disease (CBSD)
658395701.jpg,4,Healthy
2495838121.jpg,3,Cassava Mosaic Disease (CMD)
679977941.jpg,3,Cassava Mosaic Disease (CMD)
2745537862.jpg,1,Cassava Brown Streak Disease (CBSD)
2546103694.jpg,3,Cassava Mosaic Disease (CMD)
632197705.jpg,1,Cassava Brown Streak Disease (CBSD)
291069106.jpg,2,Cassava Green Mottle (CGM)
3238638493.jpg,3,Cassava Mosaic Disease (CMD)
3682980457.jpg,4,Healthy
2381876074.jpg,3,Cassava Mosaic Disease (CMD)
4220602838.jpg,4,Healthy
742278677.jpg,3,Cassava Mosaic Disease (CMD)
2818118354.jpg,3,Cassava Mosaic Disease (CMD)
2933075952.jpg,2,Cassava Green Mottle (CGM)
2215306088.jpg,3,Cassava Mosaic Disease (CMD)
2674468156.jpg,3,Cassava Mosaic Disease (CMD)
209078533.jpg,4,Healthy
1899653723.jpg,3,Cassava Mosaic Disease (CMD)
2215913583.jpg,3,Cassava Mosaic Disease (CMD)
2995810956.jpg,2,Cassava Green Mottle (CGM)
3337773185.jpg,3,Cassava Mosaic Disease (CMD)
3346966351.jpg,1,Cassava Brown Streak Disease (CBSD)
2537564827.jpg,3,Cassava Mosaic Disease (CMD)
3057628143.jpg,3,Cassava Mosaic Disease (CMD)
3232581663.jpg,1,Cassava Brown Streak Disease (CBSD)
87567596.jpg,3,Cassava Mosaic Disease (CMD)
2554046191.jpg,3,Cassava Mosaic Disease (CMD)
4012105605.jpg,4,Healthy
750488061.jpg,2,Cassava Green Mottle (CGM)
4022000067.jpg,3,Cassava Mosaic Disease (CMD)
3818065051.jpg,3,Cassava Mosaic Disease (CMD)
3695423491.jpg,3,Cassava Mosaic Disease (CMD)
3246462405.jpg,3,Cassava Mosaic Disease (CMD)
2428265097.jpg,3,Cassava Mosaic Disease (CMD)
508104541.jpg,4,Healthy
2384287650.jpg,3,Cassava Mosaic Disease (CMD)
431411749.jpg,1,Cassava Brown Streak Disease (CBSD)
255912083.jpg,3,Cassava Mosaic Disease (CMD)
947208202.jpg,3,Cassava Mosaic Disease (CMD)
3394465312.jpg,3,Cassava Mosaic Disease (CMD)
3541514279.jpg,3,Cassava Mosaic Disease (CMD)
3561069837.jpg,3,Cassava Mosaic Disease (CMD)
3599676329.jpg,3,Cassava Mosaic Disease (CMD)
3595436298.jpg,3,Cassava Mosaic Disease (CMD)
3899993787.jpg,2,Cassava Green Mottle (CGM)
1610546537.jpg,3,Cassava Mosaic Disease (CMD)
4183077936.jpg,3,Cassava Mosaic Disease (CMD)
2093749635.jpg,3,Cassava Mosaic Disease (CMD)
389266721.jpg,3,Cassava Mosaic Disease (CMD)
1943999614.jpg,3,Cassava Mosaic Disease (CMD)
3066358894.jpg,3,Cassava Mosaic Disease (CMD)
4235208276.jpg,1,Cassava Brown Streak Disease (CBSD)
2652914186.jpg,3,Cassava Mosaic Disease (CMD)
2792655126.jpg,2,Cassava Green Mottle (CGM)
1712337902.jpg,3,Cassava Mosaic Disease (CMD)
360723691.jpg,3,Cassava Mosaic Disease (CMD)
369948630.jpg,4,Healthy
3413647138.jpg,3,Cassava Mosaic Disease (CMD)
2215510200.jpg,3,Cassava Mosaic Disease (CMD)
1637819435.jpg,4,Healthy
1815147513.jpg,0,Cassava Bacterial Blight (CBB)
2115357575.jpg,3,Cassava Mosaic Disease (CMD)
3896038163.jpg,3,Cassava Mosaic Disease (CMD)
3689510990.jpg,3,Cassava Mosaic Disease (CMD)
3320071514.jpg,2,Cassava Green Mottle (CGM)
3015820348.jpg,3,Cassava Mosaic Disease (CMD)
3163012106.jpg,0,Cassava Bacterial Blight (CBB)
348828969.jpg,3,Cassava Mosaic Disease (CMD)
3124268415.jpg,3,Cassava Mosaic Disease (CMD)
3523363514.jpg,3,Cassava Mosaic Disease (CMD)
2640638520.jpg,4,Healthy
2831467808.jpg,3,Cassava Mosaic Disease (CMD)
2348415590.jpg,3,Cassava Mosaic Disease (CMD)
2015518840.jpg,3,Cassava Mosaic Disease (CMD)
3552298032.jpg,3,Cassava Mosaic Disease (CMD)
1812322752.jpg,3,Cassava Mosaic Disease (CMD)
628546721.jpg,3,Cassava Mosaic Disease (CMD)
2940017595.jpg,3,Cassava Mosaic Disease (CMD)
2849259424.jpg,3,Cassava Mosaic Disease (CMD)
3789578006.jpg,3,Cassava Mosaic Disease (CMD)
2754612395.jpg,3,Cassava Mosaic Disease (CMD)
570526420.jpg,2,Cassava Green Mottle (CGM)
325653540.jpg,3,Cassava Mosaic Disease (CMD)
2400257593.jpg,4,Healthy
3471472230.jpg,3,Cassava Mosaic Disease (CMD)
2573889485.jpg,3,Cassava Mosaic Disease (CMD)
593295166.jpg,3,Cassava Mosaic Disease (CMD)
190222599.jpg,2,Cassava Green Mottle (CGM)
2762202767.jpg,3,Cassava Mosaic Disease (CMD)
3439578627.jpg,3,Cassava Mosaic Disease (CMD)
1896023808.jpg,3,Cassava Mosaic Disease (CMD)
921927890.jpg,3,Cassava Mosaic Disease (CMD)
2958446025.jpg,3,Cassava Mosaic Disease (CMD)
1630994190.jpg,3,Cassava Mosaic Disease (CMD)
3646738568.jpg,4,Healthy
2495248330.jpg,4,Healthy
3465652063.jpg,4,Healthy
657031133.jpg,0,Cassava Bacterial Blight (CBB)
190439528.jpg,3,Cassava Mosaic Disease (CMD)
3596960807.jpg,2,Cassava Green Mottle (CGM)
3834284991.jpg,3,Cassava Mosaic Disease (CMD)
1781695127.jpg,3,Cassava Mosaic Disease (CMD)
1777247659.jpg,3,Cassava Mosaic Disease (CMD)
763303438.jpg,3,Cassava Mosaic Disease (CMD)
380717717.jpg,3,Cassava Mosaic Disease (CMD)
3836713133.jpg,1,Cassava Brown Streak Disease (CBSD)
1752152470.jpg,1,Cassava Brown Streak Disease (CBSD)
2487571840.jpg,3,Cassava Mosaic Disease (CMD)
3513806994.jpg,3,Cassava Mosaic Disease (CMD)
3749029519.jpg,3,Cassava Mosaic Disease (CMD)
2344308543.jpg,3,Cassava Mosaic Disease (CMD)
3196317040.jpg,3,Cassava Mosaic Disease (CMD)
3193577634.jpg,1,Cassava Brown Streak Disease (CBSD)
2026260632.jpg,4,Healthy
722155866.jpg,3,Cassava Mosaic Disease (CMD)
2090870733.jpg,4,Healthy
745226266.jpg,1,Cassava Brown Streak Disease (CBSD)
3251222806.jpg,4,Healthy
720076710.jpg,3,Cassava Mosaic Disease (CMD)
3973772550.jpg,1,Cassava Brown Streak Disease (CBSD)
3311389928.jpg,2,Cassava Green Mottle (CGM)
3662748819.jpg,3,Cassava Mosaic Disease (CMD)
1690716668.jpg,3,Cassava Mosaic Disease (CMD)
78347787.jpg,2,Cassava Green Mottle (CGM)
915371714.jpg,3,Cassava Mosaic Disease (CMD)
2875237501.jpg,3,Cassava Mosaic Disease (CMD)
221132537.jpg,3,Cassava Mosaic Disease (CMD)
3847725320.jpg,2,Cassava Green Mottle (CGM)
3371705834.jpg,3,Cassava Mosaic Disease (CMD)
3471618012.jpg,3,Cassava Mosaic Disease (CMD)
1779379813.jpg,3,Cassava Mosaic Disease (CMD)
2462319978.jpg,0,Cassava Bacterial Blight (CBB)
4122820167.jpg,2,Cassava Green Mottle (CGM)
4177958446.jpg,4,Healthy
4135122260.jpg,3,Cassava Mosaic Disease (CMD)
732531942.jpg,3,Cassava Mosaic Disease (CMD)
301667071.jpg,3,Cassava Mosaic Disease (CMD)
733232478.jpg,3,Cassava Mosaic Disease (CMD)
2602035083.jpg,4,Healthy
3204522737.jpg,1,Cassava Brown Streak Disease (CBSD)
2991346428.jpg,2,Cassava Green Mottle (CGM)
904850856.jpg,3,Cassava Mosaic Disease (CMD)
1731777849.jpg,3,Cassava Mosaic Disease (CMD)
1991094852.jpg,4,Healthy
3512092684.jpg,4,Healthy
3643168529.jpg,3,Cassava Mosaic Disease (CMD)
3003794753.jpg,3,Cassava Mosaic Disease (CMD)
276208116.jpg,3,Cassava Mosaic Disease (CMD)
618816554.jpg,3,Cassava Mosaic Disease (CMD)
2578969213.jpg,3,Cassava Mosaic Disease (CMD)
2316157970.jpg,3,Cassava Mosaic Disease (CMD)
3962830486.jpg,3,Cassava Mosaic Disease (CMD)
3005393810.jpg,3,Cassava Mosaic Disease (CMD)
2957271805.jpg,3,Cassava Mosaic Disease (CMD)
1807740232.jpg,1,Cassava Brown Streak Disease (CBSD)
225631259.jpg,3,Cassava Mosaic Disease (CMD)
2138790395.jpg,4,Healthy
3723127234.jpg,3,Cassava Mosaic Disease (CMD)
1964012353.jpg,1,Cassava Brown Streak Disease (CBSD)
3375224217.jpg,3,Cassava Mosaic Disease (CMD)
721201325.jpg,2,Cassava Green Mottle (CGM)
1688388949.jpg,3,Cassava Mosaic Disease (CMD)
1898762161.jpg,2,Cassava Green Mottle (CGM)
3494097307.jpg,3,Cassava Mosaic Disease (CMD)
61074408.jpg,4,Healthy
2679988285.jpg,4,Healthy
2431460222.jpg,3,Cassava Mosaic Disease (CMD)
201171062.jpg,3,Cassava Mosaic Disease (CMD)
3313004189.jpg,3,Cassava Mosaic Disease (CMD)
3567455683.jpg,3,Cassava Mosaic Disease (CMD)
3520135769.jpg,3,Cassava Mosaic Disease (CMD)
2656330377.jpg,0,Cassava Bacterial Blight (CBB)
2395724098.jpg,3,Cassava Mosaic Disease (CMD)
1957663737.jpg,0,Cassava Bacterial Blight (CBB)
2283628031.jpg,3,Cassava Mosaic Disease (CMD)
1969328625.jpg,3,Cassava Mosaic Disease (CMD)
1962408284.jpg,1,Cassava Brown Streak Disease (CBSD)
2077344457.jpg,3,Cassava Mosaic Disease (CMD)
852424690.jpg,2,Cassava Green Mottle (CGM)
2392598492.jpg,4,Healthy
390092040.jpg,3,Cassava Mosaic Disease (CMD)
2860256595.jpg,2,Cassava Green Mottle (CGM)
1596196838.jpg,1,Cassava Brown Streak Disease (CBSD)
4224453437.jpg,2,Cassava Green Mottle (CGM)
2329701808.jpg,3,Cassava Mosaic Disease (CMD)
2157011481.jpg,2,Cassava Green Mottle (CGM)
755941592.jpg,3,Cassava Mosaic Disease (CMD)
3320878508.jpg,3,Cassava Mosaic Disease (CMD)
2849149876.jpg,3,Cassava Mosaic Disease (CMD)
654671746.jpg,3,Cassava Mosaic Disease (CMD)
2753696681.jpg,3,Cassava Mosaic Disease (CMD)
4159264325.jpg,2,Cassava Green Mottle (CGM)
265181391.jpg,3,Cassava Mosaic Disease (CMD)
481202063.jpg,3,Cassava Mosaic Disease (CMD)
916237184.jpg,3,Cassava Mosaic Disease (CMD)
1962378954.jpg,3,Cassava Mosaic Disease (CMD)
1897585920.jpg,3,Cassava Mosaic Disease (CMD)
4022798796.jpg,1,Cassava Brown Streak Disease (CBSD)
171905879.jpg,3,Cassava Mosaic Disease (CMD)
4275236690.jpg,3,Cassava Mosaic Disease (CMD)
316988889.jpg,4,Healthy
2456612393.jpg,3,Cassava Mosaic Disease (CMD)
465786805.jpg,3,Cassava Mosaic Disease (CMD)
693678702.jpg,4,Healthy
1673707752.jpg,3,Cassava Mosaic Disease (CMD)
935723534.jpg,0,Cassava Bacterial Blight (CBB)
1634651167.jpg,3,Cassava Mosaic Disease (CMD)
3110035366.jpg,4,Healthy
3058906085.jpg,3,Cassava Mosaic Disease (CMD)
2768412098.jpg,4,Healthy
2990645732.jpg,3,Cassava Mosaic Disease (CMD)
1938614393.jpg,4,Healthy
2331047582.jpg,3,Cassava Mosaic Disease (CMD)
3735914838.jpg,4,Healthy
527458103.jpg,2,Cassava Green Mottle (CGM)
3917534292.jpg,4,Healthy
2919191104.jpg,1,Cassava Brown Streak Disease (CBSD)
644131683.jpg,2,Cassava Green Mottle (CGM)
713693996.jpg,2,Cassava Green Mottle (CGM)
3930678824.jpg,4,Healthy
3451340587.jpg,3,Cassava Mosaic Disease (CMD)
1803764964.jpg,3,Cassava Mosaic Disease (CMD)
3224710052.jpg,3,Cassava Mosaic Disease (CMD)
539448425.jpg,2,Cassava Green Mottle (CGM)
3535439109.jpg,2,Cassava Green Mottle (CGM)
386292765.jpg,3,Cassava Mosaic Disease (CMD)
3813083782.jpg,2,Cassava Green Mottle (CGM)
2459666631.jpg,4,Healthy
1745700317.jpg,3,Cassava Mosaic Disease (CMD)
1982042661.jpg,2,Cassava Green Mottle (CGM)
2894815812.jpg,3,Cassava Mosaic Disease (CMD)
884612746.jpg,4,Healthy
1774675464.jpg,0,Cassava Bacterial Blight (CBB)
2146650798.jpg,2,Cassava Green Mottle (CGM)
383162239.jpg,3,Cassava Mosaic Disease (CMD)
452327589.jpg,3,Cassava Mosaic Disease (CMD)
2704843914.jpg,3,Cassava Mosaic Disease (CMD)
1650399375.jpg,3,Cassava Mosaic Disease (CMD)
4266959009.jpg,4,Healthy
2149893988.jpg,3,Cassava Mosaic Disease (CMD)
4062600395.jpg,3,Cassava Mosaic Disease (CMD)
3813234374.jpg,3,Cassava Mosaic Disease (CMD)
2606703417.jpg,3,Cassava Mosaic Disease (CMD)
4191409437.jpg,3,Cassava Mosaic Disease (CMD)
901443823.jpg,1,Cassava Brown Streak Disease (CBSD)
3092157872.jpg,3,Cassava Mosaic Disease (CMD)
3034945240.jpg,3,Cassava Mosaic Disease (CMD)
4203886176.jpg,3,Cassava Mosaic Disease (CMD)
193173270.jpg,4,Healthy
3721204026.jpg,1,Cassava Brown Streak Disease (CBSD)
1772713207.jpg,0,Cassava Bacterial Blight (CBB)
2347507765.jpg,3,Cassava Mosaic Disease (CMD)
571576955.jpg,2,Cassava Green Mottle (CGM)
2968298185.jpg,3,Cassava Mosaic Disease (CMD)
2720327144.jpg,4,Healthy
4293661491.jpg,3,Cassava Mosaic Disease (CMD)
2521418198.jpg,3,Cassava Mosaic Disease (CMD)
2633056892.jpg,4,Healthy
2574540171.jpg,3,Cassava Mosaic Disease (CMD)
2681215408.jpg,1,Cassava Brown Streak Disease (CBSD)
2648790946.jpg,4,Healthy
2174425139.jpg,3,Cassava Mosaic Disease (CMD)
2718506002.jpg,3,Cassava Mosaic Disease (CMD)
4222936048.jpg,3,Cassava Mosaic Disease (CMD)
2629547729.jpg,3,Cassava Mosaic Disease (CMD)
3918869320.jpg,2,Cassava Green Mottle (CGM)
1865241097.jpg,3,Cassava Mosaic Disease (CMD)
3087051356.jpg,2,Cassava Green Mottle (CGM)
2055994639.jpg,3,Cassava Mosaic Disease (CMD)
3708517022.jpg,3,Cassava Mosaic Disease (CMD)
540248010.jpg,1,Cassava Brown Streak Disease (CBSD)
2457010245.jpg,4,Healthy
3241388791.jpg,4,Healthy
1633652647.jpg,4,Healthy
3169546743.jpg,3,Cassava Mosaic Disease (CMD)
2698929449.jpg,4,Healthy
3518898572.jpg,3,Cassava Mosaic Disease (CMD)
1744206889.jpg,4,Healthy
3480744448.jpg,3,Cassava Mosaic Disease (CMD)
261391289.jpg,2,Cassava Green Mottle (CGM)
708824087.jpg,3,Cassava Mosaic Disease (CMD)
4121566836.jpg,2,Cassava Green Mottle (CGM)
2343661462.jpg,3,Cassava Mosaic Disease (CMD)
3874993628.jpg,3,Cassava Mosaic Disease (CMD)
668811521.jpg,2,Cassava Green Mottle (CGM)
4034547314.jpg,3,Cassava Mosaic Disease (CMD)
1997187079.jpg,4,Healthy
3540055410.jpg,3,Cassava Mosaic Disease (CMD)
2682444173.jpg,2,Cassava Green Mottle (CGM)
2934683232.jpg,2,Cassava Green Mottle (CGM)
484161659.jpg,3,Cassava Mosaic Disease (CMD)
860758884.jpg,3,Cassava Mosaic Disease (CMD)
1662536797.jpg,3,Cassava Mosaic Disease (CMD)
2401953205.jpg,3,Cassava Mosaic Disease (CMD)
981211210.jpg,3,Cassava Mosaic Disease (CMD)
1955288492.jpg,3,Cassava Mosaic Disease (CMD)
2054648855.jpg,3,Cassava Mosaic Disease (CMD)
3034111444.jpg,3,Cassava Mosaic Disease (CMD)
88427493.jpg,4,Healthy
3289986496.jpg,2,Cassava Green Mottle (CGM)
169937848.jpg,3,Cassava Mosaic Disease (CMD)
3254258817.jpg,1,Cassava Brown Streak Disease (CBSD)
2082657173.jpg,3,Cassava Mosaic Disease (CMD)
2466948945.jpg,3,Cassava Mosaic Disease (CMD)
4118954331.jpg,3,Cassava Mosaic Disease (CMD)
2838867614.jpg,3,Cassava Mosaic Disease (CMD)
479659706.jpg,3,Cassava Mosaic Disease (CMD)
3368974436.jpg,3,Cassava Mosaic Disease (CMD)
2577042809.jpg,3,Cassava Mosaic Disease (CMD)
3120113567.jpg,3,Cassava Mosaic Disease (CMD)
2245188644.jpg,2,Cassava Green Mottle (CGM)
879939600.jpg,1,Cassava Brown Streak Disease (CBSD)
3715131346.jpg,3,Cassava Mosaic Disease (CMD)
986788190.jpg,3,Cassava Mosaic Disease (CMD)
546003679.jpg,3,Cassava Mosaic Disease (CMD)
3799258222.jpg,3,Cassava Mosaic Disease (CMD)
3491462483.jpg,2,Cassava Green Mottle (CGM)
3854646741.jpg,3,Cassava Mosaic Disease (CMD)
3747261251.jpg,3,Cassava Mosaic Disease (CMD)
66458318.jpg,1,Cassava Brown Streak Disease (CBSD)
807190211.jpg,3,Cassava Mosaic Disease (CMD)
3555144754.jpg,3,Cassava Mosaic Disease (CMD)
1984799311.jpg,3,Cassava Mosaic Disease (CMD)
2051128435.jpg,3,Cassava Mosaic Disease (CMD)
2532813742.jpg,2,Cassava Green Mottle (CGM)
268372107.jpg,2,Cassava Green Mottle (CGM)
31203445.jpg,3,Cassava Mosaic Disease (CMD)
3072970337.jpg,3,Cassava Mosaic Disease (CMD)
2993504206.jpg,3,Cassava Mosaic Disease (CMD)
2432250705.jpg,2,Cassava Green Mottle (CGM)
3396364831.jpg,1,Cassava Brown Streak Disease (CBSD)
588425651.jpg,3,Cassava Mosaic Disease (CMD)
2406694792.jpg,2,Cassava Green Mottle (CGM)
2509423780.jpg,3,Cassava Mosaic Disease (CMD)
2808090934.jpg,3,Cassava Mosaic Disease (CMD)
2887678125.jpg,3,Cassava Mosaic Disease (CMD)
3463523179.jpg,4,Healthy
997289539.jpg,2,Cassava Green Mottle (CGM)
4247839780.jpg,1,Cassava Brown Streak Disease (CBSD)
1703248268.jpg,2,Cassava Green Mottle (CGM)
917489819.jpg,3,Cassava Mosaic Disease (CMD)
1642673136.jpg,4,Healthy
3775318400.jpg,3,Cassava Mosaic Disease (CMD)
3850871951.jpg,3,Cassava Mosaic Disease (CMD)
3957807023.jpg,4,Healthy
73287115.jpg,3,Cassava Mosaic Disease (CMD)
2722340963.jpg,0,Cassava Bacterial Blight (CBB)
2700385487.jpg,0,Cassava Bacterial Blight (CBB)
3384250377.jpg,3,Cassava Mosaic Disease (CMD)
4030129065.jpg,3,Cassava Mosaic Disease (CMD)
3692342611.jpg,4,Healthy
2125666901.jpg,3,Cassava Mosaic Disease (CMD)
438095815.jpg,3,Cassava Mosaic Disease (CMD)
2847345267.jpg,1,Cassava Brown Streak Disease (CBSD)
2735556764.jpg,2,Cassava Green Mottle (CGM)
2719462467.jpg,3,Cassava Mosaic Disease (CMD)
1938616867.jpg,1,Cassava Brown Streak Disease (CBSD)
2479115666.jpg,2,Cassava Green Mottle (CGM)
2268242314.jpg,3,Cassava Mosaic Disease (CMD)
3198640904.jpg,4,Healthy
2469928769.jpg,2,Cassava Green Mottle (CGM)
422632532.jpg,3,Cassava Mosaic Disease (CMD)
3889376143.jpg,0,Cassava Bacterial Blight (CBB)
3421134001.jpg,3,Cassava Mosaic Disease (CMD)
1870345628.jpg,1,Cassava Brown Streak Disease (CBSD)
472536044.jpg,3,Cassava Mosaic Disease (CMD)
1791690921.jpg,3,Cassava Mosaic Disease (CMD)
1960012199.jpg,4,Healthy
3015759657.jpg,3,Cassava Mosaic Disease (CMD)
3185542576.jpg,3,Cassava Mosaic Disease (CMD)
1640734047.jpg,3,Cassava Mosaic Disease (CMD)
3953648207.jpg,1,Cassava Brown Streak Disease (CBSD)
2318653879.jpg,3,Cassava Mosaic Disease (CMD)
43958226.jpg,3,Cassava Mosaic Disease (CMD)
395852128.jpg,3,Cassava Mosaic Disease (CMD)
3937113276.jpg,3,Cassava Mosaic Disease (CMD)
483725147.jpg,1,Cassava Brown Streak Disease (CBSD)
315067949.jpg,3,Cassava Mosaic Disease (CMD)
4152070738.jpg,1,Cassava Brown Streak Disease (CBSD)
3005349526.jpg,3,Cassava Mosaic Disease (CMD)
3883234198.jpg,3,Cassava Mosaic Disease (CMD)
2805684148.jpg,4,Healthy
4276789803.jpg,3,Cassava Mosaic Disease (CMD)
2190645721.jpg,3,Cassava Mosaic Disease (CMD)
2869128816.jpg,1,Cassava Brown Streak Disease (CBSD)
3826670209.jpg,0,Cassava Bacterial Blight (CBB)
2862573284.jpg,4,Healthy
979089486.jpg,3,Cassava Mosaic Disease (CMD)
2145007717.jpg,3,Cassava Mosaic Disease (CMD)
3184782789.jpg,3,Cassava Mosaic Disease (CMD)
2510072136.jpg,4,Healthy
4062287710.jpg,2,Cassava Green Mottle (CGM)
3092276386.jpg,4,Healthy
314571424.jpg,1,Cassava Brown Streak Disease (CBSD)
2492326424.jpg,3,Cassava Mosaic Disease (CMD)
2260521441.jpg,2,Cassava Green Mottle (CGM)
4204628073.jpg,3,Cassava Mosaic Disease (CMD)
4020462779.jpg,1,Cassava Brown Streak Disease (CBSD)
1978440967.jpg,1,Cassava Brown Streak Disease (CBSD)
1891543377.jpg,3,Cassava Mosaic Disease (CMD)
2325593465.jpg,4,Healthy
3987321075.jpg,3,Cassava Mosaic Disease (CMD)
79165028.jpg,3,Cassava Mosaic Disease (CMD)
3039362651.jpg,3,Cassava Mosaic Disease (CMD)
2320107173.jpg,1,Cassava Brown Streak Disease (CBSD)
2275525608.jpg,3,Cassava Mosaic Disease (CMD)
867622395.jpg,3,Cassava Mosaic Disease (CMD)
162740748.jpg,1,Cassava Brown Streak Disease (CBSD)
2129027415.jpg,3,Cassava Mosaic Disease (CMD)
574000840.jpg,3,Cassava Mosaic Disease (CMD)
3753049842.jpg,3,Cassava Mosaic Disease (CMD)
3856238751.jpg,3,Cassava Mosaic Disease (CMD)
2424770024.jpg,4,Healthy
2363843369.jpg,3,Cassava Mosaic Disease (CMD)
2068782839.jpg,4,Healthy
1650282539.jpg,3,Cassava Mosaic Disease (CMD)
3863066565.jpg,1,Cassava Brown Streak Disease (CBSD)
2354424014.jpg,0,Cassava Bacterial Blight (CBB)
634785695.jpg,2,Cassava Green Mottle (CGM)
4084600785.jpg,4,Healthy
3994140306.jpg,3,Cassava Mosaic Disease (CMD)
3056926498.jpg,3,Cassava Mosaic Disease (CMD)
1778075552.jpg,3,Cassava Mosaic Disease (CMD)
2749319574.jpg,3,Cassava Mosaic Disease (CMD)
3542508952.jpg,3,Cassava Mosaic Disease (CMD)
2460357175.jpg,4,Healthy
58390189.jpg,3,Cassava Mosaic Disease (CMD)
2360968333.jpg,3,Cassava Mosaic Disease (CMD)
3313590869.jpg,3,Cassava Mosaic Disease (CMD)
75951556.jpg,4,Healthy
3635870628.jpg,3,Cassava Mosaic Disease (CMD)
2360494692.jpg,3,Cassava Mosaic Disease (CMD)
1667044637.jpg,3,Cassava Mosaic Disease (CMD)
3153576807.jpg,3,Cassava Mosaic Disease (CMD)
215392148.jpg,3,Cassava Mosaic Disease (CMD)
3708475076.jpg,1,Cassava Brown Streak Disease (CBSD)
415127331.jpg,4,Healthy
3724194878.jpg,0,Cassava Bacterial Blight (CBB)
2190536713.jpg,3,Cassava Mosaic Disease (CMD)
876612201.jpg,3,Cassava Mosaic Disease (CMD)
397896685.jpg,1,Cassava Brown Streak Disease (CBSD)
2594655853.jpg,3,Cassava Mosaic Disease (CMD)
215124252.jpg,3,Cassava Mosaic Disease (CMD)
3852914374.jpg,3,Cassava Mosaic Disease (CMD)
4146567066.jpg,3,Cassava Mosaic Disease (CMD)
437931902.jpg,3,Cassava Mosaic Disease (CMD)
2460761267.jpg,2,Cassava Green Mottle (CGM)
913480541.jpg,3,Cassava Mosaic Disease (CMD)
3151955638.jpg,2,Cassava Green Mottle (CGM)
3848622850.jpg,3,Cassava Mosaic Disease (CMD)
2946227885.jpg,1,Cassava Brown Streak Disease (CBSD)
1882389951.jpg,3,Cassava Mosaic Disease (CMD)
2525439340.jpg,3,Cassava Mosaic Disease (CMD)
3198558728.jpg,3,Cassava Mosaic Disease (CMD)
2611064559.jpg,3,Cassava Mosaic Disease (CMD)
2963992866.jpg,3,Cassava Mosaic Disease (CMD)
3946275432.jpg,3,Cassava Mosaic Disease (CMD)
3808267926.jpg,3,Cassava Mosaic Disease (CMD)
74966012.jpg,3,Cassava Mosaic Disease (CMD)
4287369745.jpg,3,Cassava Mosaic Disease (CMD)
240327444.jpg,3,Cassava Mosaic Disease (CMD)
284130814.jpg,4,Healthy
709285563.jpg,3,Cassava Mosaic Disease (CMD)
1774341872.jpg,4,Healthy
1870630420.jpg,4,Healthy
2566043775.jpg,3,Cassava Mosaic Disease (CMD)
430094135.jpg,2,Cassava Green Mottle (CGM)
2360219918.jpg,1,Cassava Brown Streak Disease (CBSD)
2104395531.jpg,3,Cassava Mosaic Disease (CMD)
3824226603.jpg,3,Cassava Mosaic Disease (CMD)
2839218699.jpg,1,Cassava Brown Streak Disease (CBSD)
2818034584.jpg,3,Cassava Mosaic Disease (CMD)
2097527991.jpg,3,Cassava Mosaic Disease (CMD)
3102842348.jpg,3,Cassava Mosaic Disease (CMD)
7145099.jpg,3,Cassava Mosaic Disease (CMD)
3514874274.jpg,3,Cassava Mosaic Disease (CMD)
3158652079.jpg,4,Healthy
4283270414.jpg,4,Healthy
1858241102.jpg,3,Cassava Mosaic Disease (CMD)
2252976900.jpg,3,Cassava Mosaic Disease (CMD)
904785196.jpg,3,Cassava Mosaic Disease (CMD)
2750125893.jpg,3,Cassava Mosaic Disease (CMD)
1880302534.jpg,3,Cassava Mosaic Disease (CMD)
356788255.jpg,3,Cassava Mosaic Disease (CMD)
2165624122.jpg,3,Cassava Mosaic Disease (CMD)
2160006188.jpg,3,Cassava Mosaic Disease (CMD)
4271000778.jpg,3,Cassava Mosaic Disease (CMD)
1893906773.jpg,0,Cassava Bacterial Blight (CBB)
2224284163.jpg,3,Cassava Mosaic Disease (CMD)
2451596981.jpg,3,Cassava Mosaic Disease (CMD)
4206993197.jpg,4,Healthy
3957819631.jpg,1,Cassava Brown Streak Disease (CBSD)
2580905248.jpg,3,Cassava Mosaic Disease (CMD)
3547635948.jpg,3,Cassava Mosaic Disease (CMD)
2624991206.jpg,1,Cassava Brown Streak Disease (CBSD)
2834820650.jpg,2,Cassava Green Mottle (CGM)
654346166.jpg,3,Cassava Mosaic Disease (CMD)
2343776715.jpg,0,Cassava Bacterial Blight (CBB)
4010133596.jpg,3,Cassava Mosaic Disease (CMD)
2696226006.jpg,0,Cassava Bacterial Blight (CBB)
3345887379.jpg,4,Healthy
2182767747.jpg,3,Cassava Mosaic Disease (CMD)
3512220415.jpg,3,Cassava Mosaic Disease (CMD)
445321069.jpg,1,Cassava Brown Streak Disease (CBSD)
703310122.jpg,3,Cassava Mosaic Disease (CMD)
1674288573.jpg,0,Cassava Bacterial Blight (CBB)
2717138442.jpg,0,Cassava Bacterial Blight (CBB)
2015754935.jpg,2,Cassava Green Mottle (CGM)
3471257556.jpg,3,Cassava Mosaic Disease (CMD)
680272982.jpg,3,Cassava Mosaic Disease (CMD)
3092422999.jpg,0,Cassava Bacterial Blight (CBB)
3441281524.jpg,3,Cassava Mosaic Disease (CMD)
2784153881.jpg,3,Cassava Mosaic Disease (CMD)
718957379.jpg,0,Cassava Bacterial Blight (CBB)
672772302.jpg,3,Cassava Mosaic Disease (CMD)
3982901070.jpg,0,Cassava Bacterial Blight (CBB)
704856896.jpg,3,Cassava Mosaic Disease (CMD)
229033895.jpg,3,Cassava Mosaic Disease (CMD)
3180112687.jpg,2,Cassava Green Mottle (CGM)
1964845483.jpg,3,Cassava Mosaic Disease (CMD)
2002906625.jpg,2,Cassava Green Mottle (CGM)
2975448123.jpg,3,Cassava Mosaic Disease (CMD)
1869166281.jpg,2,Cassava Green Mottle (CGM)
4137790344.jpg,2,Cassava Green Mottle (CGM)
1977466275.jpg,4,Healthy
4206947168.jpg,3,Cassava Mosaic Disease (CMD)
2849258788.jpg,1,Cassava Brown Streak Disease (CBSD)
3385144102.jpg,3,Cassava Mosaic Disease (CMD)
269549632.jpg,3,Cassava Mosaic Disease (CMD)
4165205071.jpg,3,Cassava Mosaic Disease (CMD)
361834940.jpg,4,Healthy
3743787715.jpg,3,Cassava Mosaic Disease (CMD)
2241795551.jpg,3,Cassava Mosaic Disease (CMD)
4106720331.jpg,3,Cassava Mosaic Disease (CMD)
4221104214.jpg,1,Cassava Brown Streak Disease (CBSD)
2830260577.jpg,3,Cassava Mosaic Disease (CMD)
759526675.jpg,3,Cassava Mosaic Disease (CMD)
2099609248.jpg,3,Cassava Mosaic Disease (CMD)
192970946.jpg,3,Cassava Mosaic Disease (CMD)
921830074.jpg,3,Cassava Mosaic Disease (CMD)
3619673783.jpg,3,Cassava Mosaic Disease (CMD)
3556505634.jpg,3,Cassava Mosaic Disease (CMD)
3381835844.jpg,3,Cassava Mosaic Disease (CMD)
2646803591.jpg,3,Cassava Mosaic Disease (CMD)
3564557522.jpg,3,Cassava Mosaic Disease (CMD)
177187875.jpg,3,Cassava Mosaic Disease (CMD)
320516441.jpg,3,Cassava Mosaic Disease (CMD)
503851333.jpg,3,Cassava Mosaic Disease (CMD)
2469042069.jpg,3,Cassava Mosaic Disease (CMD)
3562133791.jpg,2,Cassava Green Mottle (CGM)
2839716673.jpg,3,Cassava Mosaic Disease (CMD)
3197107417.jpg,3,Cassava Mosaic Disease (CMD)
1821678460.jpg,3,Cassava Mosaic Disease (CMD)
4103177818.jpg,3,Cassava Mosaic Disease (CMD)
1930224271.jpg,3,Cassava Mosaic Disease (CMD)
2168664351.jpg,0,Cassava Bacterial Blight (CBB)
4105402505.jpg,3,Cassava Mosaic Disease (CMD)
2710925690.jpg,4,Healthy
1840620834.jpg,1,Cassava Brown Streak Disease (CBSD)
4022980210.jpg,3,Cassava Mosaic Disease (CMD)
3121650920.jpg,3,Cassava Mosaic Disease (CMD)
2218724799.jpg,3,Cassava Mosaic Disease (CMD)
3341146922.jpg,3,Cassava Mosaic Disease (CMD)
3979130498.jpg,0,Cassava Bacterial Blight (CBB)
469245584.jpg,2,Cassava Green Mottle (CGM)
3178427125.jpg,1,Cassava Brown Streak Disease (CBSD)
967831491.jpg,3,Cassava Mosaic Disease (CMD)
2820517088.jpg,3,Cassava Mosaic Disease (CMD)
2317789476.jpg,3,Cassava Mosaic Disease (CMD)
3129711304.jpg,2,Cassava Green Mottle (CGM)
2438948667.jpg,3,Cassava Mosaic Disease (CMD)
2386556017.jpg,4,Healthy
2033750577.jpg,3,Cassava Mosaic Disease (CMD)
3072969674.jpg,3,Cassava Mosaic Disease (CMD)
499130995.jpg,3,Cassava Mosaic Disease (CMD)
2271731125.jpg,3,Cassava Mosaic Disease (CMD)
24521071.jpg,3,Cassava Mosaic Disease (CMD)
1834855126.jpg,2,Cassava Green Mottle (CGM)
2177675284.jpg,0,Cassava Bacterial Blight (CBB)
3268342184.jpg,3,Cassava Mosaic Disease (CMD)
2828723686.jpg,2,Cassava Green Mottle (CGM)
2711035011.jpg,1,Cassava Brown Streak Disease (CBSD)
2061601006.jpg,4,Healthy
1858613258.jpg,3,Cassava Mosaic Disease (CMD)
2331763363.jpg,3,Cassava Mosaic Disease (CMD)
3222825564.jpg,3,Cassava Mosaic Disease (CMD)
2375040666.jpg,2,Cassava Green Mottle (CGM)
2757539730.jpg,3,Cassava Mosaic Disease (CMD)
1606690131.jpg,3,Cassava Mosaic Disease (CMD)
3143832551.jpg,0,Cassava Bacterial Blight (CBB)
2926436715.jpg,3,Cassava Mosaic Disease (CMD)
562228915.jpg,3,Cassava Mosaic Disease (CMD)
60495599.jpg,3,Cassava Mosaic Disease (CMD)
2237375719.jpg,4,Healthy
9312065.jpg,3,Cassava Mosaic Disease (CMD)
3315008356.jpg,3,Cassava Mosaic Disease (CMD)
2709553419.jpg,3,Cassava Mosaic Disease (CMD)
250451090.jpg,3,Cassava Mosaic Disease (CMD)
2562484924.jpg,0,Cassava Bacterial Blight (CBB)
1619107480.jpg,3,Cassava Mosaic Disease (CMD)
3132206324.jpg,2,Cassava Green Mottle (CGM)
3023987582.jpg,3,Cassava Mosaic Disease (CMD)
2576651916.jpg,3,Cassava Mosaic Disease (CMD)
2569445436.jpg,4,Healthy
4088233611.jpg,4,Healthy
3391232032.jpg,1,Cassava Brown Streak Disease (CBSD)
3845482298.jpg,3,Cassava Mosaic Disease (CMD)
577274696.jpg,1,Cassava Brown Streak Disease (CBSD)
2875698893.jpg,3,Cassava Mosaic Disease (CMD)
3265082025.jpg,3,Cassava Mosaic Disease (CMD)
3302742656.jpg,3,Cassava Mosaic Disease (CMD)
4059603470.jpg,3,Cassava Mosaic Disease (CMD)
4111579304.jpg,3,Cassava Mosaic Disease (CMD)
3456403702.jpg,3,Cassava Mosaic Disease (CMD)
3406705095.jpg,3,Cassava Mosaic Disease (CMD)
779832601.jpg,3,Cassava Mosaic Disease (CMD)
1827541667.jpg,3,Cassava Mosaic Disease (CMD)
4137861888.jpg,2,Cassava Green Mottle (CGM)
3252023035.jpg,1,Cassava Brown Streak Disease (CBSD)
1895234488.jpg,3,Cassava Mosaic Disease (CMD)
73728059.jpg,4,Healthy
2409798912.jpg,4,Healthy
2698505801.jpg,3,Cassava Mosaic Disease (CMD)
2665303813.jpg,2,Cassava Green Mottle (CGM)
2997129793.jpg,3,Cassava Mosaic Disease (CMD)
2788672976.jpg,1,Cassava Brown Streak Disease (CBSD)
4059993044.jpg,1,Cassava Brown Streak Disease (CBSD)
3815120957.jpg,2,Cassava Green Mottle (CGM)
879395678.jpg,2,Cassava Green Mottle (CGM)
3784745826.jpg,3,Cassava Mosaic Disease (CMD)
733045784.jpg,4,Healthy
4248249660.jpg,1,Cassava Brown Streak Disease (CBSD)
3671992135.jpg,2,Cassava Green Mottle (CGM)
18792791.jpg,3,Cassava Mosaic Disease (CMD)
87170987.jpg,3,Cassava Mosaic Disease (CMD)
4148746293.jpg,3,Cassava Mosaic Disease (CMD)
811928525.jpg,3,Cassava Mosaic Disease (CMD)
1837733678.jpg,3,Cassava Mosaic Disease (CMD)
747749936.jpg,3,Cassava Mosaic Disease (CMD)
496523270.jpg,3,Cassava Mosaic Disease (CMD)
3771504977.jpg,3,Cassava Mosaic Disease (CMD)
807698612.jpg,1,Cassava Brown Streak Disease (CBSD)
523201478.jpg,3,Cassava Mosaic Disease (CMD)
1959106502.jpg,2,Cassava Green Mottle (CGM)
248540513.jpg,3,Cassava Mosaic Disease (CMD)
3041854848.jpg,3,Cassava Mosaic Disease (CMD)
3169445535.jpg,3,Cassava Mosaic Disease (CMD)
186394398.jpg,0,Cassava Bacterial Blight (CBB)
3303141240.jpg,3,Cassava Mosaic Disease (CMD)
3562110262.jpg,3,Cassava Mosaic Disease (CMD)
648870866.jpg,3,Cassava Mosaic Disease (CMD)
1761544079.jpg,3,Cassava Mosaic Disease (CMD)
1807049681.jpg,4,Healthy
35045621.jpg,3,Cassava Mosaic Disease (CMD)
3203412332.jpg,0,Cassava Bacterial Blight (CBB)
317953378.jpg,3,Cassava Mosaic Disease (CMD)
1925563620.jpg,1,Cassava Brown Streak Disease (CBSD)
3721821118.jpg,3,Cassava Mosaic Disease (CMD)
650963380.jpg,4,Healthy
2780239203.jpg,3,Cassava Mosaic Disease (CMD)
3966914560.jpg,3,Cassava Mosaic Disease (CMD)
4109154808.jpg,3,Cassava Mosaic Disease (CMD)
808194984.jpg,3,Cassava Mosaic Disease (CMD)
2788573560.jpg,3,Cassava Mosaic Disease (CMD)
4203623611.jpg,1,Cassava Brown Streak Disease (CBSD)
572739477.jpg,3,Cassava Mosaic Disease (CMD)
3699134466.jpg,3,Cassava Mosaic Disease (CMD)
379034521.jpg,2,Cassava Green Mottle (CGM)
1941107919.jpg,3,Cassava Mosaic Disease (CMD)
1832233045.jpg,1,Cassava Brown Streak Disease (CBSD)
1833100169.jpg,3,Cassava Mosaic Disease (CMD)
3533539817.jpg,2,Cassava Green Mottle (CGM)
3036226090.jpg,3,Cassava Mosaic Disease (CMD)
3283292871.jpg,0,Cassava Bacterial Blight (CBB)
3104994597.jpg,3,Cassava Mosaic Disease (CMD)
2349445674.jpg,3,Cassava Mosaic Disease (CMD)
692019924.jpg,0,Cassava Bacterial Blight (CBB)
2421660747.jpg,1,Cassava Brown Streak Disease (CBSD)
3057793137.jpg,0,Cassava Bacterial Blight (CBB)
2001457610.jpg,3,Cassava Mosaic Disease (CMD)
276909860.jpg,1,Cassava Brown Streak Disease (CBSD)
447053671.jpg,2,Cassava Green Mottle (CGM)
3340093291.jpg,3,Cassava Mosaic Disease (CMD)
2059912139.jpg,3,Cassava Mosaic Disease (CMD)
2091943364.jpg,3,Cassava Mosaic Disease (CMD)
2709484044.jpg,3,Cassava Mosaic Disease (CMD)
2585611090.jpg,3,Cassava Mosaic Disease (CMD)
956343434.jpg,2,Cassava Green Mottle (CGM)
1655615998.jpg,2,Cassava Green Mottle (CGM)
84635797.jpg,4,Healthy
3384483790.jpg,0,Cassava Bacterial Blight (CBB)
4213863678.jpg,3,Cassava Mosaic Disease (CMD)
541997227.jpg,3,Cassava Mosaic Disease (CMD)
3644786375.jpg,3,Cassava Mosaic Disease (CMD)
4287278405.jpg,1,Cassava Brown Streak Disease (CBSD)
4156232104.jpg,4,Healthy
1989453071.jpg,4,Healthy
2418924192.jpg,1,Cassava Brown Streak Disease (CBSD)
3848881120.jpg,2,Cassava Green Mottle (CGM)
983368345.jpg,3,Cassava Mosaic Disease (CMD)
982255022.jpg,3,Cassava Mosaic Disease (CMD)
3229492371.jpg,3,Cassava Mosaic Disease (CMD)
3772677160.jpg,4,Healthy
4282530176.jpg,2,Cassava Green Mottle (CGM)
2792441656.jpg,4,Healthy
1641686597.jpg,3,Cassava Mosaic Disease (CMD)
277811844.jpg,3,Cassava Mosaic Disease (CMD)
2115661859.jpg,1,Cassava Brown Streak Disease (CBSD)
2238942868.jpg,3,Cassava Mosaic Disease (CMD)
779905140.jpg,3,Cassava Mosaic Disease (CMD)
4284191566.jpg,3,Cassava Mosaic Disease (CMD)
2639442548.jpg,2,Cassava Green Mottle (CGM)
2238082787.jpg,3,Cassava Mosaic Disease (CMD)
1640474743.jpg,3,Cassava Mosaic Disease (CMD)
1907786974.jpg,0,Cassava Bacterial Blight (CBB)
2571283746.jpg,3,Cassava Mosaic Disease (CMD)
2185068357.jpg,2,Cassava Green Mottle (CGM)
90091578.jpg,3,Cassava Mosaic Disease (CMD)
4173419470.jpg,3,Cassava Mosaic Disease (CMD)
3779397874.jpg,3,Cassava Mosaic Disease (CMD)
2761497059.jpg,3,Cassava Mosaic Disease (CMD)
3343110057.jpg,1,Cassava Brown Streak Disease (CBSD)
3107644192.jpg,4,Healthy
1858309623.jpg,3,Cassava Mosaic Disease (CMD)
4030356791.jpg,3,Cassava Mosaic Disease (CMD)
4280947903.jpg,3,Cassava Mosaic Disease (CMD)
3904937505.jpg,3,Cassava Mosaic Disease (CMD)
237261543.jpg,3,Cassava Mosaic Disease (CMD)
662372109.jpg,3,Cassava Mosaic Disease (CMD)
2418594163.jpg,3,Cassava Mosaic Disease (CMD)
2444345873.jpg,3,Cassava Mosaic Disease (CMD)
54133224.jpg,3,Cassava Mosaic Disease (CMD)
3117219248.jpg,3,Cassava Mosaic Disease (CMD)
1622141266.jpg,2,Cassava Green Mottle (CGM)
2213547855.jpg,3,Cassava Mosaic Disease (CMD)
529324614.jpg,3,Cassava Mosaic Disease (CMD)
2059469005.jpg,3,Cassava Mosaic Disease (CMD)
3556578053.jpg,0,Cassava Bacterial Blight (CBB)
2370396240.jpg,3,Cassava Mosaic Disease (CMD)
2684352665.jpg,1,Cassava Brown Streak Disease (CBSD)
833599102.jpg,2,Cassava Green Mottle (CGM)
1813814984.jpg,3,Cassava Mosaic Disease (CMD)
795263399.jpg,4,Healthy
2179468784.jpg,3,Cassava Mosaic Disease (CMD)
917153346.jpg,3,Cassava Mosaic Disease (CMD)
2916689767.jpg,4,Healthy
4210957612.jpg,3,Cassava Mosaic Disease (CMD)
365063197.jpg,3,Cassava Mosaic Disease (CMD)
645726700.jpg,3,Cassava Mosaic Disease (CMD)
2224409184.jpg,3,Cassava Mosaic Disease (CMD)
2224991111.jpg,3,Cassava Mosaic Disease (CMD)
3180077185.jpg,1,Cassava Brown Streak Disease (CBSD)
608266906.jpg,3,Cassava Mosaic Disease (CMD)
2454252015.jpg,4,Healthy
2115118532.jpg,3,Cassava Mosaic Disease (CMD)
60029813.jpg,3,Cassava Mosaic Disease (CMD)
3258475157.jpg,3,Cassava Mosaic Disease (CMD)
3068464619.jpg,4,Healthy
471570254.jpg,3,Cassava Mosaic Disease (CMD)
476012362.jpg,1,Cassava Brown Streak Disease (CBSD)
3504150572.jpg,3,Cassava Mosaic Disease (CMD)
3031315498.jpg,3,Cassava Mosaic Disease (CMD)
315046129.jpg,4,Healthy
3306940309.jpg,3,Cassava Mosaic Disease (CMD)
870197588.jpg,3,Cassava Mosaic Disease (CMD)
1658232092.jpg,3,Cassava Mosaic Disease (CMD)
3934324651.jpg,3,Cassava Mosaic Disease (CMD)
475006659.jpg,3,Cassava Mosaic Disease (CMD)
2077965062.jpg,3,Cassava Mosaic Disease (CMD)
933957288.jpg,3,Cassava Mosaic Disease (CMD)
3741482279.jpg,3,Cassava Mosaic Disease (CMD)
2731341921.jpg,3,Cassava Mosaic Disease (CMD)
866605488.jpg,3,Cassava Mosaic Disease (CMD)
2710475925.jpg,0,Cassava Bacterial Blight (CBB)
3819283472.jpg,3,Cassava Mosaic Disease (CMD)
3325640914.jpg,2,Cassava Green Mottle (CGM)
2862680976.jpg,3,Cassava Mosaic Disease (CMD)
1756754615.jpg,3,Cassava Mosaic Disease (CMD)
2301301726.jpg,3,Cassava Mosaic Disease (CMD)
490603548.jpg,1,Cassava Brown Streak Disease (CBSD)
3334315579.jpg,3,Cassava Mosaic Disease (CMD)
2208145529.jpg,2,Cassava Green Mottle (CGM)
1694314252.jpg,3,Cassava Mosaic Disease (CMD)
1843594628.jpg,3,Cassava Mosaic Disease (CMD)
2000481519.jpg,2,Cassava Green Mottle (CGM)
798006612.jpg,3,Cassava Mosaic Disease (CMD)
2482242374.jpg,4,Healthy
2245122329.jpg,3,Cassava Mosaic Disease (CMD)
3425850136.jpg,1,Cassava Brown Streak Disease (CBSD)
710147759.jpg,1,Cassava Brown Streak Disease (CBSD)
3652860388.jpg,3,Cassava Mosaic Disease (CMD)
497624056.jpg,3,Cassava Mosaic Disease (CMD)
2779585259.jpg,3,Cassava Mosaic Disease (CMD)
1617011317.jpg,3,Cassava Mosaic Disease (CMD)
2121726779.jpg,4,Healthy
2034410033.jpg,0,Cassava Bacterial Blight (CBB)
1979328759.jpg,2,Cassava Green Mottle (CGM)
466665230.jpg,3,Cassava Mosaic Disease (CMD)
3378948686.jpg,2,Cassava Green Mottle (CGM)
3798939425.jpg,4,Healthy
2038191789.jpg,3,Cassava Mosaic Disease (CMD)
1948267522.jpg,2,Cassava Green Mottle (CGM)
3371574415.jpg,3,Cassava Mosaic Disease (CMD)
2293128439.jpg,3,Cassava Mosaic Disease (CMD)
3493737288.jpg,3,Cassava Mosaic Disease (CMD)
2498347324.jpg,3,Cassava Mosaic Disease (CMD)
354756762.jpg,4,Healthy
94587407.jpg,3,Cassava Mosaic Disease (CMD)
2850943526.jpg,3,Cassava Mosaic Disease (CMD)
1824113054.jpg,3,Cassava Mosaic Disease (CMD)
3189720932.jpg,3,Cassava Mosaic Disease (CMD)
3093623574.jpg,2,Cassava Green Mottle (CGM)
1703538353.jpg,3,Cassava Mosaic Disease (CMD)
3815754295.jpg,3,Cassava Mosaic Disease (CMD)
3490066061.jpg,2,Cassava Green Mottle (CGM)
2065621111.jpg,4,Healthy
1758913732.jpg,3,Cassava Mosaic Disease (CMD)
879360102.jpg,3,Cassava Mosaic Disease (CMD)
3474016452.jpg,3,Cassava Mosaic Disease (CMD)
2356165389.jpg,3,Cassava Mosaic Disease (CMD)
4206288054.jpg,3,Cassava Mosaic Disease (CMD)
1901119946.jpg,3,Cassava Mosaic Disease (CMD)
3885779532.jpg,3,Cassava Mosaic Disease (CMD)
3986159422.jpg,2,Cassava Green Mottle (CGM)
2508113831.jpg,1,Cassava Brown Streak Disease (CBSD)
1931110698.jpg,3,Cassava Mosaic Disease (CMD)
1763396057.jpg,4,Healthy
6442965.jpg,4,Healthy
1799459736.jpg,3,Cassava Mosaic Disease (CMD)
762652990.jpg,3,Cassava Mosaic Disease (CMD)
3670821722.jpg,1,Cassava Brown Streak Disease (CBSD)
3558865995.jpg,4,Healthy
2707336069.jpg,3,Cassava Mosaic Disease (CMD)
2815195453.jpg,4,Healthy
2039512472.jpg,4,Healthy
2173189120.jpg,3,Cassava Mosaic Disease (CMD)
2791918976.jpg,4,Healthy
4141630996.jpg,4,Healthy
3896618890.jpg,3,Cassava Mosaic Disease (CMD)
2527554377.jpg,3,Cassava Mosaic Disease (CMD)
83814661.jpg,2,Cassava Green Mottle (CGM)
3986617581.jpg,3,Cassava Mosaic Disease (CMD)
1807619066.jpg,3,Cassava Mosaic Disease (CMD)
4217597340.jpg,1,Cassava Brown Streak Disease (CBSD)
3733977399.jpg,3,Cassava Mosaic Disease (CMD)
787052620.jpg,3,Cassava Mosaic Disease (CMD)
2744558687.jpg,3,Cassava Mosaic Disease (CMD)
4143432365.jpg,3,Cassava Mosaic Disease (CMD)
184437770.jpg,3,Cassava Mosaic Disease (CMD)
2468963984.jpg,3,Cassava Mosaic Disease (CMD)
2647145433.jpg,3,Cassava Mosaic Disease (CMD)
2291300428.jpg,4,Healthy
435952255.jpg,3,Cassava Mosaic Disease (CMD)
3548816902.jpg,3,Cassava Mosaic Disease (CMD)
314170345.jpg,3,Cassava Mosaic Disease (CMD)
843483418.jpg,3,Cassava Mosaic Disease (CMD)
3050652741.jpg,3,Cassava Mosaic Disease (CMD)
1922719796.jpg,4,Healthy
305710405.jpg,3,Cassava Mosaic Disease (CMD)
3294564656.jpg,3,Cassava Mosaic Disease (CMD)
3557979582.jpg,3,Cassava Mosaic Disease (CMD)
1808650874.jpg,2,Cassava Green Mottle (CGM)
3083302502.jpg,3,Cassava Mosaic Disease (CMD)
3533572818.jpg,3,Cassava Mosaic Disease (CMD)
3787937736.jpg,3,Cassava Mosaic Disease (CMD)
2897788070.jpg,4,Healthy
2936136374.jpg,3,Cassava Mosaic Disease (CMD)
2300222362.jpg,3,Cassava Mosaic Disease (CMD)
3987160874.jpg,3,Cassava Mosaic Disease (CMD)
261130695.jpg,3,Cassava Mosaic Disease (CMD)
1869687839.jpg,3,Cassava Mosaic Disease (CMD)
4203927586.jpg,3,Cassava Mosaic Disease (CMD)
3407890503.jpg,2,Cassava Green Mottle (CGM)
2065810677.jpg,3,Cassava Mosaic Disease (CMD)
2028506424.jpg,4,Healthy
2821817333.jpg,2,Cassava Green Mottle (CGM)
3456093874.jpg,3,Cassava Mosaic Disease (CMD)
1700900480.jpg,3,Cassava Mosaic Disease (CMD)
2738117175.jpg,3,Cassava Mosaic Disease (CMD)
2124797374.jpg,3,Cassava Mosaic Disease (CMD)
4250538490.jpg,1,Cassava Brown Streak Disease (CBSD)
1815052993.jpg,3,Cassava Mosaic Disease (CMD)
1761872222.jpg,2,Cassava Green Mottle (CGM)
3892268539.jpg,4,Healthy
3766549502.jpg,4,Healthy
2233347534.jpg,0,Cassava Bacterial Blight (CBB)
4071618930.jpg,2,Cassava Green Mottle (CGM)
2626104728.jpg,3,Cassava Mosaic Disease (CMD)
3276950073.jpg,3,Cassava Mosaic Disease (CMD)
4095625090.jpg,3,Cassava Mosaic Disease (CMD)
2358654016.jpg,3,Cassava Mosaic Disease (CMD)
2975816543.jpg,1,Cassava Brown Streak Disease (CBSD)
2613849666.jpg,3,Cassava Mosaic Disease (CMD)
4278355555.jpg,2,Cassava Green Mottle (CGM)
2896714153.jpg,3,Cassava Mosaic Disease (CMD)
213965591.jpg,1,Cassava Brown Streak Disease (CBSD)
30215524.jpg,3,Cassava Mosaic Disease (CMD)
2728936550.jpg,3,Cassava Mosaic Disease (CMD)
523149736.jpg,3,Cassava Mosaic Disease (CMD)
2086555883.jpg,3,Cassava Mosaic Disease (CMD)
4182889279.jpg,2,Cassava Green Mottle (CGM)
2239085186.jpg,3,Cassava Mosaic Disease (CMD)
166936595.jpg,3,Cassava Mosaic Disease (CMD)
705499651.jpg,3,Cassava Mosaic Disease (CMD)
885231391.jpg,1,Cassava Brown Streak Disease (CBSD)
4038568741.jpg,2,Cassava Green Mottle (CGM)
4200538063.jpg,3,Cassava Mosaic Disease (CMD)
3230471724.jpg,2,Cassava Green Mottle (CGM)
1598187662.jpg,3,Cassava Mosaic Disease (CMD)
549591801.jpg,3,Cassava Mosaic Disease (CMD)
3969288877.jpg,2,Cassava Green Mottle (CGM)
595285213.jpg,3,Cassava Mosaic Disease (CMD)
2257519479.jpg,3,Cassava Mosaic Disease (CMD)
3747175229.jpg,3,Cassava Mosaic Disease (CMD)
854205384.jpg,3,Cassava Mosaic Disease (CMD)
72286182.jpg,3,Cassava Mosaic Disease (CMD)
3454534975.jpg,0,Cassava Bacterial Blight (CBB)
352468512.jpg,4,Healthy
2052899282.jpg,4,Healthy
335378674.jpg,0,Cassava Bacterial Blight (CBB)
2781299345.jpg,3,Cassava Mosaic Disease (CMD)
51063556.jpg,3,Cassava Mosaic Disease (CMD)
1768209280.jpg,3,Cassava Mosaic Disease (CMD)
1974117751.jpg,3,Cassava Mosaic Disease (CMD)
2142361151.jpg,1,Cassava Brown Streak Disease (CBSD)
462652564.jpg,2,Cassava Green Mottle (CGM)
4020138210.jpg,4,Healthy
1757386939.jpg,3,Cassava Mosaic Disease (CMD)
2184514925.jpg,3,Cassava Mosaic Disease (CMD)
911151169.jpg,1,Cassava Brown Streak Disease (CBSD)
2504048153.jpg,3,Cassava Mosaic Disease (CMD)
1617366913.jpg,2,Cassava Green Mottle (CGM)
1831917433.jpg,3,Cassava Mosaic Disease (CMD)
4228732666.jpg,4,Healthy
4169595131.jpg,1,Cassava Brown Streak Disease (CBSD)
1599378224.jpg,3,Cassava Mosaic Disease (CMD)
3917910837.jpg,3,Cassava Mosaic Disease (CMD)
3932805236.jpg,3,Cassava Mosaic Disease (CMD)
2269370589.jpg,3,Cassava Mosaic Disease (CMD)
4142500062.jpg,3,Cassava Mosaic Disease (CMD)
4089218356.jpg,1,Cassava Brown Streak Disease (CBSD)
2731225987.jpg,3,Cassava Mosaic Disease (CMD)
407426699.jpg,3,Cassava Mosaic Disease (CMD)
801531661.jpg,3,Cassava Mosaic Disease (CMD)
1942764891.jpg,3,Cassava Mosaic Disease (CMD)
3816972306.jpg,3,Cassava Mosaic Disease (CMD)
3559981218.jpg,2,Cassava Green Mottle (CGM)
3321411338.jpg,3,Cassava Mosaic Disease (CMD)
720275537.jpg,4,Healthy
3492352245.jpg,4,Healthy
290569488.jpg,3,Cassava Mosaic Disease (CMD)
2919116944.jpg,4,Healthy
3058256804.jpg,3,Cassava Mosaic Disease (CMD)
2916268128.jpg,1,Cassava Brown Streak Disease (CBSD)
3854553332.jpg,4,Healthy
1718658976.jpg,0,Cassava Bacterial Blight (CBB)
2347334555.jpg,2,Cassava Green Mottle (CGM)
2708637326.jpg,0,Cassava Bacterial Blight (CBB)
2405559933.jpg,2,Cassava Green Mottle (CGM)
2293657925.jpg,1,Cassava Brown Streak Disease (CBSD)
699261554.jpg,4,Healthy
3358836074.jpg,3,Cassava Mosaic Disease (CMD)
1741733319.jpg,3,Cassava Mosaic Disease (CMD)
3609926287.jpg,3,Cassava Mosaic Disease (CMD)
2830691445.jpg,3,Cassava Mosaic Disease (CMD)
530867664.jpg,3,Cassava Mosaic Disease (CMD)
2150392038.jpg,3,Cassava Mosaic Disease (CMD)
1768825249.jpg,3,Cassava Mosaic Disease (CMD)
3484288413.jpg,3,Cassava Mosaic Disease (CMD)
3083765507.jpg,3,Cassava Mosaic Disease (CMD)
3366502239.jpg,3,Cassava Mosaic Disease (CMD)
1725925773.jpg,3,Cassava Mosaic Disease (CMD)
1990072539.jpg,3,Cassava Mosaic Disease (CMD)
4116136963.jpg,3,Cassava Mosaic Disease (CMD)
2184513662.jpg,2,Cassava Green Mottle (CGM)
3350526163.jpg,3,Cassava Mosaic Disease (CMD)
483417793.jpg,3,Cassava Mosaic Disease (CMD)
496631673.jpg,3,Cassava Mosaic Disease (CMD)
1778344931.jpg,2,Cassava Green Mottle (CGM)
2790112645.jpg,2,Cassava Green Mottle (CGM)
983360921.jpg,3,Cassava Mosaic Disease (CMD)
2846400209.jpg,1,Cassava Brown Streak Disease (CBSD)
1777367691.jpg,3,Cassava Mosaic Disease (CMD)
3333666077.jpg,3,Cassava Mosaic Disease (CMD)
2679083763.jpg,3,Cassava Mosaic Disease (CMD)
3463125654.jpg,4,Healthy
668151635.jpg,3,Cassava Mosaic Disease (CMD)
799030211.jpg,1,Cassava Brown Streak Disease (CBSD)
2695178633.jpg,3,Cassava Mosaic Disease (CMD)
46965268.jpg,4,Healthy
705928796.jpg,4,Healthy
3594347232.jpg,4,Healthy
216687816.jpg,1,Cassava Brown Streak Disease (CBSD)
3052425388.jpg,3,Cassava Mosaic Disease (CMD)
2535943246.jpg,3,Cassava Mosaic Disease (CMD)
697962684.jpg,3,Cassava Mosaic Disease (CMD)
890494248.jpg,1,Cassava Brown Streak Disease (CBSD)
4213617078.jpg,3,Cassava Mosaic Disease (CMD)
850135313.jpg,3,Cassava Mosaic Disease (CMD)
1932036531.jpg,3,Cassava Mosaic Disease (CMD)
3268077993.jpg,1,Cassava Brown Streak Disease (CBSD)
2559872231.jpg,3,Cassava Mosaic Disease (CMD)
1864517626.jpg,4,Healthy
2891506485.jpg,3,Cassava Mosaic Disease (CMD)
2181262010.jpg,0,Cassava Bacterial Blight (CBB)
2116832558.jpg,4,Healthy
442397332.jpg,3,Cassava Mosaic Disease (CMD)
913436788.jpg,3,Cassava Mosaic Disease (CMD)
695924951.jpg,3,Cassava Mosaic Disease (CMD)
378276389.jpg,3,Cassava Mosaic Disease (CMD)
23581399.jpg,3,Cassava Mosaic Disease (CMD)
2216674050.jpg,3,Cassava Mosaic Disease (CMD)
3125296469.jpg,0,Cassava Bacterial Blight (CBB)
388002605.jpg,3,Cassava Mosaic Disease (CMD)
622130666.jpg,3,Cassava Mosaic Disease (CMD)
3232885569.jpg,4,Healthy
1928681930.jpg,3,Cassava Mosaic Disease (CMD)
2903816305.jpg,3,Cassava Mosaic Disease (CMD)
7160206.jpg,2,Cassava Green Mottle (CGM)
3423497186.jpg,3,Cassava Mosaic Disease (CMD)
4205231348.jpg,2,Cassava Green Mottle (CGM)
2642327131.jpg,3,Cassava Mosaic Disease (CMD)
3740864417.jpg,3,Cassava Mosaic Disease (CMD)
1745437875.jpg,3,Cassava Mosaic Disease (CMD)
3403529762.jpg,1,Cassava Brown Streak Disease (CBSD)
2318645335.jpg,0,Cassava Bacterial Blight (CBB)
387670192.jpg,3,Cassava Mosaic Disease (CMD)
848032997.jpg,3,Cassava Mosaic Disease (CMD)
2467892554.jpg,0,Cassava Bacterial Blight (CBB)
2598399396.jpg,2,Cassava Green Mottle (CGM)
1757646120.jpg,3,Cassava Mosaic Disease (CMD)
3765800503.jpg,3,Cassava Mosaic Disease (CMD)
3356448488.jpg,3,Cassava Mosaic Disease (CMD)
2199231317.jpg,3,Cassava Mosaic Disease (CMD)
2319781928.jpg,2,Cassava Green Mottle (CGM)
2838277856.jpg,3,Cassava Mosaic Disease (CMD)
2314042250.jpg,3,Cassava Mosaic Disease (CMD)
2926364943.jpg,3,Cassava Mosaic Disease (CMD)
2997262447.jpg,3,Cassava Mosaic Disease (CMD)
662844751.jpg,4,Healthy
901055316.jpg,4,Healthy
3923213129.jpg,3,Cassava Mosaic Disease (CMD)
2274065917.jpg,2,Cassava Green Mottle (CGM)
3188097509.jpg,2,Cassava Green Mottle (CGM)
3045193549.jpg,3,Cassava Mosaic Disease (CMD)
2677264345.jpg,3,Cassava Mosaic Disease (CMD)
696638670.jpg,3,Cassava Mosaic Disease (CMD)
3546582626.jpg,0,Cassava Bacterial Blight (CBB)
1713466789.jpg,3,Cassava Mosaic Disease (CMD)
592322076.jpg,3,Cassava Mosaic Disease (CMD)
4028883745.jpg,2,Cassava Green Mottle (CGM)
3853821609.jpg,2,Cassava Green Mottle (CGM)
76900399.jpg,3,Cassava Mosaic Disease (CMD)
3474671575.jpg,3,Cassava Mosaic Disease (CMD)
545897624.jpg,3,Cassava Mosaic Disease (CMD)
2255058725.jpg,3,Cassava Mosaic Disease (CMD)
3916952376.jpg,3,Cassava Mosaic Disease (CMD)
2903239369.jpg,0,Cassava Bacterial Blight (CBB)
4289523242.jpg,4,Healthy
1873822026.jpg,3,Cassava Mosaic Disease (CMD)
2490478654.jpg,3,Cassava Mosaic Disease (CMD)
3609350672.jpg,1,Cassava Brown Streak Disease (CBSD)
350981246.jpg,3,Cassava Mosaic Disease (CMD)
360024971.jpg,2,Cassava Green Mottle (CGM)
4214231918.jpg,3,Cassava Mosaic Disease (CMD)
4222447484.jpg,3,Cassava Mosaic Disease (CMD)
4208715814.jpg,3,Cassava Mosaic Disease (CMD)
3308855031.jpg,3,Cassava Mosaic Disease (CMD)
2420339753.jpg,4,Healthy
3996512301.jpg,3,Cassava Mosaic Disease (CMD)
1812396065.jpg,3,Cassava Mosaic Disease (CMD)
2584501637.jpg,3,Cassava Mosaic Disease (CMD)
2771434768.jpg,2,Cassava Green Mottle (CGM)
3426576546.jpg,2,Cassava Green Mottle (CGM)
2761115186.jpg,1,Cassava Brown Streak Disease (CBSD)
3050144007.jpg,3,Cassava Mosaic Disease (CMD)
3688869074.jpg,2,Cassava Green Mottle (CGM)
1912329791.jpg,1,Cassava Brown Streak Disease (CBSD)
3943400574.jpg,3,Cassava Mosaic Disease (CMD)
2714131195.jpg,3,Cassava Mosaic Disease (CMD)
919597577.jpg,3,Cassava Mosaic Disease (CMD)
3421208425.jpg,2,Cassava Green Mottle (CGM)
3535332195.jpg,3,Cassava Mosaic Disease (CMD)
2078875826.jpg,2,Cassava Green Mottle (CGM)
370935703.jpg,4,Healthy
2870123784.jpg,2,Cassava Green Mottle (CGM)
663146106.jpg,3,Cassava Mosaic Disease (CMD)
3530560257.jpg,0,Cassava Bacterial Blight (CBB)
3582052804.jpg,3,Cassava Mosaic Disease (CMD)
2324130326.jpg,4,Healthy
598088658.jpg,3,Cassava Mosaic Disease (CMD)
3460186370.jpg,1,Cassava Brown Streak Disease (CBSD)
1654334807.jpg,3,Cassava Mosaic Disease (CMD)
2829084377.jpg,3,Cassava Mosaic Disease (CMD)
3869536239.jpg,3,Cassava Mosaic Disease (CMD)
1966479162.jpg,3,Cassava Mosaic Disease (CMD)
3134495079.jpg,0,Cassava Bacterial Blight (CBB)
3384693576.jpg,3,Cassava Mosaic Disease (CMD)
2215986164.jpg,3,Cassava Mosaic Disease (CMD)
2560138372.jpg,1,Cassava Brown Streak Disease (CBSD)
2424570451.jpg,1,Cassava Brown Streak Disease (CBSD)
4037341116.jpg,3,Cassava Mosaic Disease (CMD)
19872828.jpg,4,Healthy
345359010.jpg,1,Cassava Brown Streak Disease (CBSD)
3672574295.jpg,3,Cassava Mosaic Disease (CMD)
2529358101.jpg,3,Cassava Mosaic Disease (CMD)
3078389693.jpg,3,Cassava Mosaic Disease (CMD)
2400366068.jpg,2,Cassava Green Mottle (CGM)
3325565280.jpg,3,Cassava Mosaic Disease (CMD)
3551135685.jpg,0,Cassava Bacterial Blight (CBB)
3205290572.jpg,3,Cassava Mosaic Disease (CMD)
379373523.jpg,1,Cassava Brown Streak Disease (CBSD)
1907203125.jpg,3,Cassava Mosaic Disease (CMD)
1947066099.jpg,0,Cassava Bacterial Blight (CBB)
3721479850.jpg,3,Cassava Mosaic Disease (CMD)
374285455.jpg,3,Cassava Mosaic Disease (CMD)
4103773008.jpg,3,Cassava Mosaic Disease (CMD)
738435591.jpg,3,Cassava Mosaic Disease (CMD)
3213489228.jpg,3,Cassava Mosaic Disease (CMD)
2895704556.jpg,3,Cassava Mosaic Disease (CMD)
3815135505.jpg,4,Healthy
2523259932.jpg,3,Cassava Mosaic Disease (CMD)
4272950907.jpg,4,Healthy
3114213950.jpg,2,Cassava Green Mottle (CGM)
836430127.jpg,3,Cassava Mosaic Disease (CMD)
67235681.jpg,2,Cassava Green Mottle (CGM)
2521993035.jpg,3,Cassava Mosaic Disease (CMD)
2030421746.jpg,3,Cassava Mosaic Disease (CMD)
3485779259.jpg,3,Cassava Mosaic Disease (CMD)
902007589.jpg,4,Healthy
4138957556.jpg,3,Cassava Mosaic Disease (CMD)
539212497.jpg,4,Healthy
1848723275.jpg,2,Cassava Green Mottle (CGM)
3690823078.jpg,3,Cassava Mosaic Disease (CMD)
2299892623.jpg,4,Healthy
1951968907.jpg,4,Healthy
3108308869.jpg,3,Cassava Mosaic Disease (CMD)
1940410728.jpg,4,Healthy
4003954623.jpg,3,Cassava Mosaic Disease (CMD)
2112871300.jpg,3,Cassava Mosaic Disease (CMD)
426011031.jpg,3,Cassava Mosaic Disease (CMD)
3349107107.jpg,3,Cassava Mosaic Disease (CMD)
2647322567.jpg,0,Cassava Bacterial Blight (CBB)
1868574400.jpg,2,Cassava Green Mottle (CGM)
4174350664.jpg,3,Cassava Mosaic Disease (CMD)
950677455.jpg,4,Healthy
2400244063.jpg,3,Cassava Mosaic Disease (CMD)
1729567337.jpg,3,Cassava Mosaic Disease (CMD)
4182898688.jpg,3,Cassava Mosaic Disease (CMD)
2753076252.jpg,0,Cassava Bacterial Blight (CBB)
4291517626.jpg,3,Cassava Mosaic Disease (CMD)
3895696806.jpg,1,Cassava Brown Streak Disease (CBSD)
588169966.jpg,3,Cassava Mosaic Disease (CMD)
425082747.jpg,3,Cassava Mosaic Disease (CMD)
2173229407.jpg,2,Cassava Green Mottle (CGM)
2119011532.jpg,3,Cassava Mosaic Disease (CMD)
889769958.jpg,2,Cassava Green Mottle (CGM)
482191440.jpg,3,Cassava Mosaic Disease (CMD)
2165052077.jpg,4,Healthy
33304341.jpg,1,Cassava Brown Streak Disease (CBSD)
2226003733.jpg,2,Cassava Green Mottle (CGM)
326839479.jpg,4,Healthy
3731328789.jpg,3,Cassava Mosaic Disease (CMD)
2354947310.jpg,3,Cassava Mosaic Disease (CMD)
274875938.jpg,3,Cassava Mosaic Disease (CMD)
90800414.jpg,3,Cassava Mosaic Disease (CMD)
3657702836.jpg,3,Cassava Mosaic Disease (CMD)
3492572077.jpg,3,Cassava Mosaic Disease (CMD)
2260577745.jpg,4,Healthy
4106517442.jpg,3,Cassava Mosaic Disease (CMD)
1715814415.jpg,4,Healthy
2775859680.jpg,4,Healthy
2179500029.jpg,3,Cassava Mosaic Disease (CMD)
3522070938.jpg,2,Cassava Green Mottle (CGM)
419708385.jpg,4,Healthy
459566103.jpg,3,Cassava Mosaic Disease (CMD)
4064049916.jpg,3,Cassava Mosaic Disease (CMD)
3929091708.jpg,1,Cassava Brown Streak Disease (CBSD)
3038956872.jpg,1,Cassava Brown Streak Disease (CBSD)
2574523896.jpg,1,Cassava Brown Streak Disease (CBSD)
2775424863.jpg,3,Cassava Mosaic Disease (CMD)
3690342005.jpg,3,Cassava Mosaic Disease (CMD)
4149439273.jpg,0,Cassava Bacterial Blight (CBB)
1994226029.jpg,2,Cassava Green Mottle (CGM)
2539791726.jpg,4,Healthy
1837614598.jpg,3,Cassava Mosaic Disease (CMD)
3698876668.jpg,3,Cassava Mosaic Disease (CMD)
1661096759.jpg,3,Cassava Mosaic Disease (CMD)
4130177618.jpg,3,Cassava Mosaic Disease (CMD)
2864427141.jpg,3,Cassava Mosaic Disease (CMD)
2981404650.jpg,1,Cassava Brown Streak Disease (CBSD)
3433962885.jpg,3,Cassava Mosaic Disease (CMD)
3122862157.jpg,3,Cassava Mosaic Disease (CMD)
591335475.jpg,3,Cassava Mosaic Disease (CMD)
3983257977.jpg,3,Cassava Mosaic Disease (CMD)
2946211830.jpg,4,Healthy
2565638908.jpg,2,Cassava Green Mottle (CGM)
2189559385.jpg,1,Cassava Brown Streak Disease (CBSD)
889645201.jpg,2,Cassava Green Mottle (CGM)
1802706381.jpg,3,Cassava Mosaic Disease (CMD)
825637783.jpg,3,Cassava Mosaic Disease (CMD)
1671701546.jpg,3,Cassava Mosaic Disease (CMD)
3590920692.jpg,2,Cassava Green Mottle (CGM)
1963744346.jpg,3,Cassava Mosaic Disease (CMD)
1777012595.jpg,3,Cassava Mosaic Disease (CMD)
2235889305.jpg,4,Healthy
758155419.jpg,1,Cassava Brown Streak Disease (CBSD)
411955232.jpg,4,Healthy
3670188705.jpg,4,Healthy
2928493279.jpg,3,Cassava Mosaic Disease (CMD)
2668524110.jpg,1,Cassava Brown Streak Disease (CBSD)
237807134.jpg,3,Cassava Mosaic Disease (CMD)
2169173551.jpg,0,Cassava Bacterial Blight (CBB)
509573595.jpg,3,Cassava Mosaic Disease (CMD)
3279234620.jpg,4,Healthy
4261150820.jpg,3,Cassava Mosaic Disease (CMD)
3995991109.jpg,3,Cassava Mosaic Disease (CMD)
1821315166.jpg,4,Healthy
1748519439.jpg,1,Cassava Brown Streak Disease (CBSD)
91850516.jpg,2,Cassava Green Mottle (CGM)
3734403071.jpg,0,Cassava Bacterial Blight (CBB)
2442102115.jpg,3,Cassava Mosaic Disease (CMD)
3567747023.jpg,3,Cassava Mosaic Disease (CMD)
2613035787.jpg,3,Cassava Mosaic Disease (CMD)
747761920.jpg,3,Cassava Mosaic Disease (CMD)
2929245875.jpg,4,Healthy
3459239609.jpg,2,Cassava Green Mottle (CGM)
3700116723.jpg,3,Cassava Mosaic Disease (CMD)
4019067935.jpg,3,Cassava Mosaic Disease (CMD)
3645245816.jpg,2,Cassava Green Mottle (CGM)
4169606060.jpg,3,Cassava Mosaic Disease (CMD)
384390206.jpg,4,Healthy
2430054322.jpg,3,Cassava Mosaic Disease (CMD)
4047998740.jpg,2,Cassava Green Mottle (CGM)
2105335318.jpg,1,Cassava Brown Streak Disease (CBSD)
3123906243.jpg,1,Cassava Brown Streak Disease (CBSD)
2218341655.jpg,1,Cassava Brown Streak Disease (CBSD)
1995490116.jpg,3,Cassava Mosaic Disease (CMD)
754110483.jpg,3,Cassava Mosaic Disease (CMD)
3889929360.jpg,3,Cassava Mosaic Disease (CMD)
296929664.jpg,2,Cassava Green Mottle (CGM)
3383385001.jpg,1,Cassava Brown Streak Disease (CBSD)
1967011907.jpg,1,Cassava Brown Streak Disease (CBSD)
472489554.jpg,1,Cassava Brown Streak Disease (CBSD)
1996243221.jpg,3,Cassava Mosaic Disease (CMD)
2448661412.jpg,3,Cassava Mosaic Disease (CMD)
3940346798.jpg,3,Cassava Mosaic Disease (CMD)
4099004871.jpg,3,Cassava Mosaic Disease (CMD)
2020174786.jpg,4,Healthy
1757557877.jpg,3,Cassava Mosaic Disease (CMD)
2520536047.jpg,3,Cassava Mosaic Disease (CMD)
2665505446.jpg,3,Cassava Mosaic Disease (CMD)
1784432938.jpg,3,Cassava Mosaic Disease (CMD)
3481276167.jpg,2,Cassava Green Mottle (CGM)
3315826749.jpg,0,Cassava Bacterial Blight (CBB)
211163536.jpg,0,Cassava Bacterial Blight (CBB)
438557972.jpg,3,Cassava Mosaic Disease (CMD)
2218894352.jpg,3,Cassava Mosaic Disease (CMD)
2245125668.jpg,3,Cassava Mosaic Disease (CMD)
3722323275.jpg,3,Cassava Mosaic Disease (CMD)
1712982546.jpg,3,Cassava Mosaic Disease (CMD)
4262071206.jpg,3,Cassava Mosaic Disease (CMD)
2022032014.jpg,3,Cassava Mosaic Disease (CMD)
968472833.jpg,3,Cassava Mosaic Disease (CMD)
3426267905.jpg,3,Cassava Mosaic Disease (CMD)
1797305477.jpg,3,Cassava Mosaic Disease (CMD)
2898065590.jpg,2,Cassava Green Mottle (CGM)
856327781.jpg,3,Cassava Mosaic Disease (CMD)
4200249723.jpg,3,Cassava Mosaic Disease (CMD)
3859030532.jpg,3,Cassava Mosaic Disease (CMD)
1824705261.jpg,3,Cassava Mosaic Disease (CMD)
31718378.jpg,3,Cassava Mosaic Disease (CMD)
3211666724.jpg,3,Cassava Mosaic Disease (CMD)
3215535093.jpg,2,Cassava Green Mottle (CGM)
374813915.jpg,3,Cassava Mosaic Disease (CMD)
505355209.jpg,3,Cassava Mosaic Disease (CMD)
3187532677.jpg,3,Cassava Mosaic Disease (CMD)
4064862687.jpg,3,Cassava Mosaic Disease (CMD)
1810849294.jpg,2,Cassava Green Mottle (CGM)
911144460.jpg,3,Cassava Mosaic Disease (CMD)
1836918462.jpg,4,Healthy
2822226984.jpg,3,Cassava Mosaic Disease (CMD)
2550859820.jpg,1,Cassava Brown Streak Disease (CBSD)
3634822711.jpg,2,Cassava Green Mottle (CGM)
3727359090.jpg,2,Cassava Green Mottle (CGM)
809808575.jpg,3,Cassava Mosaic Disease (CMD)
1776479289.jpg,4,Healthy
3141004522.jpg,3,Cassava Mosaic Disease (CMD)
4247710206.jpg,3,Cassava Mosaic Disease (CMD)
272565243.jpg,0,Cassava Bacterial Blight (CBB)
4278290945.jpg,2,Cassava Green Mottle (CGM)
1955966140.jpg,2,Cassava Green Mottle (CGM)
897925605.jpg,3,Cassava Mosaic Disease (CMD)
3845041998.jpg,3,Cassava Mosaic Disease (CMD)
357924077.jpg,3,Cassava Mosaic Disease (CMD)
61357519.jpg,4,Healthy
913152954.jpg,1,Cassava Brown Streak Disease (CBSD)
568347975.jpg,3,Cassava Mosaic Disease (CMD)
3713675255.jpg,4,Healthy
2819659045.jpg,3,Cassava Mosaic Disease (CMD)
3436918118.jpg,3,Cassava Mosaic Disease (CMD)
422752547.jpg,0,Cassava Bacterial Blight (CBB)
3376559838.jpg,2,Cassava Green Mottle (CGM)
3519124623.jpg,4,Healthy
4258928980.jpg,1,Cassava Brown Streak Disease (CBSD)
3674636373.jpg,3,Cassava Mosaic Disease (CMD)
6788393.jpg,3,Cassava Mosaic Disease (CMD)
625250328.jpg,1,Cassava Brown Streak Disease (CBSD)
1629563382.jpg,2,Cassava Green Mottle (CGM)
3092974289.jpg,1,Cassava Brown Streak Disease (CBSD)
3023855128.jpg,3,Cassava Mosaic Disease (CMD)
532201178.jpg,1,Cassava Brown Streak Disease (CBSD)
382011834.jpg,3,Cassava Mosaic Disease (CMD)
3117356671.jpg,3,Cassava Mosaic Disease (CMD)
1901823348.jpg,3,Cassava Mosaic Disease (CMD)
4086398319.jpg,3,Cassava Mosaic Disease (CMD)
255823836.jpg,1,Cassava Brown Streak Disease (CBSD)
974614447.jpg,1,Cassava Brown Streak Disease (CBSD)
4082024517.jpg,3,Cassava Mosaic Disease (CMD)
659615367.jpg,1,Cassava Brown Streak Disease (CBSD)
995221528.jpg,3,Cassava Mosaic Disease (CMD)
2466474683.jpg,4,Healthy
3385811418.jpg,4,Healthy
904192489.jpg,3,Cassava Mosaic Disease (CMD)
2622575097.jpg,3,Cassava Mosaic Disease (CMD)
375108909.jpg,1,Cassava Brown Streak Disease (CBSD)
2296087463.jpg,3,Cassava Mosaic Disease (CMD)
4220427697.jpg,3,Cassava Mosaic Disease (CMD)
480420375.jpg,3,Cassava Mosaic Disease (CMD)
3578509810.jpg,3,Cassava Mosaic Disease (CMD)
3635783291.jpg,3,Cassava Mosaic Disease (CMD)
4211960085.jpg,3,Cassava Mosaic Disease (CMD)
3912842940.jpg,3,Cassava Mosaic Disease (CMD)
212828935.jpg,3,Cassava Mosaic Disease (CMD)
2524827545.jpg,3,Cassava Mosaic Disease (CMD)
2837653257.jpg,3,Cassava Mosaic Disease (CMD)
2773015311.jpg,4,Healthy
3165951820.jpg,3,Cassava Mosaic Disease (CMD)
88427642.jpg,2,Cassava Green Mottle (CGM)
3608578044.jpg,3,Cassava Mosaic Disease (CMD)
1831423907.jpg,3,Cassava Mosaic Disease (CMD)
3136739059.jpg,3,Cassava Mosaic Disease (CMD)
2553757426.jpg,0,Cassava Bacterial Blight (CBB)
2946421028.jpg,3,Cassava Mosaic Disease (CMD)
2552592093.jpg,0,Cassava Bacterial Blight (CBB)
592236552.jpg,3,Cassava Mosaic Disease (CMD)
2425540175.jpg,3,Cassava Mosaic Disease (CMD)
2630621965.jpg,3,Cassava Mosaic Disease (CMD)
4156066738.jpg,3,Cassava Mosaic Disease (CMD)
2340576702.jpg,4,Healthy
748035819.jpg,4,Healthy
3719586023.jpg,3,Cassava Mosaic Disease (CMD)
619095657.jpg,3,Cassava Mosaic Disease (CMD)
2478233162.jpg,3,Cassava Mosaic Disease (CMD)
3704585541.jpg,3,Cassava Mosaic Disease (CMD)
3165059873.jpg,3,Cassava Mosaic Disease (CMD)
3570666116.jpg,4,Healthy
336550.jpg,3,Cassava Mosaic Disease (CMD)
3736482061.jpg,3,Cassava Mosaic Disease (CMD)
327309944.jpg,2,Cassava Green Mottle (CGM)
906750363.jpg,3,Cassava Mosaic Disease (CMD)
3165854835.jpg,2,Cassava Green Mottle (CGM)
236178051.jpg,1,Cassava Brown Streak Disease (CBSD)
2436369739.jpg,3,Cassava Mosaic Disease (CMD)
637906306.jpg,3,Cassava Mosaic Disease (CMD)
2406746609.jpg,1,Cassava Brown Streak Disease (CBSD)
1676052292.jpg,3,Cassava Mosaic Disease (CMD)
2566980957.jpg,3,Cassava Mosaic Disease (CMD)
4016802646.jpg,3,Cassava Mosaic Disease (CMD)
24632378.jpg,3,Cassava Mosaic Disease (CMD)
3283684179.jpg,3,Cassava Mosaic Disease (CMD)
4175483651.jpg,4,Healthy
3344007463.jpg,1,Cassava Brown Streak Disease (CBSD)
4080639262.jpg,1,Cassava Brown Streak Disease (CBSD)
1994247876.jpg,1,Cassava Brown Streak Disease (CBSD)
3351011429.jpg,3,Cassava Mosaic Disease (CMD)
2599716622.jpg,4,Healthy
2407309962.jpg,3,Cassava Mosaic Disease (CMD)
1948698978.jpg,3,Cassava Mosaic Disease (CMD)
1641316249.jpg,4,Healthy
2435211745.jpg,1,Cassava Brown Streak Disease (CBSD)
808416790.jpg,0,Cassava Bacterial Blight (CBB)
699893195.jpg,3,Cassava Mosaic Disease (CMD)
452781312.jpg,3,Cassava Mosaic Disease (CMD)
2589772817.jpg,3,Cassava Mosaic Disease (CMD)
3788552221.jpg,3,Cassava Mosaic Disease (CMD)
488450580.jpg,3,Cassava Mosaic Disease (CMD)
750828465.jpg,4,Healthy
774796489.jpg,3,Cassava Mosaic Disease (CMD)
1633537888.jpg,1,Cassava Brown Streak Disease (CBSD)
4252410554.jpg,4,Healthy
2922394453.jpg,3,Cassava Mosaic Disease (CMD)
3606325619.jpg,3,Cassava Mosaic Disease (CMD)
3140563165.jpg,3,Cassava Mosaic Disease (CMD)
1869765535.jpg,1,Cassava Brown Streak Disease (CBSD)
1706377266.jpg,1,Cassava Brown Streak Disease (CBSD)
431851340.jpg,3,Cassava Mosaic Disease (CMD)
3989567826.jpg,1,Cassava Brown Streak Disease (CBSD)
3161462315.jpg,1,Cassava Brown Streak Disease (CBSD)
3858272107.jpg,4,Healthy
2494405997.jpg,1,Cassava Brown Streak Disease (CBSD)
348338717.jpg,3,Cassava Mosaic Disease (CMD)
2070373158.jpg,3,Cassava Mosaic Disease (CMD)
55799003.jpg,3,Cassava Mosaic Disease (CMD)
2635255297.jpg,1,Cassava Brown Streak Disease (CBSD)
4171083166.jpg,2,Cassava Green Mottle (CGM)
2225869087.jpg,3,Cassava Mosaic Disease (CMD)
2490802199.jpg,1,Cassava Brown Streak Disease (CBSD)
2885612142.jpg,2,Cassava Green Mottle (CGM)
2333760008.jpg,2,Cassava Green Mottle (CGM)
3610554342.jpg,1,Cassava Brown Streak Disease (CBSD)
3178167371.jpg,3,Cassava Mosaic Disease (CMD)
3471139319.jpg,3,Cassava Mosaic Disease (CMD)
1627704397.jpg,3,Cassava Mosaic Disease (CMD)
2867956908.jpg,2,Cassava Green Mottle (CGM)
4177148396.jpg,3,Cassava Mosaic Disease (CMD)
410291053.jpg,2,Cassava Green Mottle (CGM)
3238472745.jpg,3,Cassava Mosaic Disease (CMD)
3700981956.jpg,3,Cassava Mosaic Disease (CMD)
3564855382.jpg,3,Cassava Mosaic Disease (CMD)
248891023.jpg,3,Cassava Mosaic Disease (CMD)
2504984350.jpg,3,Cassava Mosaic Disease (CMD)
3928883065.jpg,0,Cassava Bacterial Blight (CBB)
4289669666.jpg,0,Cassava Bacterial Blight (CBB)
3261438787.jpg,2,Cassava Green Mottle (CGM)
3765331704.jpg,2,Cassava Green Mottle (CGM)
440608001.jpg,3,Cassava Mosaic Disease (CMD)
3980236832.jpg,3,Cassava Mosaic Disease (CMD)
3338457815.jpg,3,Cassava Mosaic Disease (CMD)
659495074.jpg,1,Cassava Brown Streak Disease (CBSD)
2813858062.jpg,2,Cassava Green Mottle (CGM)
1760111607.jpg,3,Cassava Mosaic Disease (CMD)
2415558782.jpg,3,Cassava Mosaic Disease (CMD)
2830047859.jpg,3,Cassava Mosaic Disease (CMD)
1695222952.jpg,2,Cassava Green Mottle (CGM)
3936921182.jpg,3,Cassava Mosaic Disease (CMD)
3223104982.jpg,1,Cassava Brown Streak Disease (CBSD)
696072814.jpg,3,Cassava Mosaic Disease (CMD)
3250428220.jpg,1,Cassava Brown Streak Disease (CBSD)
4267819868.jpg,3,Cassava Mosaic Disease (CMD)
2498500935.jpg,3,Cassava Mosaic Disease (CMD)
291053926.jpg,2,Cassava Green Mottle (CGM)
1794775847.jpg,3,Cassava Mosaic Disease (CMD)
263932822.jpg,3,Cassava Mosaic Disease (CMD)
2516584960.jpg,3,Cassava Mosaic Disease (CMD)
2946829986.jpg,3,Cassava Mosaic Disease (CMD)
3589688329.jpg,3,Cassava Mosaic Disease (CMD)
924049818.jpg,3,Cassava Mosaic Disease (CMD)
1775350103.jpg,0,Cassava Bacterial Blight (CBB)
1903992787.jpg,3,Cassava Mosaic Disease (CMD)
2947932468.jpg,3,Cassava Mosaic Disease (CMD)
3118623824.jpg,4,Healthy
3047486589.jpg,3,Cassava Mosaic Disease (CMD)
484625436.jpg,3,Cassava Mosaic Disease (CMD)
309920950.jpg,4,Healthy
2091029426.jpg,3,Cassava Mosaic Disease (CMD)
836589560.jpg,1,Cassava Brown Streak Disease (CBSD)
2888320334.jpg,3,Cassava Mosaic Disease (CMD)
1832209153.jpg,4,Healthy
1916594362.jpg,4,Healthy
188411023.jpg,3,Cassava Mosaic Disease (CMD)
1598690693.jpg,3,Cassava Mosaic Disease (CMD)
2925813866.jpg,3,Cassava Mosaic Disease (CMD)
2095404633.jpg,1,Cassava Brown Streak Disease (CBSD)
2652140476.jpg,0,Cassava Bacterial Blight (CBB)
2351670510.jpg,3,Cassava Mosaic Disease (CMD)
822187943.jpg,3,Cassava Mosaic Disease (CMD)
2207984247.jpg,1,Cassava Brown Streak Disease (CBSD)
1968070287.jpg,2,Cassava Green Mottle (CGM)
756009491.jpg,3,Cassava Mosaic Disease (CMD)
826144344.jpg,3,Cassava Mosaic Disease (CMD)
4151340541.jpg,3,Cassava Mosaic Disease (CMD)
918675350.jpg,3,Cassava Mosaic Disease (CMD)
1814991024.jpg,1,Cassava Brown Streak Disease (CBSD)
2593129838.jpg,3,Cassava Mosaic Disease (CMD)
974489379.jpg,3,Cassava Mosaic Disease (CMD)
2329316953.jpg,3,Cassava Mosaic Disease (CMD)
3382927919.jpg,3,Cassava Mosaic Disease (CMD)
2115298662.jpg,3,Cassava Mosaic Disease (CMD)
3020106528.jpg,0,Cassava Bacterial Blight (CBB)
3213687782.jpg,3,Cassava Mosaic Disease (CMD)
225662229.jpg,3,Cassava Mosaic Disease (CMD)
27047804.jpg,4,Healthy
3265165430.jpg,3,Cassava Mosaic Disease (CMD)
403372857.jpg,0,Cassava Bacterial Blight (CBB)
1986556511.jpg,3,Cassava Mosaic Disease (CMD)
4282908664.jpg,3,Cassava Mosaic Disease (CMD)
577684636.jpg,2,Cassava Green Mottle (CGM)
2944161091.jpg,0,Cassava Bacterial Blight (CBB)
912150703.jpg,3,Cassava Mosaic Disease (CMD)
2606569889.jpg,3,Cassava Mosaic Disease (CMD)
4100265698.jpg,3,Cassava Mosaic Disease (CMD)
3523980600.jpg,3,Cassava Mosaic Disease (CMD)
334306326.jpg,3,Cassava Mosaic Disease (CMD)
1841364017.jpg,3,Cassava Mosaic Disease (CMD)
3174632328.jpg,3,Cassava Mosaic Disease (CMD)
3520980908.jpg,4,Healthy
2006554729.jpg,2,Cassava Green Mottle (CGM)
3361062779.jpg,3,Cassava Mosaic Disease (CMD)
2498215741.jpg,3,Cassava Mosaic Disease (CMD)
2268307664.jpg,3,Cassava Mosaic Disease (CMD)
3000783510.jpg,2,Cassava Green Mottle (CGM)
2237980387.jpg,4,Healthy
3273351550.jpg,2,Cassava Green Mottle (CGM)
2429433234.jpg,3,Cassava Mosaic Disease (CMD)
684887397.jpg,3,Cassava Mosaic Disease (CMD)
4172721678.jpg,3,Cassava Mosaic Disease (CMD)
1720653126.jpg,3,Cassava Mosaic Disease (CMD)
3247350165.jpg,4,Healthy
1681299084.jpg,2,Cassava Green Mottle (CGM)
541581535.jpg,3,Cassava Mosaic Disease (CMD)
1701785605.jpg,3,Cassava Mosaic Disease (CMD)
3324881806.jpg,2,Cassava Green Mottle (CGM)
3410500965.jpg,2,Cassava Green Mottle (CGM)
4278159410.jpg,3,Cassava Mosaic Disease (CMD)
2893965376.jpg,3,Cassava Mosaic Disease (CMD)
3696677446.jpg,4,Healthy
2551135473.jpg,3,Cassava Mosaic Disease (CMD)
2099908294.jpg,3,Cassava Mosaic Disease (CMD)
2496639150.jpg,3,Cassava Mosaic Disease (CMD)
3896233159.jpg,3,Cassava Mosaic Disease (CMD)
1650474958.jpg,3,Cassava Mosaic Disease (CMD)
1985171979.jpg,2,Cassava Green Mottle (CGM)
1630082707.jpg,3,Cassava Mosaic Disease (CMD)
2799677142.jpg,2,Cassava Green Mottle (CGM)
3504608499.jpg,1,Cassava Brown Streak Disease (CBSD)
3645203518.jpg,3,Cassava Mosaic Disease (CMD)
2738825218.jpg,4,Healthy
1610632486.jpg,3,Cassava Mosaic Disease (CMD)
582179912.jpg,3,Cassava Mosaic Disease (CMD)
3644271564.jpg,3,Cassava Mosaic Disease (CMD)
3092394868.jpg,3,Cassava Mosaic Disease (CMD)
1894124003.jpg,1,Cassava Brown Streak Disease (CBSD)
345296543.jpg,3,Cassava Mosaic Disease (CMD)
1721767789.jpg,3,Cassava Mosaic Disease (CMD)
3980578262.jpg,0,Cassava Bacterial Blight (CBB)
96006478.jpg,3,Cassava Mosaic Disease (CMD)
3288339403.jpg,3,Cassava Mosaic Disease (CMD)
3956155774.jpg,2,Cassava Green Mottle (CGM)
2877381868.jpg,3,Cassava Mosaic Disease (CMD)
2080103817.jpg,3,Cassava Mosaic Disease (CMD)
478400081.jpg,0,Cassava Bacterial Blight (CBB)
3116613979.jpg,3,Cassava Mosaic Disease (CMD)
36663927.jpg,3,Cassava Mosaic Disease (CMD)
2386253796.jpg,3,Cassava Mosaic Disease (CMD)
2903569782.jpg,3,Cassava Mosaic Disease (CMD)
3964876844.jpg,1,Cassava Brown Streak Disease (CBSD)
2640895898.jpg,1,Cassava Brown Streak Disease (CBSD)
1916879367.jpg,1,Cassava Brown Streak Disease (CBSD)
2495608764.jpg,3,Cassava Mosaic Disease (CMD)
2740084860.jpg,0,Cassava Bacterial Blight (CBB)
565965080.jpg,3,Cassava Mosaic Disease (CMD)
2337783115.jpg,3,Cassava Mosaic Disease (CMD)
3309760178.jpg,1,Cassava Brown Streak Disease (CBSD)
1884499886.jpg,4,Healthy
400659016.jpg,3,Cassava Mosaic Disease (CMD)
3795376798.jpg,3,Cassava Mosaic Disease (CMD)
3136472919.jpg,3,Cassava Mosaic Disease (CMD)
3079427314.jpg,3,Cassava Mosaic Disease (CMD)
3257832958.jpg,3,Cassava Mosaic Disease (CMD)
186667196.jpg,3,Cassava Mosaic Disease (CMD)
49440106.jpg,3,Cassava Mosaic Disease (CMD)
2429949557.jpg,3,Cassava Mosaic Disease (CMD)
2465451317.jpg,3,Cassava Mosaic Disease (CMD)
593092759.jpg,3,Cassava Mosaic Disease (CMD)
3944665057.jpg,3,Cassava Mosaic Disease (CMD)
1576606254.jpg,0,Cassava Bacterial Blight (CBB)
2889124481.jpg,3,Cassava Mosaic Disease (CMD)
3521311489.jpg,3,Cassava Mosaic Disease (CMD)
1829820794.jpg,3,Cassava Mosaic Disease (CMD)
2737692918.jpg,0,Cassava Bacterial Blight (CBB)
851527428.jpg,3,Cassava Mosaic Disease (CMD)
461442834.jpg,4,Healthy
3831055532.jpg,4,Healthy
3622486808.jpg,0,Cassava Bacterial Blight (CBB)
813688651.jpg,3,Cassava Mosaic Disease (CMD)
2753540167.jpg,3,Cassava Mosaic Disease (CMD)
3529904728.jpg,2,Cassava Green Mottle (CGM)
167737028.jpg,3,Cassava Mosaic Disease (CMD)
2718731433.jpg,3,Cassava Mosaic Disease (CMD)
987080644.jpg,0,Cassava Bacterial Blight (CBB)
1988989222.jpg,3,Cassava Mosaic Disease (CMD)
2567112394.jpg,3,Cassava Mosaic Disease (CMD)
424686742.jpg,0,Cassava Bacterial Blight (CBB)
2308541209.jpg,4,Healthy
830812751.jpg,0,Cassava Bacterial Blight (CBB)
2700996654.jpg,3,Cassava Mosaic Disease (CMD)
3918738167.jpg,2,Cassava Green Mottle (CGM)
407043133.jpg,4,Healthy
3097618200.jpg,3,Cassava Mosaic Disease (CMD)
2724161068.jpg,1,Cassava Brown Streak Disease (CBSD)
4175172679.jpg,3,Cassava Mosaic Disease (CMD)
3575454686.jpg,4,Healthy
2000281372.jpg,3,Cassava Mosaic Disease (CMD)
4185096944.jpg,3,Cassava Mosaic Disease (CMD)
687693766.jpg,1,Cassava Brown Streak Disease (CBSD)
4096334049.jpg,3,Cassava Mosaic Disease (CMD)
1844952101.jpg,1,Cassava Brown Streak Disease (CBSD)
242977763.jpg,3,Cassava Mosaic Disease (CMD)
994621972.jpg,3,Cassava Mosaic Disease (CMD)
350475912.jpg,4,Healthy
3330498442.jpg,2,Cassava Green Mottle (CGM)
3409768955.jpg,3,Cassava Mosaic Disease (CMD)
3677539514.jpg,1,Cassava Brown Streak Disease (CBSD)
1697686420.jpg,4,Healthy
199104607.jpg,1,Cassava Brown Streak Disease (CBSD)
2878494248.jpg,3,Cassava Mosaic Disease (CMD)
2195231837.jpg,3,Cassava Mosaic Disease (CMD)
2164751945.jpg,3,Cassava Mosaic Disease (CMD)
3665306245.jpg,4,Healthy
2747822505.jpg,3,Cassava Mosaic Disease (CMD)
2264010763.jpg,3,Cassava Mosaic Disease (CMD)
2717285878.jpg,3,Cassava Mosaic Disease (CMD)
3966975834.jpg,2,Cassava Green Mottle (CGM)
1951683874.jpg,1,Cassava Brown Streak Disease (CBSD)
2679366834.jpg,3,Cassava Mosaic Disease (CMD)
1641786362.jpg,2,Cassava Green Mottle (CGM)
2386110044.jpg,3,Cassava Mosaic Disease (CMD)
2209572670.jpg,0,Cassava Bacterial Blight (CBB)
2103377248.jpg,3,Cassava Mosaic Disease (CMD)
793897139.jpg,3,Cassava Mosaic Disease (CMD)
1870606014.jpg,4,Healthy
732560190.jpg,2,Cassava Green Mottle (CGM)
3999919472.jpg,3,Cassava Mosaic Disease (CMD)
2208840546.jpg,3,Cassava Mosaic Disease (CMD)
3685314761.jpg,3,Cassava Mosaic Disease (CMD)
999998473.jpg,4,Healthy
2904271426.jpg,3,Cassava Mosaic Disease (CMD)
2385443091.jpg,2,Cassava Green Mottle (CGM)
1980226433.jpg,3,Cassava Mosaic Disease (CMD)
599325048.jpg,0,Cassava Bacterial Blight (CBB)
3528124006.jpg,3,Cassava Mosaic Disease (CMD)
3151010218.jpg,4,Healthy
257093847.jpg,2,Cassava Green Mottle (CGM)
2763974750.jpg,2,Cassava Green Mottle (CGM)
4105662619.jpg,3,Cassava Mosaic Disease (CMD)
3974455402.jpg,3,Cassava Mosaic Disease (CMD)
1754540967.jpg,3,Cassava Mosaic Disease (CMD)
2870340497.jpg,1,Cassava Brown Streak Disease (CBSD)
1982702143.jpg,3,Cassava Mosaic Disease (CMD)
3899103112.jpg,3,Cassava Mosaic Disease (CMD)
3357990838.jpg,3,Cassava Mosaic Disease (CMD)
2849738435.jpg,3,Cassava Mosaic Disease (CMD)
201201648.jpg,3,Cassava Mosaic Disease (CMD)
329537170.jpg,3,Cassava Mosaic Disease (CMD)
2765109909.jpg,4,Healthy
4291798124.jpg,2,Cassava Green Mottle (CGM)
241455389.jpg,1,Cassava Brown Streak Disease (CBSD)
3594707809.jpg,3,Cassava Mosaic Disease (CMD)
571189248.jpg,3,Cassava Mosaic Disease (CMD)
3991703391.jpg,3,Cassava Mosaic Disease (CMD)
2444106411.jpg,1,Cassava Brown Streak Disease (CBSD)
4088071692.jpg,3,Cassava Mosaic Disease (CMD)
622599265.jpg,3,Cassava Mosaic Disease (CMD)
3892421662.jpg,3,Cassava Mosaic Disease (CMD)
2673180218.jpg,3,Cassava Mosaic Disease (CMD)
3630665946.jpg,4,Healthy
1817835614.jpg,1,Cassava Brown Streak Disease (CBSD)
1857660206.jpg,3,Cassava Mosaic Disease (CMD)
811696349.jpg,3,Cassava Mosaic Disease (CMD)
456464390.jpg,3,Cassava Mosaic Disease (CMD)
2682555583.jpg,3,Cassava Mosaic Disease (CMD)
969194504.jpg,3,Cassava Mosaic Disease (CMD)
3221582204.jpg,3,Cassava Mosaic Disease (CMD)
294745170.jpg,3,Cassava Mosaic Disease (CMD)
3435254116.jpg,3,Cassava Mosaic Disease (CMD)
2595356168.jpg,3,Cassava Mosaic Disease (CMD)
3083319765.jpg,3,Cassava Mosaic Disease (CMD)
4291924776.jpg,4,Healthy
59894282.jpg,4,Healthy
307854780.jpg,3,Cassava Mosaic Disease (CMD)
1974404627.jpg,3,Cassava Mosaic Disease (CMD)
2799462871.jpg,3,Cassava Mosaic Disease (CMD)
603736760.jpg,3,Cassava Mosaic Disease (CMD)
2352335642.jpg,3,Cassava Mosaic Disease (CMD)
805005298.jpg,3,Cassava Mosaic Disease (CMD)
4253189039.jpg,1,Cassava Brown Streak Disease (CBSD)
4173578063.jpg,3,Cassava Mosaic Disease (CMD)
555882055.jpg,1,Cassava Brown Streak Disease (CBSD)
2962905359.jpg,3,Cassava Mosaic Disease (CMD)
2156442432.jpg,3,Cassava Mosaic Disease (CMD)
908540232.jpg,3,Cassava Mosaic Disease (CMD)
381118833.jpg,3,Cassava Mosaic Disease (CMD)
2483192748.jpg,3,Cassava Mosaic Disease (CMD)
74571802.jpg,4,Healthy
3874878415.jpg,3,Cassava Mosaic Disease (CMD)
3412658423.jpg,3,Cassava Mosaic Disease (CMD)
2646122110.jpg,3,Cassava Mosaic Disease (CMD)
2003860919.jpg,3,Cassava Mosaic Disease (CMD)
3961117682.jpg,1,Cassava Brown Streak Disease (CBSD)
3357913578.jpg,3,Cassava Mosaic Disease (CMD)
3713078726.jpg,3,Cassava Mosaic Disease (CMD)
1620448232.jpg,3,Cassava Mosaic Disease (CMD)
3591683248.jpg,0,Cassava Bacterial Blight (CBB)
2382752412.jpg,3,Cassava Mosaic Disease (CMD)
4136833908.jpg,1,Cassava Brown Streak Disease (CBSD)
4256620425.jpg,3,Cassava Mosaic Disease (CMD)
4068888153.jpg,3,Cassava Mosaic Disease (CMD)
3211443011.jpg,1,Cassava Brown Streak Disease (CBSD)
519569660.jpg,2,Cassava Green Mottle (CGM)
2173499031.jpg,3,Cassava Mosaic Disease (CMD)
2433407680.jpg,3,Cassava Mosaic Disease (CMD)
3752024211.jpg,1,Cassava Brown Streak Disease (CBSD)
5430583.jpg,3,Cassava Mosaic Disease (CMD)
694303061.jpg,3,Cassava Mosaic Disease (CMD)
695167489.jpg,0,Cassava Bacterial Blight (CBB)
227385036.jpg,2,Cassava Green Mottle (CGM)
3059290007.jpg,4,Healthy
2444460528.jpg,3,Cassava Mosaic Disease (CMD)
1882080819.jpg,3,Cassava Mosaic Disease (CMD)
3305232077.jpg,1,Cassava Brown Streak Disease (CBSD)
1680657766.jpg,2,Cassava Green Mottle (CGM)
2666280615.jpg,3,Cassava Mosaic Disease (CMD)
443215881.jpg,2,Cassava Green Mottle (CGM)
2289779242.jpg,3,Cassava Mosaic Disease (CMD)
269713568.jpg,1,Cassava Brown Streak Disease (CBSD)
2860693015.jpg,2,Cassava Green Mottle (CGM)
1868445246.jpg,4,Healthy
3805606853.jpg,3,Cassava Mosaic Disease (CMD)
3400328693.jpg,3,Cassava Mosaic Disease (CMD)
2222998086.jpg,2,Cassava Green Mottle (CGM)
2256445671.jpg,3,Cassava Mosaic Disease (CMD)
997973414.jpg,1,Cassava Brown Streak Disease (CBSD)
3343671398.jpg,4,Healthy
766741415.jpg,3,Cassava Mosaic Disease (CMD)
2287436333.jpg,3,Cassava Mosaic Disease (CMD)
3852514218.jpg,2,Cassava Green Mottle (CGM)
2473268326.jpg,0,Cassava Bacterial Blight (CBB)
4237100244.jpg,3,Cassava Mosaic Disease (CMD)
1820923810.jpg,3,Cassava Mosaic Disease (CMD)
2591969481.jpg,0,Cassava Bacterial Blight (CBB)
3416568166.jpg,0,Cassava Bacterial Blight (CBB)
2885564001.jpg,3,Cassava Mosaic Disease (CMD)
3233897514.jpg,1,Cassava Brown Streak Disease (CBSD)
2118892329.jpg,4,Healthy
3757788841.jpg,3,Cassava Mosaic Disease (CMD)
2674932619.jpg,3,Cassava Mosaic Disease (CMD)
847938979.jpg,4,Healthy
514040790.jpg,3,Cassava Mosaic Disease (CMD)
3597180880.jpg,3,Cassava Mosaic Disease (CMD)
948559323.jpg,0,Cassava Bacterial Blight (CBB)
4091748271.jpg,1,Cassava Brown Streak Disease (CBSD)
918168306.jpg,3,Cassava Mosaic Disease (CMD)
2724554893.jpg,3,Cassava Mosaic Disease (CMD)
3817704326.jpg,3,Cassava Mosaic Disease (CMD)
2608202173.jpg,3,Cassava Mosaic Disease (CMD)
2202207984.jpg,3,Cassava Mosaic Disease (CMD)
1606670390.jpg,3,Cassava Mosaic Disease (CMD)
412390858.jpg,2,Cassava Green Mottle (CGM)
827284043.jpg,3,Cassava Mosaic Disease (CMD)
888266861.jpg,1,Cassava Brown Streak Disease (CBSD)
82105739.jpg,2,Cassava Green Mottle (CGM)
3453071010.jpg,4,Healthy
3630227153.jpg,3,Cassava Mosaic Disease (CMD)
4060802139.jpg,0,Cassava Bacterial Blight (CBB)
1602370906.jpg,3,Cassava Mosaic Disease (CMD)
2327104928.jpg,4,Healthy
244543629.jpg,3,Cassava Mosaic Disease (CMD)
2800374869.jpg,3,Cassava Mosaic Disease (CMD)
495769274.jpg,3,Cassava Mosaic Disease (CMD)
90543852.jpg,3,Cassava Mosaic Disease (CMD)
3826311203.jpg,3,Cassava Mosaic Disease (CMD)
4228517372.jpg,3,Cassava Mosaic Disease (CMD)
414587008.jpg,3,Cassava Mosaic Disease (CMD)
2982385664.jpg,1,Cassava Brown Streak Disease (CBSD)
424999624.jpg,3,Cassava Mosaic Disease (CMD)
42026505.jpg,0,Cassava Bacterial Blight (CBB)
547270823.jpg,3,Cassava Mosaic Disease (CMD)
2745137137.jpg,3,Cassava Mosaic Disease (CMD)
3925441906.jpg,3,Cassava Mosaic Disease (CMD)
3102370100.jpg,4,Healthy
986965803.jpg,0,Cassava Bacterial Blight (CBB)
2474746012.jpg,4,Healthy
2640230641.jpg,3,Cassava Mosaic Disease (CMD)
3107630524.jpg,3,Cassava Mosaic Disease (CMD)
595384865.jpg,1,Cassava Brown Streak Disease (CBSD)
954749288.jpg,4,Healthy
3455295356.jpg,3,Cassava Mosaic Disease (CMD)
2138380512.jpg,3,Cassava Mosaic Disease (CMD)
803873425.jpg,1,Cassava Brown Streak Disease (CBSD)
2281738787.jpg,3,Cassava Mosaic Disease (CMD)
226294252.jpg,3,Cassava Mosaic Disease (CMD)
759559409.jpg,1,Cassava Brown Streak Disease (CBSD)
3128583938.jpg,1,Cassava Brown Streak Disease (CBSD)
2337385622.jpg,3,Cassava Mosaic Disease (CMD)
761719454.jpg,3,Cassava Mosaic Disease (CMD)
2389613525.jpg,3,Cassava Mosaic Disease (CMD)
3722195548.jpg,3,Cassava Mosaic Disease (CMD)
3823683287.jpg,2,Cassava Green Mottle (CGM)
2431664846.jpg,3,Cassava Mosaic Disease (CMD)
2042745547.jpg,3,Cassava Mosaic Disease (CMD)
716467114.jpg,2,Cassava Green Mottle (CGM)
683096346.jpg,3,Cassava Mosaic Disease (CMD)
3398825087.jpg,0,Cassava Bacterial Blight (CBB)
1937240444.jpg,2,Cassava Green Mottle (CGM)
4119520540.jpg,3,Cassava Mosaic Disease (CMD)
2813469800.jpg,3,Cassava Mosaic Disease (CMD)
4207507257.jpg,4,Healthy
2866106633.jpg,3,Cassava Mosaic Disease (CMD)
3059834249.jpg,3,Cassava Mosaic Disease (CMD)
3448635186.jpg,3,Cassava Mosaic Disease (CMD)
2054719137.jpg,3,Cassava Mosaic Disease (CMD)
2260460957.jpg,3,Cassava Mosaic Disease (CMD)
2618280590.jpg,4,Healthy
1612152421.jpg,3,Cassava Mosaic Disease (CMD)
1674972630.jpg,2,Cassava Green Mottle (CGM)
296446823.jpg,3,Cassava Mosaic Disease (CMD)
886449535.jpg,0,Cassava Bacterial Blight (CBB)
3037869228.jpg,3,Cassava Mosaic Disease (CMD)
2917694198.jpg,3,Cassava Mosaic Disease (CMD)
3031971659.jpg,3,Cassava Mosaic Disease (CMD)
3303796327.jpg,3,Cassava Mosaic Disease (CMD)
1660477891.jpg,3,Cassava Mosaic Disease (CMD)
3801909688.jpg,3,Cassava Mosaic Disease (CMD)
1870385338.jpg,3,Cassava Mosaic Disease (CMD)
4113678968.jpg,2,Cassava Green Mottle (CGM)
3142330263.jpg,3,Cassava Mosaic Disease (CMD)
2617765379.jpg,0,Cassava Bacterial Blight (CBB)
4233314988.jpg,4,Healthy
2969200705.jpg,1,Cassava Brown Streak Disease (CBSD)
2268050032.jpg,3,Cassava Mosaic Disease (CMD)
3555694863.jpg,4,Healthy
745792080.jpg,3,Cassava Mosaic Disease (CMD)
3366933888.jpg,3,Cassava Mosaic Disease (CMD)
2691672185.jpg,3,Cassava Mosaic Disease (CMD)
1902246685.jpg,2,Cassava Green Mottle (CGM)
1959325934.jpg,3,Cassava Mosaic Disease (CMD)
3594319135.jpg,2,Cassava Green Mottle (CGM)
2525317901.jpg,3,Cassava Mosaic Disease (CMD)
3496923861.jpg,3,Cassava Mosaic Disease (CMD)
545763549.jpg,4,Healthy
2213611476.jpg,1,Cassava Brown Streak Disease (CBSD)
209171639.jpg,3,Cassava Mosaic Disease (CMD)
3428953677.jpg,3,Cassava Mosaic Disease (CMD)
2500939738.jpg,1,Cassava Brown Streak Disease (CBSD)
4042496889.jpg,2,Cassava Green Mottle (CGM)
1938715150.jpg,2,Cassava Green Mottle (CGM)
2546067833.jpg,3,Cassava Mosaic Disease (CMD)
61216809.jpg,3,Cassava Mosaic Disease (CMD)
3224993306.jpg,3,Cassava Mosaic Disease (CMD)
2089741702.jpg,3,Cassava Mosaic Disease (CMD)
2141005261.jpg,3,Cassava Mosaic Disease (CMD)
689866725.jpg,3,Cassava Mosaic Disease (CMD)
3469814138.jpg,3,Cassava Mosaic Disease (CMD)
296641971.jpg,3,Cassava Mosaic Disease (CMD)
4245683638.jpg,4,Healthy
979574790.jpg,1,Cassava Brown Streak Disease (CBSD)
3474078431.jpg,3,Cassava Mosaic Disease (CMD)
3866571802.jpg,0,Cassava Bacterial Blight (CBB)
3162528131.jpg,3,Cassava Mosaic Disease (CMD)
2919893259.jpg,2,Cassava Green Mottle (CGM)
2253584700.jpg,1,Cassava Brown Streak Disease (CBSD)
2229690710.jpg,3,Cassava Mosaic Disease (CMD)
1969270538.jpg,2,Cassava Green Mottle (CGM)
3065582902.jpg,3,Cassava Mosaic Disease (CMD)
3296169925.jpg,3,Cassava Mosaic Disease (CMD)
3785545560.jpg,3,Cassava Mosaic Disease (CMD)
2978135052.jpg,2,Cassava Green Mottle (CGM)
3911343198.jpg,4,Healthy
595835562.jpg,4,Healthy
3763388543.jpg,3,Cassava Mosaic Disease (CMD)
3007566713.jpg,0,Cassava Bacterial Blight (CBB)
2422491518.jpg,3,Cassava Mosaic Disease (CMD)
3993445930.jpg,1,Cassava Brown Streak Disease (CBSD)
3731977760.jpg,3,Cassava Mosaic Disease (CMD)
3511281649.jpg,1,Cassava Brown Streak Disease (CBSD)
194035212.jpg,3,Cassava Mosaic Disease (CMD)
485496455.jpg,3,Cassava Mosaic Disease (CMD)
1815863009.jpg,4,Healthy
2618313082.jpg,1,Cassava Brown Streak Disease (CBSD)
2428748411.jpg,3,Cassava Mosaic Disease (CMD)
3952426045.jpg,3,Cassava Mosaic Disease (CMD)
2510426840.jpg,2,Cassava Green Mottle (CGM)
1762982108.jpg,3,Cassava Mosaic Disease (CMD)
898210047.jpg,3,Cassava Mosaic Disease (CMD)
1890479595.jpg,3,Cassava Mosaic Disease (CMD)
2241165356.jpg,3,Cassava Mosaic Disease (CMD)
4140381716.jpg,3,Cassava Mosaic Disease (CMD)
988318054.jpg,4,Healthy
830772376.jpg,3,Cassava Mosaic Disease (CMD)
3480553170.jpg,3,Cassava Mosaic Disease (CMD)
266548434.jpg,1,Cassava Brown Streak Disease (CBSD)
1799764071.jpg,3,Cassava Mosaic Disease (CMD)
3779623554.jpg,4,Healthy
987098553.jpg,1,Cassava Brown Streak Disease (CBSD)
3283270801.jpg,4,Healthy
3319077836.jpg,1,Cassava Brown Streak Disease (CBSD)
1643057033.jpg,3,Cassava Mosaic Disease (CMD)
41327518.jpg,3,Cassava Mosaic Disease (CMD)
1617688706.jpg,3,Cassava Mosaic Disease (CMD)
3055614106.jpg,3,Cassava Mosaic Disease (CMD)
1856743882.jpg,3,Cassava Mosaic Disease (CMD)
3235584529.jpg,3,Cassava Mosaic Disease (CMD)
3195215192.jpg,0,Cassava Bacterial Blight (CBB)
3441642787.jpg,3,Cassava Mosaic Disease (CMD)
1846294489.jpg,3,Cassava Mosaic Disease (CMD)
4107677180.jpg,3,Cassava Mosaic Disease (CMD)
976680630.jpg,3,Cassava Mosaic Disease (CMD)
253218787.jpg,1,Cassava Brown Streak Disease (CBSD)
1946961119.jpg,3,Cassava Mosaic Disease (CMD)
3809761215.jpg,3,Cassava Mosaic Disease (CMD)
3575732526.jpg,2,Cassava Green Mottle (CGM)
3384690676.jpg,1,Cassava Brown Streak Disease (CBSD)
2269735086.jpg,1,Cassava Brown Streak Disease (CBSD)
1676416724.jpg,3,Cassava Mosaic Disease (CMD)
2041011559.jpg,3,Cassava Mosaic Disease (CMD)
548402353.jpg,3,Cassava Mosaic Disease (CMD)
768744313.jpg,2,Cassava Green Mottle (CGM)
4045142021.jpg,3,Cassava Mosaic Disease (CMD)
2945240485.jpg,3,Cassava Mosaic Disease (CMD)
2206161094.jpg,4,Healthy
3296239193.jpg,2,Cassava Green Mottle (CGM)
3370367169.jpg,2,Cassava Green Mottle (CGM)
683136495.jpg,3,Cassava Mosaic Disease (CMD)
3316789883.jpg,3,Cassava Mosaic Disease (CMD)
2365464309.jpg,4,Healthy
1933911755.jpg,2,Cassava Green Mottle (CGM)
2421154857.jpg,3,Cassava Mosaic Disease (CMD)
2632382068.jpg,1,Cassava Brown Streak Disease (CBSD)
3666803306.jpg,3,Cassava Mosaic Disease (CMD)
775831061.jpg,0,Cassava Bacterial Blight (CBB)
3303186178.jpg,3,Cassava Mosaic Disease (CMD)
1822682006.jpg,3,Cassava Mosaic Disease (CMD)
3621100767.jpg,3,Cassava Mosaic Disease (CMD)
2402760699.jpg,3,Cassava Mosaic Disease (CMD)
3120171714.jpg,3,Cassava Mosaic Disease (CMD)
2610411314.jpg,3,Cassava Mosaic Disease (CMD)
1725598881.jpg,0,Cassava Bacterial Blight (CBB)
330459705.jpg,2,Cassava Green Mottle (CGM)
2077422182.jpg,3,Cassava Mosaic Disease (CMD)
1989388407.jpg,3,Cassava Mosaic Disease (CMD)
974073314.jpg,2,Cassava Green Mottle (CGM)
3144899705.jpg,1,Cassava Brown Streak Disease (CBSD)
4071283452.jpg,0,Cassava Bacterial Blight (CBB)
376932028.jpg,4,Healthy
370269140.jpg,0,Cassava Bacterial Blight (CBB)
2221240763.jpg,0,Cassava Bacterial Blight (CBB)
3017918878.jpg,3,Cassava Mosaic Disease (CMD)
94536090.jpg,3,Cassava Mosaic Disease (CMD)
4024391744.jpg,2,Cassava Green Mottle (CGM)
542560691.jpg,3,Cassava Mosaic Disease (CMD)
3995652879.jpg,2,Cassava Green Mottle (CGM)
340885349.jpg,3,Cassava Mosaic Disease (CMD)
2392729768.jpg,3,Cassava Mosaic Disease (CMD)
573832722.jpg,3,Cassava Mosaic Disease (CMD)
709094492.jpg,3,Cassava Mosaic Disease (CMD)
2250892724.jpg,3,Cassava Mosaic Disease (CMD)
584996062.jpg,0,Cassava Bacterial Blight (CBB)
1761652043.jpg,4,Healthy
252166924.jpg,3,Cassava Mosaic Disease (CMD)
3453865390.jpg,1,Cassava Brown Streak Disease (CBSD)
459155800.jpg,3,Cassava Mosaic Disease (CMD)
2412789448.jpg,2,Cassava Green Mottle (CGM)
3428039754.jpg,3,Cassava Mosaic Disease (CMD)
1637611911.jpg,3,Cassava Mosaic Disease (CMD)
358985142.jpg,3,Cassava Mosaic Disease (CMD)
4205544766.jpg,3,Cassava Mosaic Disease (CMD)
805835204.jpg,3,Cassava Mosaic Disease (CMD)
960202242.jpg,2,Cassava Green Mottle (CGM)
943699790.jpg,2,Cassava Green Mottle (CGM)
445058593.jpg,2,Cassava Green Mottle (CGM)
2321781860.jpg,3,Cassava Mosaic Disease (CMD)
2689770530.jpg,3,Cassava Mosaic Disease (CMD)
2998191298.jpg,3,Cassava Mosaic Disease (CMD)
2806021040.jpg,4,Healthy
3848913045.jpg,3,Cassava Mosaic Disease (CMD)
2042381170.jpg,3,Cassava Mosaic Disease (CMD)
3368294276.jpg,3,Cassava Mosaic Disease (CMD)
3578870027.jpg,3,Cassava Mosaic Disease (CMD)
3432135920.jpg,2,Cassava Green Mottle (CGM)
4211450087.jpg,3,Cassava Mosaic Disease (CMD)
2632442628.jpg,3,Cassava Mosaic Disease (CMD)
3407709856.jpg,3,Cassava Mosaic Disease (CMD)
2181796105.jpg,1,Cassava Brown Streak Disease (CBSD)
1688738629.jpg,2,Cassava Green Mottle (CGM)
3262221593.jpg,0,Cassava Bacterial Blight (CBB)
2906936661.jpg,3,Cassava Mosaic Disease (CMD)
2531011684.jpg,3,Cassava Mosaic Disease (CMD)
2725135519.jpg,3,Cassava Mosaic Disease (CMD)
848551484.jpg,3,Cassava Mosaic Disease (CMD)
423373963.jpg,3,Cassava Mosaic Disease (CMD)
1759065699.jpg,3,Cassava Mosaic Disease (CMD)
3676798253.jpg,3,Cassava Mosaic Disease (CMD)
657542940.jpg,4,Healthy
3859040045.jpg,3,Cassava Mosaic Disease (CMD)
2975904009.jpg,4,Healthy
1838525078.jpg,3,Cassava Mosaic Disease (CMD)
3539102165.jpg,3,Cassava Mosaic Disease (CMD)
292918886.jpg,0,Cassava Bacterial Blight (CBB)
1733574271.jpg,0,Cassava Bacterial Blight (CBB)
1809652943.jpg,3,Cassava Mosaic Disease (CMD)
2228006086.jpg,3,Cassava Mosaic Disease (CMD)
437958298.jpg,1,Cassava Brown Streak Disease (CBSD)
420749600.jpg,4,Healthy
700919274.jpg,4,Healthy
737556184.jpg,3,Cassava Mosaic Disease (CMD)
3162392075.jpg,3,Cassava Mosaic Disease (CMD)
2108802993.jpg,3,Cassava Mosaic Disease (CMD)
199917295.jpg,3,Cassava Mosaic Disease (CMD)
999068805.jpg,3,Cassava Mosaic Disease (CMD)
2199936871.jpg,3,Cassava Mosaic Disease (CMD)
1648944957.jpg,3,Cassava Mosaic Disease (CMD)
2883512033.jpg,3,Cassava Mosaic Disease (CMD)
2416129952.jpg,4,Healthy
2181259401.jpg,4,Healthy
2614224221.jpg,3,Cassava Mosaic Disease (CMD)
2033648478.jpg,4,Healthy
3813620418.jpg,2,Cassava Green Mottle (CGM)
238289094.jpg,3,Cassava Mosaic Disease (CMD)
532235062.jpg,3,Cassava Mosaic Disease (CMD)
3632711020.jpg,3,Cassava Mosaic Disease (CMD)
270776584.jpg,4,Healthy
3740700061.jpg,3,Cassava Mosaic Disease (CMD)
3909057891.jpg,3,Cassava Mosaic Disease (CMD)
4216163881.jpg,3,Cassava Mosaic Disease (CMD)
3822961101.jpg,3,Cassava Mosaic Disease (CMD)
813509621.jpg,2,Cassava Green Mottle (CGM)
2303172633.jpg,3,Cassava Mosaic Disease (CMD)
524234621.jpg,3,Cassava Mosaic Disease (CMD)
912912811.jpg,1,Cassava Brown Streak Disease (CBSD)
2169903873.jpg,3,Cassava Mosaic Disease (CMD)
476487552.jpg,3,Cassava Mosaic Disease (CMD)
1851671093.jpg,3,Cassava Mosaic Disease (CMD)
2154826831.jpg,4,Healthy
898358711.jpg,3,Cassava Mosaic Disease (CMD)
2627264011.jpg,3,Cassava Mosaic Disease (CMD)
3151692315.jpg,3,Cassava Mosaic Disease (CMD)
445689900.jpg,3,Cassava Mosaic Disease (CMD)
1733293864.jpg,4,Healthy
311302257.jpg,3,Cassava Mosaic Disease (CMD)
3779096121.jpg,3,Cassava Mosaic Disease (CMD)
3152667123.jpg,3,Cassava Mosaic Disease (CMD)
1847003440.jpg,3,Cassava Mosaic Disease (CMD)
3316969906.jpg,3,Cassava Mosaic Disease (CMD)
2339434665.jpg,0,Cassava Bacterial Blight (CBB)
3229179609.jpg,1,Cassava Brown Streak Disease (CBSD)
2980488818.jpg,3,Cassava Mosaic Disease (CMD)
3651722659.jpg,3,Cassava Mosaic Disease (CMD)
2963010825.jpg,0,Cassava Bacterial Blight (CBB)
1976266780.jpg,3,Cassava Mosaic Disease (CMD)
2995462009.jpg,3,Cassava Mosaic Disease (CMD)
643044892.jpg,1,Cassava Brown Streak Disease (CBSD)
2324073630.jpg,1,Cassava Brown Streak Disease (CBSD)
3226850517.jpg,3,Cassava Mosaic Disease (CMD)
2438476273.jpg,3,Cassava Mosaic Disease (CMD)
3620408034.jpg,1,Cassava Brown Streak Disease (CBSD)
409443978.jpg,1,Cassava Brown Streak Disease (CBSD)
3024619952.jpg,3,Cassava Mosaic Disease (CMD)
3088621387.jpg,3,Cassava Mosaic Disease (CMD)
291970029.jpg,2,Cassava Green Mottle (CGM)
9516242.jpg,0,Cassava Bacterial Blight (CBB)
2776668542.jpg,3,Cassava Mosaic Disease (CMD)
2692453687.jpg,3,Cassava Mosaic Disease (CMD)
894506110.jpg,3,Cassava Mosaic Disease (CMD)
4215606048.jpg,3,Cassava Mosaic Disease (CMD)
4109440762.jpg,1,Cassava Brown Streak Disease (CBSD)
3172040723.jpg,2,Cassava Green Mottle (CGM)
4054246073.jpg,3,Cassava Mosaic Disease (CMD)
3748568863.jpg,3,Cassava Mosaic Disease (CMD)
3801409970.jpg,1,Cassava Brown Streak Disease (CBSD)
2658779358.jpg,4,Healthy
3549065230.jpg,3,Cassava Mosaic Disease (CMD)
2620149411.jpg,1,Cassava Brown Streak Disease (CBSD)
2140444069.jpg,3,Cassava Mosaic Disease (CMD)
3545118265.jpg,4,Healthy
3637072824.jpg,2,Cassava Green Mottle (CGM)
3750697954.jpg,3,Cassava Mosaic Disease (CMD)
694767625.jpg,3,Cassava Mosaic Disease (CMD)
2549195631.jpg,3,Cassava Mosaic Disease (CMD)
4252539994.jpg,2,Cassava Green Mottle (CGM)
3462014192.jpg,2,Cassava Green Mottle (CGM)
462768820.jpg,3,Cassava Mosaic Disease (CMD)
390391500.jpg,3,Cassava Mosaic Disease (CMD)
4182496583.jpg,3,Cassava Mosaic Disease (CMD)
1924021542.jpg,3,Cassava Mosaic Disease (CMD)
3497672058.jpg,3,Cassava Mosaic Disease (CMD)
2967030825.jpg,0,Cassava Bacterial Blight (CBB)
2017329516.jpg,3,Cassava Mosaic Disease (CMD)
3872624797.jpg,2,Cassava Green Mottle (CGM)
3188464831.jpg,4,Healthy
198333324.jpg,1,Cassava Brown Streak Disease (CBSD)
369159418.jpg,2,Cassava Green Mottle (CGM)
3400236325.jpg,3,Cassava Mosaic Disease (CMD)
3669617106.jpg,3,Cassava Mosaic Disease (CMD)
542786109.jpg,2,Cassava Green Mottle (CGM)
194117678.jpg,3,Cassava Mosaic Disease (CMD)
4131457294.jpg,4,Healthy
3897147846.jpg,1,Cassava Brown Streak Disease (CBSD)
3133830845.jpg,4,Healthy
874590064.jpg,3,Cassava Mosaic Disease (CMD)
837521873.jpg,2,Cassava Green Mottle (CGM)
2175527708.jpg,3,Cassava Mosaic Disease (CMD)
1638051159.jpg,4,Healthy
3009109658.jpg,2,Cassava Green Mottle (CGM)
3104048634.jpg,3,Cassava Mosaic Disease (CMD)
2316863882.jpg,3,Cassava Mosaic Disease (CMD)
3153618395.jpg,3,Cassava Mosaic Disease (CMD)
3005355471.jpg,3,Cassava Mosaic Disease (CMD)
379319725.jpg,2,Cassava Green Mottle (CGM)
4269828095.jpg,3,Cassava Mosaic Disease (CMD)
3602124236.jpg,3,Cassava Mosaic Disease (CMD)
2240579189.jpg,3,Cassava Mosaic Disease (CMD)
4131123441.jpg,3,Cassava Mosaic Disease (CMD)
2068435088.jpg,1,Cassava Brown Streak Disease (CBSD)
3822317149.jpg,4,Healthy
4250231606.jpg,3,Cassava Mosaic Disease (CMD)
2904485094.jpg,2,Cassava Green Mottle (CGM)
3248325951.jpg,2,Cassava Green Mottle (CGM)
3941711412.jpg,1,Cassava Brown Streak Disease (CBSD)
3082742585.jpg,1,Cassava Brown Streak Disease (CBSD)
3737714196.jpg,2,Cassava Green Mottle (CGM)
215336631.jpg,4,Healthy
4177392079.jpg,0,Cassava Bacterial Blight (CBB)
2733982836.jpg,2,Cassava Green Mottle (CGM)
2654269519.jpg,4,Healthy
1939120106.jpg,3,Cassava Mosaic Disease (CMD)
3086663390.jpg,2,Cassava Green Mottle (CGM)
3227352365.jpg,3,Cassava Mosaic Disease (CMD)
2762698333.jpg,3,Cassava Mosaic Disease (CMD)
1971287958.jpg,3,Cassava Mosaic Disease (CMD)
2389323384.jpg,3,Cassava Mosaic Disease (CMD)
526290781.jpg,4,Healthy
630407730.jpg,4,Healthy
2787000269.jpg,3,Cassava Mosaic Disease (CMD)
3191507930.jpg,3,Cassava Mosaic Disease (CMD)
579333790.jpg,1,Cassava Brown Streak Disease (CBSD)
1696401530.jpg,3,Cassava Mosaic Disease (CMD)
1658025063.jpg,2,Cassava Green Mottle (CGM)
860103938.jpg,2,Cassava Green Mottle (CGM)
667058681.jpg,3,Cassava Mosaic Disease (CMD)
2300683900.jpg,3,Cassava Mosaic Disease (CMD)
2853436606.jpg,3,Cassava Mosaic Disease (CMD)
2346788567.jpg,3,Cassava Mosaic Disease (CMD)
2423538120.jpg,4,Healthy
3917185101.jpg,3,Cassava Mosaic Disease (CMD)
2733686258.jpg,3,Cassava Mosaic Disease (CMD)
2490423956.jpg,4,Healthy
2705189411.jpg,1,Cassava Brown Streak Disease (CBSD)
1869084286.jpg,3,Cassava Mosaic Disease (CMD)
563887175.jpg,3,Cassava Mosaic Disease (CMD)
2315459950.jpg,3,Cassava Mosaic Disease (CMD)
4156518225.jpg,3,Cassava Mosaic Disease (CMD)
645991519.jpg,4,Healthy
179556493.jpg,2,Cassava Green Mottle (CGM)
780244327.jpg,4,Healthy
1848550626.jpg,3,Cassava Mosaic Disease (CMD)
1735838200.jpg,4,Healthy
305903694.jpg,3,Cassava Mosaic Disease (CMD)
999616605.jpg,4,Healthy
2196148634.jpg,1,Cassava Brown Streak Disease (CBSD)
2800121117.jpg,3,Cassava Mosaic Disease (CMD)
340679528.jpg,2,Cassava Green Mottle (CGM)
3156249894.jpg,3,Cassava Mosaic Disease (CMD)
2794478176.jpg,3,Cassava Mosaic Disease (CMD)
1844302649.jpg,4,Healthy
645764425.jpg,3,Cassava Mosaic Disease (CMD)
3418474102.jpg,3,Cassava Mosaic Disease (CMD)
2098671662.jpg,1,Cassava Brown Streak Disease (CBSD)
2482838922.jpg,3,Cassava Mosaic Disease (CMD)
3894262995.jpg,3,Cassava Mosaic Disease (CMD)
2771374452.jpg,4,Healthy
4130960215.jpg,3,Cassava Mosaic Disease (CMD)
37954651.jpg,3,Cassava Mosaic Disease (CMD)
1829385451.jpg,3,Cassava Mosaic Disease (CMD)
3182736637.jpg,2,Cassava Green Mottle (CGM)
50223703.jpg,3,Cassava Mosaic Disease (CMD)
2778357931.jpg,0,Cassava Bacterial Blight (CBB)
2417496242.jpg,3,Cassava Mosaic Disease (CMD)
2015310218.jpg,3,Cassava Mosaic Disease (CMD)
1945357896.jpg,3,Cassava Mosaic Disease (CMD)
1674852980.jpg,3,Cassava Mosaic Disease (CMD)
4277213356.jpg,4,Healthy
3105262918.jpg,3,Cassava Mosaic Disease (CMD)
3373631271.jpg,4,Healthy
3092828212.jpg,1,Cassava Brown Streak Disease (CBSD)
4045566880.jpg,2,Cassava Green Mottle (CGM)
2014492318.jpg,3,Cassava Mosaic Disease (CMD)
972622677.jpg,1,Cassava Brown Streak Disease (CBSD)
4292043437.jpg,3,Cassava Mosaic Disease (CMD)
2065009504.jpg,3,Cassava Mosaic Disease (CMD)
4018250398.jpg,3,Cassava Mosaic Disease (CMD)
347862395.jpg,4,Healthy
3016051736.jpg,3,Cassava Mosaic Disease (CMD)
2708373940.jpg,4,Healthy
4140015912.jpg,3,Cassava Mosaic Disease (CMD)
2082399272.jpg,3,Cassava Mosaic Disease (CMD)
3918476365.jpg,3,Cassava Mosaic Disease (CMD)
1798494991.jpg,3,Cassava Mosaic Disease (CMD)
1799648561.jpg,3,Cassava Mosaic Disease (CMD)
2429941129.jpg,3,Cassava Mosaic Disease (CMD)
3633530356.jpg,3,Cassava Mosaic Disease (CMD)
2430685595.jpg,3,Cassava Mosaic Disease (CMD)
2300783000.jpg,3,Cassava Mosaic Disease (CMD)
360706290.jpg,4,Healthy
3020407594.jpg,3,Cassava Mosaic Disease (CMD)
3541075880.jpg,3,Cassava Mosaic Disease (CMD)
2392357022.jpg,3,Cassava Mosaic Disease (CMD)
2590675849.jpg,3,Cassava Mosaic Disease (CMD)
1853237353.jpg,3,Cassava Mosaic Disease (CMD)
3511001525.jpg,3,Cassava Mosaic Disease (CMD)
3901047977.jpg,3,Cassava Mosaic Disease (CMD)
2282336130.jpg,4,Healthy
3323262594.jpg,3,Cassava Mosaic Disease (CMD)
224203532.jpg,3,Cassava Mosaic Disease (CMD)
2444482015.jpg,4,Healthy
912860596.jpg,3,Cassava Mosaic Disease (CMD)
3751355008.jpg,3,Cassava Mosaic Disease (CMD)
621131184.jpg,4,Healthy
2143925311.jpg,0,Cassava Bacterial Blight (CBB)
2072810201.jpg,3,Cassava Mosaic Disease (CMD)
4276501403.jpg,3,Cassava Mosaic Disease (CMD)
3695063777.jpg,3,Cassava Mosaic Disease (CMD)
41404383.jpg,2,Cassava Green Mottle (CGM)
2162974759.jpg,3,Cassava Mosaic Disease (CMD)
3883954527.jpg,3,Cassava Mosaic Disease (CMD)
1981418117.jpg,3,Cassava Mosaic Disease (CMD)
2156480283.jpg,1,Cassava Brown Streak Disease (CBSD)
2328232125.jpg,3,Cassava Mosaic Disease (CMD)
3608785177.jpg,3,Cassava Mosaic Disease (CMD)
3875484369.jpg,3,Cassava Mosaic Disease (CMD)
2366841898.jpg,3,Cassava Mosaic Disease (CMD)
316457574.jpg,1,Cassava Brown Streak Disease (CBSD)
1610155369.jpg,3,Cassava Mosaic Disease (CMD)
2000880399.jpg,3,Cassava Mosaic Disease (CMD)
2180706720.jpg,3,Cassava Mosaic Disease (CMD)
3255212212.jpg,3,Cassava Mosaic Disease (CMD)
678699468.jpg,0,Cassava Bacterial Blight (CBB)
3208135631.jpg,4,Healthy
170814157.jpg,2,Cassava Green Mottle (CGM)
2593737127.jpg,3,Cassava Mosaic Disease (CMD)
2784494814.jpg,2,Cassava Green Mottle (CGM)
183998159.jpg,3,Cassava Mosaic Disease (CMD)
3584128107.jpg,1,Cassava Brown Streak Disease (CBSD)
797580411.jpg,3,Cassava Mosaic Disease (CMD)
2152368754.jpg,3,Cassava Mosaic Disease (CMD)
235787539.jpg,2,Cassava Green Mottle (CGM)
3354273498.jpg,3,Cassava Mosaic Disease (CMD)
3240696459.jpg,3,Cassava Mosaic Disease (CMD)
824811574.jpg,1,Cassava Brown Streak Disease (CBSD)
3808548941.jpg,3,Cassava Mosaic Disease (CMD)
2089003818.jpg,3,Cassava Mosaic Disease (CMD)
4134468341.jpg,3,Cassava Mosaic Disease (CMD)
3789412331.jpg,3,Cassava Mosaic Disease (CMD)
2244982955.jpg,1,Cassava Brown Streak Disease (CBSD)
871711168.jpg,4,Healthy
3524684066.jpg,3,Cassava Mosaic Disease (CMD)
3085973890.jpg,3,Cassava Mosaic Disease (CMD)
3981449307.jpg,3,Cassava Mosaic Disease (CMD)
3729162562.jpg,2,Cassava Green Mottle (CGM)
3583520806.jpg,3,Cassava Mosaic Disease (CMD)
4117178950.jpg,3,Cassava Mosaic Disease (CMD)
2871435111.jpg,2,Cassava Green Mottle (CGM)
3647124621.jpg,1,Cassava Brown Streak Disease (CBSD)
2217091217.jpg,4,Healthy
2549275590.jpg,3,Cassava Mosaic Disease (CMD)
794895924.jpg,3,Cassava Mosaic Disease (CMD)
3497871722.jpg,3,Cassava Mosaic Disease (CMD)
1981041140.jpg,3,Cassava Mosaic Disease (CMD)
3853544751.jpg,3,Cassava Mosaic Disease (CMD)
1933576413.jpg,2,Cassava Green Mottle (CGM)
2097728119.jpg,3,Cassava Mosaic Disease (CMD)
3968384941.jpg,2,Cassava Green Mottle (CGM)
3769435644.jpg,4,Healthy
1850781315.jpg,3,Cassava Mosaic Disease (CMD)
3294260404.jpg,1,Cassava Brown Streak Disease (CBSD)
2306385345.jpg,4,Healthy
875205703.jpg,3,Cassava Mosaic Disease (CMD)
2462747672.jpg,3,Cassava Mosaic Disease (CMD)
306689552.jpg,3,Cassava Mosaic Disease (CMD)
690564008.jpg,3,Cassava Mosaic Disease (CMD)
2756042874.jpg,3,Cassava Mosaic Disease (CMD)
2777420116.jpg,4,Healthy
4222040143.jpg,4,Healthy
2478621909.jpg,3,Cassava Mosaic Disease (CMD)
2098699727.jpg,3,Cassava Mosaic Disease (CMD)
2078942776.jpg,3,Cassava Mosaic Disease (CMD)
2200120036.jpg,1,Cassava Brown Streak Disease (CBSD)
1648964823.jpg,3,Cassava Mosaic Disease (CMD)
3048278043.jpg,3,Cassava Mosaic Disease (CMD)
3634843546.jpg,3,Cassava Mosaic Disease (CMD)
3859623860.jpg,2,Cassava Green Mottle (CGM)
4011808410.jpg,3,Cassava Mosaic Disease (CMD)
3892349499.jpg,3,Cassava Mosaic Disease (CMD)
554189180.jpg,2,Cassava Green Mottle (CGM)
2020679946.jpg,3,Cassava Mosaic Disease (CMD)
2658658551.jpg,3,Cassava Mosaic Disease (CMD)
28277357.jpg,3,Cassava Mosaic Disease (CMD)
2235497249.jpg,3,Cassava Mosaic Disease (CMD)
1957901675.jpg,3,Cassava Mosaic Disease (CMD)
2557871369.jpg,1,Cassava Brown Streak Disease (CBSD)
3250352507.jpg,3,Cassava Mosaic Disease (CMD)
227921485.jpg,4,Healthy
1979887558.jpg,4,Healthy
842361914.jpg,3,Cassava Mosaic Disease (CMD)
2345503598.jpg,3,Cassava Mosaic Disease (CMD)
2199572069.jpg,4,Healthy
2821478840.jpg,3,Cassava Mosaic Disease (CMD)
3391462998.jpg,2,Cassava Green Mottle (CGM)
3856935048.jpg,0,Cassava Bacterial Blight (CBB)
3109710849.jpg,3,Cassava Mosaic Disease (CMD)
8129389.jpg,3,Cassava Mosaic Disease (CMD)
3615848396.jpg,3,Cassava Mosaic Disease (CMD)
2953110907.jpg,1,Cassava Brown Streak Disease (CBSD)
3705669883.jpg,3,Cassava Mosaic Disease (CMD)
2912938303.jpg,3,Cassava Mosaic Disease (CMD)
4292333499.jpg,3,Cassava Mosaic Disease (CMD)
3142222157.jpg,1,Cassava Brown Streak Disease (CBSD)
4035811730.jpg,3,Cassava Mosaic Disease (CMD)
2158845807.jpg,3,Cassava Mosaic Disease (CMD)
3327250048.jpg,0,Cassava Bacterial Blight (CBB)
617719193.jpg,3,Cassava Mosaic Disease (CMD)
60038493.jpg,3,Cassava Mosaic Disease (CMD)
2157322964.jpg,0,Cassava Bacterial Blight (CBB)
1728214886.jpg,4,Healthy
463752462.jpg,3,Cassava Mosaic Disease (CMD)
1802754219.jpg,3,Cassava Mosaic Disease (CMD)
4151371064.jpg,3,Cassava Mosaic Disease (CMD)
3932078375.jpg,3,Cassava Mosaic Disease (CMD)
3022761015.jpg,4,Healthy
94958616.jpg,3,Cassava Mosaic Disease (CMD)
2588915537.jpg,3,Cassava Mosaic Disease (CMD)
2434985861.jpg,2,Cassava Green Mottle (CGM)
2078711421.jpg,1,Cassava Brown Streak Disease (CBSD)
395181448.jpg,4,Healthy
1845555412.jpg,3,Cassava Mosaic Disease (CMD)
2215189222.jpg,2,Cassava Green Mottle (CGM)
2735085014.jpg,4,Healthy
428166614.jpg,3,Cassava Mosaic Disease (CMD)
3880254716.jpg,0,Cassava Bacterial Blight (CBB)
3575313452.jpg,3,Cassava Mosaic Disease (CMD)
3376184680.jpg,3,Cassava Mosaic Disease (CMD)
2406925714.jpg,3,Cassava Mosaic Disease (CMD)
3676581137.jpg,3,Cassava Mosaic Disease (CMD)
4133934896.jpg,3,Cassava Mosaic Disease (CMD)
3347580987.jpg,3,Cassava Mosaic Disease (CMD)
3756625464.jpg,3,Cassava Mosaic Disease (CMD)
2682988710.jpg,2,Cassava Green Mottle (CGM)
2540924084.jpg,3,Cassava Mosaic Disease (CMD)
191741846.jpg,3,Cassava Mosaic Disease (CMD)
2403326058.jpg,3,Cassava Mosaic Disease (CMD)
2685143751.jpg,3,Cassava Mosaic Disease (CMD)
72640810.jpg,3,Cassava Mosaic Disease (CMD)
2151059050.jpg,3,Cassava Mosaic Disease (CMD)
3959033347.jpg,0,Cassava Bacterial Blight (CBB)
3638322339.jpg,4,Healthy
3043835892.jpg,2,Cassava Green Mottle (CGM)
2851044732.jpg,1,Cassava Brown Streak Disease (CBSD)
3115055353.jpg,3,Cassava Mosaic Disease (CMD)
4065072100.jpg,3,Cassava Mosaic Disease (CMD)
475593787.jpg,3,Cassava Mosaic Disease (CMD)
314599917.jpg,4,Healthy
306133807.jpg,3,Cassava Mosaic Disease (CMD)
2519536403.jpg,0,Cassava Bacterial Blight (CBB)
2110510074.jpg,3,Cassava Mosaic Disease (CMD)
1924914.jpg,1,Cassava Brown Streak Disease (CBSD)
3969588604.jpg,2,Cassava Green Mottle (CGM)
3214849616.jpg,3,Cassava Mosaic Disease (CMD)
4126692105.jpg,4,Healthy
3146983924.jpg,2,Cassava Green Mottle (CGM)
3409439748.jpg,3,Cassava Mosaic Disease (CMD)
1619728520.jpg,2,Cassava Green Mottle (CGM)
2340269019.jpg,4,Healthy
2807875042.jpg,3,Cassava Mosaic Disease (CMD)
635664264.jpg,1,Cassava Brown Streak Disease (CBSD)
2799223634.jpg,3,Cassava Mosaic Disease (CMD)
1705452197.jpg,3,Cassava Mosaic Disease (CMD)
2766668976.jpg,3,Cassava Mosaic Disease (CMD)
369175053.jpg,1,Cassava Brown Streak Disease (CBSD)
2316686282.jpg,3,Cassava Mosaic Disease (CMD)
2546354749.jpg,4,Healthy
1622379223.jpg,3,Cassava Mosaic Disease (CMD)
4197748508.jpg,3,Cassava Mosaic Disease (CMD)
421071700.jpg,0,Cassava Bacterial Blight (CBB)
3275448678.jpg,3,Cassava Mosaic Disease (CMD)
171026079.jpg,2,Cassava Green Mottle (CGM)
3800028744.jpg,3,Cassava Mosaic Disease (CMD)
66494240.jpg,4,Healthy
3127762827.jpg,3,Cassava Mosaic Disease (CMD)
282573788.jpg,2,Cassava Green Mottle (CGM)
1620023854.jpg,3,Cassava Mosaic Disease (CMD)
4255258797.jpg,3,Cassava Mosaic Disease (CMD)
654307881.jpg,3,Cassava Mosaic Disease (CMD)
1698873307.jpg,1,Cassava Brown Streak Disease (CBSD)
3287200393.jpg,3,Cassava Mosaic Disease (CMD)
2992863090.jpg,4,Healthy
3844331392.jpg,3,Cassava Mosaic Disease (CMD)
1575013487.jpg,3,Cassava Mosaic Disease (CMD)
578080012.jpg,3,Cassava Mosaic Disease (CMD)
4182987199.jpg,3,Cassava Mosaic Disease (CMD)
1870471457.jpg,3,Cassava Mosaic Disease (CMD)
4061773647.jpg,1,Cassava Brown Streak Disease (CBSD)
27094452.jpg,0,Cassava Bacterial Blight (CBB)
2887993051.jpg,3,Cassava Mosaic Disease (CMD)
2330424994.jpg,3,Cassava Mosaic Disease (CMD)
1973109559.jpg,2,Cassava Green Mottle (CGM)
2337801831.jpg,3,Cassava Mosaic Disease (CMD)
3507556647.jpg,3,Cassava Mosaic Disease (CMD)
3791069345.jpg,3,Cassava Mosaic Disease (CMD)
2269255258.jpg,1,Cassava Brown Streak Disease (CBSD)
2901999193.jpg,3,Cassava Mosaic Disease (CMD)
3902577668.jpg,4,Healthy
3593973663.jpg,4,Healthy
4261378787.jpg,2,Cassava Green Mottle (CGM)
2338923245.jpg,0,Cassava Bacterial Blight (CBB)
284280039.jpg,1,Cassava Brown Streak Disease (CBSD)
2194646466.jpg,3,Cassava Mosaic Disease (CMD)
2907284837.jpg,2,Cassava Green Mottle (CGM)
823914480.jpg,3,Cassava Mosaic Disease (CMD)
2573412810.jpg,1,Cassava Brown Streak Disease (CBSD)
820562857.jpg,3,Cassava Mosaic Disease (CMD)
3777352797.jpg,3,Cassava Mosaic Disease (CMD)
3540255449.jpg,1,Cassava Brown Streak Disease (CBSD)
2837141717.jpg,3,Cassava Mosaic Disease (CMD)
3409149175.jpg,3,Cassava Mosaic Disease (CMD)
4277021360.jpg,3,Cassava Mosaic Disease (CMD)
2834029646.jpg,3,Cassava Mosaic Disease (CMD)
2260389175.jpg,3,Cassava Mosaic Disease (CMD)
3475815024.jpg,3,Cassava Mosaic Disease (CMD)
683492948.jpg,3,Cassava Mosaic Disease (CMD)
2938350467.jpg,3,Cassava Mosaic Disease (CMD)
2167715304.jpg,2,Cassava Green Mottle (CGM)
3588796233.jpg,4,Healthy
2493854488.jpg,3,Cassava Mosaic Disease (CMD)
1852697554.jpg,4,Healthy
527207274.jpg,4,Healthy
888332390.jpg,3,Cassava Mosaic Disease (CMD)
230887462.jpg,3,Cassava Mosaic Disease (CMD)
1675758805.jpg,3,Cassava Mosaic Disease (CMD)
3774922516.jpg,3,Cassava Mosaic Disease (CMD)
2302834762.jpg,3,Cassava Mosaic Disease (CMD)
3285084610.jpg,3,Cassava Mosaic Disease (CMD)
2002168063.jpg,2,Cassava Green Mottle (CGM)
4109950736.jpg,1,Cassava Brown Streak Disease (CBSD)
2047193101.jpg,3,Cassava Mosaic Disease (CMD)
2237533145.jpg,3,Cassava Mosaic Disease (CMD)
2515648929.jpg,3,Cassava Mosaic Disease (CMD)
3019672013.jpg,3,Cassava Mosaic Disease (CMD)
2049272993.jpg,3,Cassava Mosaic Disease (CMD)
2204999536.jpg,3,Cassava Mosaic Disease (CMD)
2698282165.jpg,1,Cassava Brown Streak Disease (CBSD)
1666776898.jpg,3,Cassava Mosaic Disease (CMD)
2683256831.jpg,3,Cassava Mosaic Disease (CMD)
3547980997.jpg,3,Cassava Mosaic Disease (CMD)
3855806697.jpg,3,Cassava Mosaic Disease (CMD)
623381434.jpg,3,Cassava Mosaic Disease (CMD)
3372358709.jpg,0,Cassava Bacterial Blight (CBB)
3577988630.jpg,3,Cassava Mosaic Disease (CMD)
705789219.jpg,3,Cassava Mosaic Disease (CMD)
677870514.jpg,2,Cassava Green Mottle (CGM)
3514373354.jpg,3,Cassava Mosaic Disease (CMD)
1710828726.jpg,3,Cassava Mosaic Disease (CMD)
1712961040.jpg,2,Cassava Green Mottle (CGM)
3212798182.jpg,1,Cassava Brown Streak Disease (CBSD)
2848167687.jpg,3,Cassava Mosaic Disease (CMD)
3811519582.jpg,3,Cassava Mosaic Disease (CMD)
1788069223.jpg,3,Cassava Mosaic Disease (CMD)
2858265000.jpg,3,Cassava Mosaic Disease (CMD)
4292224219.jpg,3,Cassava Mosaic Disease (CMD)
4098458638.jpg,3,Cassava Mosaic Disease (CMD)
3258706928.jpg,4,Healthy
1823946129.jpg,4,Healthy
895280240.jpg,3,Cassava Mosaic Disease (CMD)
636816861.jpg,3,Cassava Mosaic Disease (CMD)
3004595340.jpg,2,Cassava Green Mottle (CGM)
1842263776.jpg,4,Healthy
3405285507.jpg,4,Healthy
4166172905.jpg,2,Cassava Green Mottle (CGM)
4032940326.jpg,2,Cassava Green Mottle (CGM)
4165383936.jpg,0,Cassava Bacterial Blight (CBB)
354223592.jpg,1,Cassava Brown Streak Disease (CBSD)
1690972794.jpg,3,Cassava Mosaic Disease (CMD)
3936409470.jpg,3,Cassava Mosaic Disease (CMD)
4207597254.jpg,0,Cassava Bacterial Blight (CBB)
2599658053.jpg,0,Cassava Bacterial Blight (CBB)
1966321614.jpg,1,Cassava Brown Streak Disease (CBSD)
99645916.jpg,3,Cassava Mosaic Disease (CMD)
2530435874.jpg,3,Cassava Mosaic Disease (CMD)
182316349.jpg,0,Cassava Bacterial Blight (CBB)
679212500.jpg,2,Cassava Green Mottle (CGM)
207991837.jpg,3,Cassava Mosaic Disease (CMD)
472269630.jpg,3,Cassava Mosaic Disease (CMD)
1630512666.jpg,3,Cassava Mosaic Disease (CMD)
3442194922.jpg,3,Cassava Mosaic Disease (CMD)
3413149507.jpg,0,Cassava Bacterial Blight (CBB)
2518671335.jpg,4,Healthy
3107856880.jpg,0,Cassava Bacterial Blight (CBB)
2182495047.jpg,3,Cassava Mosaic Disease (CMD)
4163993800.jpg,3,Cassava Mosaic Disease (CMD)
1820631202.jpg,3,Cassava Mosaic Disease (CMD)
2365463843.jpg,3,Cassava Mosaic Disease (CMD)
4147019519.jpg,3,Cassava Mosaic Disease (CMD)
427226135.jpg,3,Cassava Mosaic Disease (CMD)
2635687747.jpg,3,Cassava Mosaic Disease (CMD)
568585262.jpg,3,Cassava Mosaic Disease (CMD)
2153871702.jpg,3,Cassava Mosaic Disease (CMD)
3822634474.jpg,3,Cassava Mosaic Disease (CMD)
3842462434.jpg,3,Cassava Mosaic Disease (CMD)
2815296701.jpg,4,Healthy
2975952159.jpg,1,Cassava Brown Streak Disease (CBSD)
3762414961.jpg,0,Cassava Bacterial Blight (CBB)
2371511733.jpg,3,Cassava Mosaic Disease (CMD)
2368198157.jpg,0,Cassava Bacterial Blight (CBB)
257692730.jpg,3,Cassava Mosaic Disease (CMD)
96041444.jpg,1,Cassava Brown Streak Disease (CBSD)
885474029.jpg,1,Cassava Brown Streak Disease (CBSD)
4247400003.jpg,3,Cassava Mosaic Disease (CMD)
1758073225.jpg,3,Cassava Mosaic Disease (CMD)
2280588876.jpg,3,Cassava Mosaic Disease (CMD)
3924060027.jpg,3,Cassava Mosaic Disease (CMD)
2522202499.jpg,1,Cassava Brown Streak Disease (CBSD)
3699953741.jpg,4,Healthy
1968596086.jpg,4,Healthy
1752487129.jpg,3,Cassava Mosaic Disease (CMD)
491341032.jpg,3,Cassava Mosaic Disease (CMD)
2266545283.jpg,3,Cassava Mosaic Disease (CMD)
3345535790.jpg,3,Cassava Mosaic Disease (CMD)
4183312671.jpg,3,Cassava Mosaic Disease (CMD)
3274533152.jpg,3,Cassava Mosaic Disease (CMD)
3790164686.jpg,3,Cassava Mosaic Disease (CMD)
1618933538.jpg,3,Cassava Mosaic Disease (CMD)
732613479.jpg,3,Cassava Mosaic Disease (CMD)
211507640.jpg,1,Cassava Brown Streak Disease (CBSD)
2177328825.jpg,3,Cassava Mosaic Disease (CMD)
3856478006.jpg,1,Cassava Brown Streak Disease (CBSD)
675146219.jpg,4,Healthy
234486821.jpg,3,Cassava Mosaic Disease (CMD)
3048105792.jpg,3,Cassava Mosaic Disease (CMD)
2254446708.jpg,3,Cassava Mosaic Disease (CMD)
3668854435.jpg,4,Healthy
1744118582.jpg,3,Cassava Mosaic Disease (CMD)
566279368.jpg,3,Cassava Mosaic Disease (CMD)
2828195136.jpg,0,Cassava Bacterial Blight (CBB)
3655868207.jpg,3,Cassava Mosaic Disease (CMD)
338729354.jpg,4,Healthy
2527840845.jpg,3,Cassava Mosaic Disease (CMD)
2356938780.jpg,0,Cassava Bacterial Blight (CBB)
766864157.jpg,3,Cassava Mosaic Disease (CMD)
3491333559.jpg,3,Cassava Mosaic Disease (CMD)
1931732509.jpg,2,Cassava Green Mottle (CGM)
2398068893.jpg,3,Cassava Mosaic Disease (CMD)
2883466780.jpg,3,Cassava Mosaic Disease (CMD)
67533463.jpg,0,Cassava Bacterial Blight (CBB)
1953482304.jpg,4,Healthy
1959916308.jpg,4,Healthy
624911036.jpg,3,Cassava Mosaic Disease (CMD)
1760495628.jpg,4,Healthy
2806638310.jpg,0,Cassava Bacterial Blight (CBB)
69119767.jpg,1,Cassava Brown Streak Disease (CBSD)
943634756.jpg,3,Cassava Mosaic Disease (CMD)
2556598810.jpg,3,Cassava Mosaic Disease (CMD)
2925148660.jpg,3,Cassava Mosaic Disease (CMD)
2136568472.jpg,3,Cassava Mosaic Disease (CMD)
2924890982.jpg,1,Cassava Brown Streak Disease (CBSD)
1716118009.jpg,4,Healthy
3836245009.jpg,0,Cassava Bacterial Blight (CBB)
4029905096.jpg,3,Cassava Mosaic Disease (CMD)
3620351834.jpg,4,Healthy
3041790402.jpg,1,Cassava Brown Streak Disease (CBSD)
2313757161.jpg,1,Cassava Brown Streak Disease (CBSD)
3311561810.jpg,3,Cassava Mosaic Disease (CMD)
2401911774.jpg,1,Cassava Brown Streak Disease (CBSD)
748237612.jpg,3,Cassava Mosaic Disease (CMD)
2412339095.jpg,3,Cassava Mosaic Disease (CMD)
2344592304.jpg,4,Healthy
1790610491.jpg,3,Cassava Mosaic Disease (CMD)
4089645917.jpg,4,Healthy
4248003612.jpg,3,Cassava Mosaic Disease (CMD)
337105713.jpg,1,Cassava Brown Streak Disease (CBSD)
1831712346.jpg,4,Healthy
920981656.jpg,3,Cassava Mosaic Disease (CMD)
873095310.jpg,2,Cassava Green Mottle (CGM)
3162425468.jpg,3,Cassava Mosaic Disease (CMD)
2182500020.jpg,1,Cassava Brown Streak Disease (CBSD)
3126447146.jpg,3,Cassava Mosaic Disease (CMD)
2607316834.jpg,3,Cassava Mosaic Disease (CMD)
410264599.jpg,3,Cassava Mosaic Disease (CMD)
872498616.jpg,4,Healthy
560888503.jpg,4,Healthy
1987652657.jpg,3,Cassava Mosaic Disease (CMD)
3395591441.jpg,4,Healthy
785210463.jpg,3,Cassava Mosaic Disease (CMD)
169189292.jpg,3,Cassava Mosaic Disease (CMD)
2964894832.jpg,3,Cassava Mosaic Disease (CMD)
3951384519.jpg,3,Cassava Mosaic Disease (CMD)
1779392681.jpg,3,Cassava Mosaic Disease (CMD)
1711244110.jpg,1,Cassava Brown Streak Disease (CBSD)
2494580860.jpg,3,Cassava Mosaic Disease (CMD)
2677475578.jpg,4,Healthy
2597005911.jpg,2,Cassava Green Mottle (CGM)
3107549236.jpg,1,Cassava Brown Streak Disease (CBSD)
813262235.jpg,3,Cassava Mosaic Disease (CMD)
4265873256.jpg,1,Cassava Brown Streak Disease (CBSD)
4245562546.jpg,3,Cassava Mosaic Disease (CMD)
2177936917.jpg,3,Cassava Mosaic Disease (CMD)
3903622847.jpg,4,Healthy
3292555378.jpg,3,Cassava Mosaic Disease (CMD)
2112497230.jpg,2,Cassava Green Mottle (CGM)
2542096748.jpg,3,Cassava Mosaic Disease (CMD)
269761139.jpg,3,Cassava Mosaic Disease (CMD)
2305895487.jpg,3,Cassava Mosaic Disease (CMD)
404883957.jpg,1,Cassava Brown Streak Disease (CBSD)
4157431857.jpg,3,Cassava Mosaic Disease (CMD)
249561882.jpg,3,Cassava Mosaic Disease (CMD)
1879306214.jpg,1,Cassava Brown Streak Disease (CBSD)
3458429968.jpg,3,Cassava Mosaic Disease (CMD)
3558474952.jpg,3,Cassava Mosaic Disease (CMD)
947554618.jpg,3,Cassava Mosaic Disease (CMD)
2520465654.jpg,3,Cassava Mosaic Disease (CMD)
3376635954.jpg,3,Cassava Mosaic Disease (CMD)
291224369.jpg,3,Cassava Mosaic Disease (CMD)
3498094604.jpg,2,Cassava Green Mottle (CGM)
1829924843.jpg,2,Cassava Green Mottle (CGM)
748448917.jpg,3,Cassava Mosaic Disease (CMD)
2609756462.jpg,4,Healthy
2205985978.jpg,3,Cassava Mosaic Disease (CMD)
245825296.jpg,3,Cassava Mosaic Disease (CMD)
3254622501.jpg,3,Cassava Mosaic Disease (CMD)
803511182.jpg,2,Cassava Green Mottle (CGM)
296436615.jpg,3,Cassava Mosaic Disease (CMD)
2480152514.jpg,3,Cassava Mosaic Disease (CMD)
2878672809.jpg,3,Cassava Mosaic Disease (CMD)
3242129784.jpg,3,Cassava Mosaic Disease (CMD)
187343662.jpg,3,Cassava Mosaic Disease (CMD)
3687557580.jpg,0,Cassava Bacterial Blight (CBB)
93194372.jpg,0,Cassava Bacterial Blight (CBB)
2796457188.jpg,3,Cassava Mosaic Disease (CMD)
653660984.jpg,3,Cassava Mosaic Disease (CMD)
581164870.jpg,2,Cassava Green Mottle (CGM)
4365857.jpg,2,Cassava Green Mottle (CGM)
2486212637.jpg,3,Cassava Mosaic Disease (CMD)
2771179588.jpg,3,Cassava Mosaic Disease (CMD)
314810495.jpg,1,Cassava Brown Streak Disease (CBSD)
3683884881.jpg,3,Cassava Mosaic Disease (CMD)
2982922250.jpg,1,Cassava Brown Streak Disease (CBSD)
3992509961.jpg,3,Cassava Mosaic Disease (CMD)
1782014584.jpg,3,Cassava Mosaic Disease (CMD)
1888672105.jpg,4,Healthy
2779467880.jpg,2,Cassava Green Mottle (CGM)
807322814.jpg,3,Cassava Mosaic Disease (CMD)
685003567.jpg,0,Cassava Bacterial Blight (CBB)
3061295375.jpg,3,Cassava Mosaic Disease (CMD)
1902258647.jpg,3,Cassava Mosaic Disease (CMD)
806185900.jpg,3,Cassava Mosaic Disease (CMD)
3533408117.jpg,3,Cassava Mosaic Disease (CMD)
451285147.jpg,4,Healthy
81164598.jpg,3,Cassava Mosaic Disease (CMD)
3340211522.jpg,0,Cassava Bacterial Blight (CBB)
965133347.jpg,4,Healthy
1797773732.jpg,0,Cassava Bacterial Blight (CBB)
945680317.jpg,3,Cassava Mosaic Disease (CMD)
3030489629.jpg,3,Cassava Mosaic Disease (CMD)
3232803826.jpg,3,Cassava Mosaic Disease (CMD)
1623050708.jpg,3,Cassava Mosaic Disease (CMD)
403458333.jpg,1,Cassava Brown Streak Disease (CBSD)
764628702.jpg,3,Cassava Mosaic Disease (CMD)
84269918.jpg,4,Healthy
4150333729.jpg,4,Healthy
2496707539.jpg,3,Cassava Mosaic Disease (CMD)
204827795.jpg,3,Cassava Mosaic Disease (CMD)
2529805366.jpg,3,Cassava Mosaic Disease (CMD)
2812234258.jpg,3,Cassava Mosaic Disease (CMD)
748745239.jpg,2,Cassava Green Mottle (CGM)
197701687.jpg,3,Cassava Mosaic Disease (CMD)
327801627.jpg,3,Cassava Mosaic Disease (CMD)
3118379972.jpg,3,Cassava Mosaic Disease (CMD)
1841279687.jpg,3,Cassava Mosaic Disease (CMD)
459566440.jpg,0,Cassava Bacterial Blight (CBB)
244407780.jpg,0,Cassava Bacterial Blight (CBB)
4196557563.jpg,3,Cassava Mosaic Disease (CMD)
3849266857.jpg,3,Cassava Mosaic Disease (CMD)
4551119.jpg,3,Cassava Mosaic Disease (CMD)
3383255347.jpg,4,Healthy
2002208797.jpg,3,Cassava Mosaic Disease (CMD)
3997582442.jpg,3,Cassava Mosaic Disease (CMD)
2856324401.jpg,3,Cassava Mosaic Disease (CMD)
591760666.jpg,3,Cassava Mosaic Disease (CMD)
2516136783.jpg,3,Cassava Mosaic Disease (CMD)
1796191923.jpg,3,Cassava Mosaic Disease (CMD)
2901708909.jpg,3,Cassava Mosaic Disease (CMD)
2462241027.jpg,3,Cassava Mosaic Disease (CMD)
554488826.jpg,1,Cassava Brown Streak Disease (CBSD)
936011517.jpg,3,Cassava Mosaic Disease (CMD)
1654830882.jpg,3,Cassava Mosaic Disease (CMD)
871251409.jpg,3,Cassava Mosaic Disease (CMD)
3286430972.jpg,3,Cassava Mosaic Disease (CMD)
2225062882.jpg,4,Healthy
2028546131.jpg,4,Healthy
1772879705.jpg,4,Healthy
3029101771.jpg,3,Cassava Mosaic Disease (CMD)
2505046113.jpg,0,Cassava Bacterial Blight (CBB)
3565572156.jpg,3,Cassava Mosaic Disease (CMD)
470010237.jpg,3,Cassava Mosaic Disease (CMD)
343786903.jpg,3,Cassava Mosaic Disease (CMD)
726948358.jpg,3,Cassava Mosaic Disease (CMD)
3109752948.jpg,3,Cassava Mosaic Disease (CMD)
2064730340.jpg,3,Cassava Mosaic Disease (CMD)
3299964343.jpg,3,Cassava Mosaic Disease (CMD)
49533395.jpg,2,Cassava Green Mottle (CGM)
3501265654.jpg,4,Healthy
3161381018.jpg,4,Healthy
3770843515.jpg,3,Cassava Mosaic Disease (CMD)
3259441892.jpg,3,Cassava Mosaic Disease (CMD)
1981073260.jpg,0,Cassava Bacterial Blight (CBB)
2349933641.jpg,3,Cassava Mosaic Disease (CMD)
2175751790.jpg,3,Cassava Mosaic Disease (CMD)
2542175264.jpg,3,Cassava Mosaic Disease (CMD)
2740857418.jpg,4,Healthy
4290786696.jpg,3,Cassava Mosaic Disease (CMD)
3943832883.jpg,3,Cassava Mosaic Disease (CMD)
3284991381.jpg,3,Cassava Mosaic Disease (CMD)
2437213619.jpg,3,Cassava Mosaic Disease (CMD)
3793664928.jpg,1,Cassava Brown Streak Disease (CBSD)
904699922.jpg,4,Healthy
253146039.jpg,0,Cassava Bacterial Blight (CBB)
3784391347.jpg,2,Cassava Green Mottle (CGM)
3174117407.jpg,2,Cassava Green Mottle (CGM)
611831978.jpg,2,Cassava Green Mottle (CGM)
3963293417.jpg,3,Cassava Mosaic Disease (CMD)
1691917983.jpg,3,Cassava Mosaic Disease (CMD)
1927374168.jpg,3,Cassava Mosaic Disease (CMD)
971500459.jpg,3,Cassava Mosaic Disease (CMD)
477466097.jpg,4,Healthy
1707820452.jpg,4,Healthy
4276075687.jpg,1,Cassava Brown Streak Disease (CBSD)
3500044378.jpg,4,Healthy
2626785894.jpg,0,Cassava Bacterial Blight (CBB)
3854386942.jpg,3,Cassava Mosaic Disease (CMD)
282061991.jpg,3,Cassava Mosaic Disease (CMD)
3238435755.jpg,3,Cassava Mosaic Disease (CMD)
4089978663.jpg,3,Cassava Mosaic Disease (CMD)
2298308938.jpg,0,Cassava Bacterial Blight (CBB)
3157359243.jpg,2,Cassava Green Mottle (CGM)
1915645722.jpg,4,Healthy
183316854.jpg,3,Cassava Mosaic Disease (CMD)
780810143.jpg,3,Cassava Mosaic Disease (CMD)
30053778.jpg,3,Cassava Mosaic Disease (CMD)
2191328263.jpg,4,Healthy
3493323158.jpg,3,Cassava Mosaic Disease (CMD)
2592058487.jpg,4,Healthy
3306255309.jpg,0,Cassava Bacterial Blight (CBB)
232481441.jpg,3,Cassava Mosaic Disease (CMD)
87302244.jpg,3,Cassava Mosaic Disease (CMD)
2018748620.jpg,3,Cassava Mosaic Disease (CMD)
3223282866.jpg,3,Cassava Mosaic Disease (CMD)
815181959.jpg,0,Cassava Bacterial Blight (CBB)
2878808214.jpg,3,Cassava Mosaic Disease (CMD)
1769895706.jpg,3,Cassava Mosaic Disease (CMD)
2035009601.jpg,4,Healthy
2624736649.jpg,3,Cassava Mosaic Disease (CMD)
1838219986.jpg,2,Cassava Green Mottle (CGM)
197432034.jpg,2,Cassava Green Mottle (CGM)
1682299649.jpg,3,Cassava Mosaic Disease (CMD)
3580225233.jpg,1,Cassava Brown Streak Disease (CBSD)
984192870.jpg,3,Cassava Mosaic Disease (CMD)
620158263.jpg,4,Healthy
283668600.jpg,1,Cassava Brown Streak Disease (CBSD)
442179764.jpg,3,Cassava Mosaic Disease (CMD)
365212553.jpg,3,Cassava Mosaic Disease (CMD)
2780503460.jpg,3,Cassava Mosaic Disease (CMD)
4051205328.jpg,3,Cassava Mosaic Disease (CMD)
916448505.jpg,0,Cassava Bacterial Blight (CBB)
3675829567.jpg,4,Healthy
2627091527.jpg,3,Cassava Mosaic Disease (CMD)
3095245950.jpg,3,Cassava Mosaic Disease (CMD)
4092623035.jpg,3,Cassava Mosaic Disease (CMD)
2489013604.jpg,1,Cassava Brown Streak Disease (CBSD)
2016031973.jpg,3,Cassava Mosaic Disease (CMD)
2763682607.jpg,3,Cassava Mosaic Disease (CMD)
2074319088.jpg,4,Healthy
226029154.jpg,4,Healthy
1996117049.jpg,3,Cassava Mosaic Disease (CMD)
2145619131.jpg,3,Cassava Mosaic Disease (CMD)
2420952277.jpg,3,Cassava Mosaic Disease (CMD)
2358834475.jpg,3,Cassava Mosaic Disease (CMD)
3773447905.jpg,1,Cassava Brown Streak Disease (CBSD)
3285343961.jpg,3,Cassava Mosaic Disease (CMD)
3478004447.jpg,3,Cassava Mosaic Disease (CMD)
2250996072.jpg,2,Cassava Green Mottle (CGM)
2138243842.jpg,3,Cassava Mosaic Disease (CMD)
519363437.jpg,3,Cassava Mosaic Disease (CMD)
1865586599.jpg,1,Cassava Brown Streak Disease (CBSD)
2009562351.jpg,3,Cassava Mosaic Disease (CMD)
3743063654.jpg,4,Healthy
2033655713.jpg,4,Healthy
408698793.jpg,3,Cassava Mosaic Disease (CMD)
2227901688.jpg,3,Cassava Mosaic Disease (CMD)
2123562479.jpg,3,Cassava Mosaic Disease (CMD)
4255196582.jpg,3,Cassava Mosaic Disease (CMD)
1622914804.jpg,3,Cassava Mosaic Disease (CMD)
4288246700.jpg,4,Healthy
884267453.jpg,2,Cassava Green Mottle (CGM)
3746679490.jpg,4,Healthy
4210295166.jpg,3,Cassava Mosaic Disease (CMD)
836250152.jpg,3,Cassava Mosaic Disease (CMD)
3358566810.jpg,1,Cassava Brown Streak Disease (CBSD)
261186049.jpg,3,Cassava Mosaic Disease (CMD)
455970803.jpg,3,Cassava Mosaic Disease (CMD)
2470178164.jpg,1,Cassava Brown Streak Disease (CBSD)
191139600.jpg,1,Cassava Brown Streak Disease (CBSD)
833990099.jpg,3,Cassava Mosaic Disease (CMD)
4246986532.jpg,3,Cassava Mosaic Disease (CMD)
2824600789.jpg,3,Cassava Mosaic Disease (CMD)
2036966083.jpg,3,Cassava Mosaic Disease (CMD)
2449161051.jpg,3,Cassava Mosaic Disease (CMD)
2364886461.jpg,3,Cassava Mosaic Disease (CMD)
2592676258.jpg,2,Cassava Green Mottle (CGM)
1878994621.jpg,3,Cassava Mosaic Disease (CMD)
2385674368.jpg,3,Cassava Mosaic Disease (CMD)
808180923.jpg,3,Cassava Mosaic Disease (CMD)
1672251151.jpg,4,Healthy
3537608391.jpg,2,Cassava Green Mottle (CGM)
2508483326.jpg,3,Cassava Mosaic Disease (CMD)
801908113.jpg,4,Healthy
3728848474.jpg,3,Cassava Mosaic Disease (CMD)
4091446019.jpg,3,Cassava Mosaic Disease (CMD)
3808339599.jpg,2,Cassava Green Mottle (CGM)
26253906.jpg,2,Cassava Green Mottle (CGM)
2168573204.jpg,3,Cassava Mosaic Disease (CMD)
697821709.jpg,3,Cassava Mosaic Disease (CMD)
3914596588.jpg,4,Healthy
598746218.jpg,3,Cassava Mosaic Disease (CMD)
960773451.jpg,1,Cassava Brown Streak Disease (CBSD)
2493815329.jpg,3,Cassava Mosaic Disease (CMD)
1916638324.jpg,2,Cassava Green Mottle (CGM)
3374362215.jpg,1,Cassava Brown Streak Disease (CBSD)
44786547.jpg,3,Cassava Mosaic Disease (CMD)
4272684860.jpg,2,Cassava Green Mottle (CGM)
3670288988.jpg,3,Cassava Mosaic Disease (CMD)
2498535927.jpg,3,Cassava Mosaic Disease (CMD)
3845401101.jpg,3,Cassava Mosaic Disease (CMD)
1899678596.jpg,1,Cassava Brown Streak Disease (CBSD)
4113877744.jpg,4,Healthy
3656581158.jpg,3,Cassava Mosaic Disease (CMD)
1916750786.jpg,3,Cassava Mosaic Disease (CMD)
2540784633.jpg,3,Cassava Mosaic Disease (CMD)
4146139706.jpg,3,Cassava Mosaic Disease (CMD)
1865345123.jpg,3,Cassava Mosaic Disease (CMD)
3916490828.jpg,3,Cassava Mosaic Disease (CMD)
857551546.jpg,2,Cassava Green Mottle (CGM)
1825174376.jpg,3,Cassava Mosaic Disease (CMD)
3183645575.jpg,1,Cassava Brown Streak Disease (CBSD)
545206870.jpg,3,Cassava Mosaic Disease (CMD)
3058839740.jpg,3,Cassava Mosaic Disease (CMD)
3324270352.jpg,3,Cassava Mosaic Disease (CMD)
3367950793.jpg,1,Cassava Brown Streak Disease (CBSD)
240988972.jpg,3,Cassava Mosaic Disease (CMD)
473238027.jpg,3,Cassava Mosaic Disease (CMD)
473806024.jpg,3,Cassava Mosaic Disease (CMD)
821895788.jpg,2,Cassava Green Mottle (CGM)
2803815396.jpg,3,Cassava Mosaic Disease (CMD)
3526787181.jpg,0,Cassava Bacterial Blight (CBB)
3352750997.jpg,3,Cassava Mosaic Disease (CMD)
4163008109.jpg,3,Cassava Mosaic Disease (CMD)
3826775864.jpg,2,Cassava Green Mottle (CGM)
40696329.jpg,3,Cassava Mosaic Disease (CMD)
1647997010.jpg,3,Cassava Mosaic Disease (CMD)
3195152645.jpg,3,Cassava Mosaic Disease (CMD)
4035835394.jpg,4,Healthy
3227590908.jpg,4,Healthy
1598087640.jpg,3,Cassava Mosaic Disease (CMD)
2245464938.jpg,3,Cassava Mosaic Disease (CMD)
2479205385.jpg,4,Healthy
3407371843.jpg,3,Cassava Mosaic Disease (CMD)
3523883527.jpg,3,Cassava Mosaic Disease (CMD)
2946005608.jpg,3,Cassava Mosaic Disease (CMD)
2887371997.jpg,3,Cassava Mosaic Disease (CMD)
3546224869.jpg,2,Cassava Green Mottle (CGM)
53164927.jpg,2,Cassava Green Mottle (CGM)
953808797.jpg,1,Cassava Brown Streak Disease (CBSD)
2360611086.jpg,1,Cassava Brown Streak Disease (CBSD)
3468200884.jpg,3,Cassava Mosaic Disease (CMD)
1964600968.jpg,4,Healthy
3412091699.jpg,3,Cassava Mosaic Disease (CMD)
2656071193.jpg,3,Cassava Mosaic Disease (CMD)
1733285805.jpg,3,Cassava Mosaic Disease (CMD)
2648775030.jpg,3,Cassava Mosaic Disease (CMD)
4273998923.jpg,3,Cassava Mosaic Disease (CMD)
4009113191.jpg,4,Healthy
3452080171.jpg,3,Cassava Mosaic Disease (CMD)
489369440.jpg,1,Cassava Brown Streak Disease (CBSD)
2740053023.jpg,3,Cassava Mosaic Disease (CMD)
191783616.jpg,3,Cassava Mosaic Disease (CMD)
867025399.jpg,4,Healthy
381393296.jpg,4,Healthy
3536394674.jpg,1,Cassava Brown Streak Disease (CBSD)
1776338335.jpg,3,Cassava Mosaic Disease (CMD)
1667727245.jpg,2,Cassava Green Mottle (CGM)
3170957509.jpg,2,Cassava Green Mottle (CGM)
22116035.jpg,2,Cassava Green Mottle (CGM)
3982972908.jpg,3,Cassava Mosaic Disease (CMD)
421035788.jpg,1,Cassava Brown Streak Disease (CBSD)
2731257282.jpg,0,Cassava Bacterial Blight (CBB)
3503950534.jpg,3,Cassava Mosaic Disease (CMD)
2027821196.jpg,3,Cassava Mosaic Disease (CMD)
764093492.jpg,3,Cassava Mosaic Disease (CMD)
3527494805.jpg,3,Cassava Mosaic Disease (CMD)
2399421947.jpg,1,Cassava Brown Streak Disease (CBSD)
3660846961.jpg,4,Healthy
3063643344.jpg,2,Cassava Green Mottle (CGM)
4116832468.jpg,2,Cassava Green Mottle (CGM)
2129562481.jpg,3,Cassava Mosaic Disease (CMD)
1655630395.jpg,4,Healthy
385687647.jpg,3,Cassava Mosaic Disease (CMD)
1845811420.jpg,2,Cassava Green Mottle (CGM)
4086759203.jpg,3,Cassava Mosaic Disease (CMD)
4037648479.jpg,2,Cassava Green Mottle (CGM)
3609190919.jpg,3,Cassava Mosaic Disease (CMD)
2307329953.jpg,3,Cassava Mosaic Disease (CMD)
2701234682.jpg,1,Cassava Brown Streak Disease (CBSD)
2376221892.jpg,0,Cassava Bacterial Blight (CBB)
2182855809.jpg,2,Cassava Green Mottle (CGM)
3027691323.jpg,2,Cassava Green Mottle (CGM)
2530575673.jpg,3,Cassava Mosaic Disease (CMD)
43315915.jpg,3,Cassava Mosaic Disease (CMD)
4174883420.jpg,3,Cassava Mosaic Disease (CMD)
3569836367.jpg,3,Cassava Mosaic Disease (CMD)
3954399974.jpg,3,Cassava Mosaic Disease (CMD)
2620251115.jpg,3,Cassava Mosaic Disease (CMD)
4286169099.jpg,4,Healthy
4266883021.jpg,3,Cassava Mosaic Disease (CMD)
62070739.jpg,3,Cassava Mosaic Disease (CMD)
2051629821.jpg,1,Cassava Brown Streak Disease (CBSD)
26805266.jpg,3,Cassava Mosaic Disease (CMD)
2649504439.jpg,3,Cassava Mosaic Disease (CMD)
2602456265.jpg,3,Cassava Mosaic Disease (CMD)
3854724979.jpg,3,Cassava Mosaic Disease (CMD)
2262665765.jpg,3,Cassava Mosaic Disease (CMD)
251635361.jpg,3,Cassava Mosaic Disease (CMD)
920229727.jpg,3,Cassava Mosaic Disease (CMD)
2260330058.jpg,3,Cassava Mosaic Disease (CMD)
1708272304.jpg,3,Cassava Mosaic Disease (CMD)
2929693289.jpg,2,Cassava Green Mottle (CGM)
2105063058.jpg,3,Cassava Mosaic Disease (CMD)
595567358.jpg,2,Cassava Green Mottle (CGM)
4153204450.jpg,0,Cassava Bacterial Blight (CBB)
935569912.jpg,3,Cassava Mosaic Disease (CMD)
232596456.jpg,3,Cassava Mosaic Disease (CMD)
2479508913.jpg,3,Cassava Mosaic Disease (CMD)
2586811772.jpg,3,Cassava Mosaic Disease (CMD)
261407694.jpg,3,Cassava Mosaic Disease (CMD)
185234496.jpg,3,Cassava Mosaic Disease (CMD)
216000285.jpg,2,Cassava Green Mottle (CGM)
792105357.jpg,3,Cassava Mosaic Disease (CMD)
1983716706.jpg,3,Cassava Mosaic Disease (CMD)
4136929395.jpg,3,Cassava Mosaic Disease (CMD)
2024454245.jpg,3,Cassava Mosaic Disease (CMD)
868228069.jpg,3,Cassava Mosaic Disease (CMD)
2801308538.jpg,3,Cassava Mosaic Disease (CMD)
933070130.jpg,3,Cassava Mosaic Disease (CMD)
3523831557.jpg,3,Cassava Mosaic Disease (CMD)
178976656.jpg,1,Cassava Brown Streak Disease (CBSD)
3945332868.jpg,2,Cassava Green Mottle (CGM)
2088351120.jpg,3,Cassava Mosaic Disease (CMD)
2350375168.jpg,3,Cassava Mosaic Disease (CMD)
2844800744.jpg,3,Cassava Mosaic Disease (CMD)
2512949736.jpg,3,Cassava Mosaic Disease (CMD)
4096337072.jpg,0,Cassava Bacterial Blight (CBB)
3813040999.jpg,3,Cassava Mosaic Disease (CMD)
3410174460.jpg,1,Cassava Brown Streak Disease (CBSD)
587410113.jpg,3,Cassava Mosaic Disease (CMD)
4200880538.jpg,4,Healthy
3678227473.jpg,3,Cassava Mosaic Disease (CMD)
3297922486.jpg,3,Cassava Mosaic Disease (CMD)
89450181.jpg,4,Healthy
569345273.jpg,3,Cassava Mosaic Disease (CMD)
752038369.jpg,1,Cassava Brown Streak Disease (CBSD)
2567979142.jpg,1,Cassava Brown Streak Disease (CBSD)
2162281311.jpg,3,Cassava Mosaic Disease (CMD)
3052037743.jpg,3,Cassava Mosaic Disease (CMD)
519516742.jpg,2,Cassava Green Mottle (CGM)
586687554.jpg,3,Cassava Mosaic Disease (CMD)
2621100310.jpg,3,Cassava Mosaic Disease (CMD)
607734947.jpg,2,Cassava Green Mottle (CGM)
2373132884.jpg,0,Cassava Bacterial Blight (CBB)
1814144394.jpg,1,Cassava Brown Streak Disease (CBSD)
4210272961.jpg,3,Cassava Mosaic Disease (CMD)
1680419623.jpg,3,Cassava Mosaic Disease (CMD)
353529214.jpg,1,Cassava Brown Streak Disease (CBSD)
300571071.jpg,3,Cassava Mosaic Disease (CMD)
346540685.jpg,2,Cassava Green Mottle (CGM)
3349471928.jpg,3,Cassava Mosaic Disease (CMD)
2431603043.jpg,3,Cassava Mosaic Disease (CMD)
234735395.jpg,2,Cassava Green Mottle (CGM)
294295655.jpg,4,Healthy
3464607854.jpg,3,Cassava Mosaic Disease (CMD)
2412773929.jpg,3,Cassava Mosaic Disease (CMD)
3953901317.jpg,4,Healthy
3044190781.jpg,4,Healthy
3214039367.jpg,2,Cassava Green Mottle (CGM)
4159550001.jpg,3,Cassava Mosaic Disease (CMD)
226485421.jpg,1,Cassava Brown Streak Disease (CBSD)
2799816660.jpg,3,Cassava Mosaic Disease (CMD)
755497707.jpg,3,Cassava Mosaic Disease (CMD)
295042633.jpg,3,Cassava Mosaic Disease (CMD)
2971070018.jpg,4,Healthy
502320523.jpg,3,Cassava Mosaic Disease (CMD)
4253520478.jpg,3,Cassava Mosaic Disease (CMD)
1741717414.jpg,3,Cassava Mosaic Disease (CMD)
2934003853.jpg,1,Cassava Brown Streak Disease (CBSD)
988306549.jpg,3,Cassava Mosaic Disease (CMD)
1643328543.jpg,3,Cassava Mosaic Disease (CMD)
53515353.jpg,3,Cassava Mosaic Disease (CMD)
4189434450.jpg,3,Cassava Mosaic Disease (CMD)
512152604.jpg,3,Cassava Mosaic Disease (CMD)
2854519294.jpg,1,Cassava Brown Streak Disease (CBSD)
2856660154.jpg,1,Cassava Brown Streak Disease (CBSD)
977380491.jpg,3,Cassava Mosaic Disease (CMD)
278898129.jpg,3,Cassava Mosaic Disease (CMD)
207222931.jpg,3,Cassava Mosaic Disease (CMD)
2478018732.jpg,4,Healthy
2800812687.jpg,1,Cassava Brown Streak Disease (CBSD)
3304481536.jpg,3,Cassava Mosaic Disease (CMD)
3213974381.jpg,3,Cassava Mosaic Disease (CMD)
2543681056.jpg,3,Cassava Mosaic Disease (CMD)
2848438957.jpg,3,Cassava Mosaic Disease (CMD)
282395895.jpg,3,Cassava Mosaic Disease (CMD)
2325628787.jpg,3,Cassava Mosaic Disease (CMD)
3442867405.jpg,3,Cassava Mosaic Disease (CMD)
834011850.jpg,3,Cassava Mosaic Disease (CMD)
3825621261.jpg,3,Cassava Mosaic Disease (CMD)
365488535.jpg,1,Cassava Brown Streak Disease (CBSD)
1994098867.jpg,3,Cassava Mosaic Disease (CMD)
435467528.jpg,3,Cassava Mosaic Disease (CMD)
2079090639.jpg,4,Healthy
3336885904.jpg,3,Cassava Mosaic Disease (CMD)
2620141958.jpg,3,Cassava Mosaic Disease (CMD)
3796950908.jpg,3,Cassava Mosaic Disease (CMD)
793206643.jpg,3,Cassava Mosaic Disease (CMD)
3321193739.jpg,4,Healthy
476113846.jpg,3,Cassava Mosaic Disease (CMD)
2265748268.jpg,3,Cassava Mosaic Disease (CMD)
3829488807.jpg,3,Cassava Mosaic Disease (CMD)
691285209.jpg,2,Cassava Green Mottle (CGM)
399009476.jpg,2,Cassava Green Mottle (CGM)
3762341470.jpg,3,Cassava Mosaic Disease (CMD)
236043422.jpg,4,Healthy
2998403679.jpg,3,Cassava Mosaic Disease (CMD)
1747122718.jpg,1,Cassava Brown Streak Disease (CBSD)
3148593794.jpg,3,Cassava Mosaic Disease (CMD)
3385309388.jpg,0,Cassava Bacterial Blight (CBB)
3335121390.jpg,0,Cassava Bacterial Blight (CBB)
979671168.jpg,3,Cassava Mosaic Disease (CMD)
358323582.jpg,2,Cassava Green Mottle (CGM)
2872638305.jpg,3,Cassava Mosaic Disease (CMD)
2658253908.jpg,3,Cassava Mosaic Disease (CMD)
3941031533.jpg,3,Cassava Mosaic Disease (CMD)
846434156.jpg,3,Cassava Mosaic Disease (CMD)
4038643368.jpg,3,Cassava Mosaic Disease (CMD)
657747378.jpg,3,Cassava Mosaic Disease (CMD)
1918397898.jpg,3,Cassava Mosaic Disease (CMD)
923718.jpg,2,Cassava Green Mottle (CGM)
2889043741.jpg,3,Cassava Mosaic Disease (CMD)
1613995728.jpg,3,Cassava Mosaic Disease (CMD)
2346244261.jpg,3,Cassava Mosaic Disease (CMD)
2386536448.jpg,3,Cassava Mosaic Disease (CMD)
4047167362.jpg,3,Cassava Mosaic Disease (CMD)
660699898.jpg,3,Cassava Mosaic Disease (CMD)
3098640859.jpg,3,Cassava Mosaic Disease (CMD)
2876605372.jpg,2,Cassava Green Mottle (CGM)
4173133461.jpg,3,Cassava Mosaic Disease (CMD)
2839558739.jpg,4,Healthy
970946808.jpg,4,Healthy
3987800643.jpg,1,Cassava Brown Streak Disease (CBSD)
3297278191.jpg,4,Healthy
2919064495.jpg,3,Cassava Mosaic Disease (CMD)
326934481.jpg,3,Cassava Mosaic Disease (CMD)
3560526778.jpg,3,Cassava Mosaic Disease (CMD)
2176882626.jpg,3,Cassava Mosaic Disease (CMD)
873526870.jpg,3,Cassava Mosaic Disease (CMD)
3164252069.jpg,3,Cassava Mosaic Disease (CMD)
3887841780.jpg,3,Cassava Mosaic Disease (CMD)
406021295.jpg,0,Cassava Bacterial Blight (CBB)
742622446.jpg,2,Cassava Green Mottle (CGM)
804653240.jpg,3,Cassava Mosaic Disease (CMD)
2170819649.jpg,3,Cassava Mosaic Disease (CMD)
173084709.jpg,3,Cassava Mosaic Disease (CMD)
4200117481.jpg,3,Cassava Mosaic Disease (CMD)
4223665750.jpg,0,Cassava Bacterial Blight (CBB)
4167938990.jpg,3,Cassava Mosaic Disease (CMD)
3960301906.jpg,3,Cassava Mosaic Disease (CMD)
545003862.jpg,3,Cassava Mosaic Disease (CMD)
3405775835.jpg,3,Cassava Mosaic Disease (CMD)
316185189.jpg,2,Cassava Green Mottle (CGM)
2879937455.jpg,4,Healthy
2836237528.jpg,1,Cassava Brown Streak Disease (CBSD)
2337486682.jpg,3,Cassava Mosaic Disease (CMD)
3696174560.jpg,3,Cassava Mosaic Disease (CMD)
624872321.jpg,3,Cassava Mosaic Disease (CMD)
375377758.jpg,0,Cassava Bacterial Blight (CBB)
4045262215.jpg,3,Cassava Mosaic Disease (CMD)
343259772.jpg,3,Cassava Mosaic Disease (CMD)
734530855.jpg,2,Cassava Green Mottle (CGM)
2512244783.jpg,3,Cassava Mosaic Disease (CMD)
267904568.jpg,4,Healthy
3318782289.jpg,3,Cassava Mosaic Disease (CMD)
2097651961.jpg,3,Cassava Mosaic Disease (CMD)
3442992249.jpg,2,Cassava Green Mottle (CGM)
3093608438.jpg,3,Cassava Mosaic Disease (CMD)
3586284239.jpg,3,Cassava Mosaic Disease (CMD)
3419613818.jpg,1,Cassava Brown Streak Disease (CBSD)
2089853591.jpg,3,Cassava Mosaic Disease (CMD)
2649484487.jpg,3,Cassava Mosaic Disease (CMD)
4253799258.jpg,3,Cassava Mosaic Disease (CMD)
1935476091.jpg,3,Cassava Mosaic Disease (CMD)
3987029837.jpg,3,Cassava Mosaic Disease (CMD)
278340134.jpg,3,Cassava Mosaic Disease (CMD)
3301703643.jpg,3,Cassava Mosaic Disease (CMD)
802266352.jpg,3,Cassava Mosaic Disease (CMD)
2526623317.jpg,3,Cassava Mosaic Disease (CMD)
1710187645.jpg,2,Cassava Green Mottle (CGM)
1629904926.jpg,3,Cassava Mosaic Disease (CMD)
2141638054.jpg,4,Healthy
498454187.jpg,3,Cassava Mosaic Disease (CMD)
3801426852.jpg,3,Cassava Mosaic Disease (CMD)
2688061953.jpg,3,Cassava Mosaic Disease (CMD)
587829607.jpg,3,Cassava Mosaic Disease (CMD)
2869029395.jpg,1,Cassava Brown Streak Disease (CBSD)
4242325516.jpg,2,Cassava Green Mottle (CGM)
3045665893.jpg,3,Cassava Mosaic Disease (CMD)
2373812284.jpg,3,Cassava Mosaic Disease (CMD)
3863389449.jpg,3,Cassava Mosaic Disease (CMD)
3678345339.jpg,3,Cassava Mosaic Disease (CMD)
3738526203.jpg,3,Cassava Mosaic Disease (CMD)
3318282640.jpg,3,Cassava Mosaic Disease (CMD)
455188005.jpg,3,Cassava Mosaic Disease (CMD)
592477386.jpg,0,Cassava Bacterial Blight (CBB)
3485950795.jpg,4,Healthy
3944969366.jpg,1,Cassava Brown Streak Disease (CBSD)
2814667133.jpg,4,Healthy
2642218624.jpg,0,Cassava Bacterial Blight (CBB)
3345354138.jpg,3,Cassava Mosaic Disease (CMD)
3223500439.jpg,3,Cassava Mosaic Disease (CMD)
456278844.jpg,3,Cassava Mosaic Disease (CMD)
2671853400.jpg,3,Cassava Mosaic Disease (CMD)
2254620180.jpg,3,Cassava Mosaic Disease (CMD)
504689064.jpg,2,Cassava Green Mottle (CGM)
91815905.jpg,3,Cassava Mosaic Disease (CMD)
3230180504.jpg,3,Cassava Mosaic Disease (CMD)
3964576371.jpg,3,Cassava Mosaic Disease (CMD)
4140557884.jpg,3,Cassava Mosaic Disease (CMD)
3077983648.jpg,3,Cassava Mosaic Disease (CMD)
3958986545.jpg,3,Cassava Mosaic Disease (CMD)
3017169420.jpg,3,Cassava Mosaic Disease (CMD)
3663205279.jpg,3,Cassava Mosaic Disease (CMD)
2059254361.jpg,4,Healthy
2486583818.jpg,3,Cassava Mosaic Disease (CMD)
1606801147.jpg,1,Cassava Brown Streak Disease (CBSD)
4050904412.jpg,3,Cassava Mosaic Disease (CMD)
3176028684.jpg,3,Cassava Mosaic Disease (CMD)
2538746193.jpg,2,Cassava Green Mottle (CGM)
734583205.jpg,4,Healthy
2547522222.jpg,1,Cassava Brown Streak Disease (CBSD)
2434447915.jpg,3,Cassava Mosaic Disease (CMD)
2957187992.jpg,4,Healthy
426530715.jpg,4,Healthy
3446353254.jpg,4,Healthy
1965119616.jpg,3,Cassava Mosaic Disease (CMD)
2314978790.jpg,3,Cassava Mosaic Disease (CMD)
967123833.jpg,3,Cassava Mosaic Disease (CMD)
2810410846.jpg,4,Healthy
4195598174.jpg,3,Cassava Mosaic Disease (CMD)
1952684921.jpg,4,Healthy
3307432740.jpg,0,Cassava Bacterial Blight (CBB)
2801552324.jpg,3,Cassava Mosaic Disease (CMD)
1928512042.jpg,3,Cassava Mosaic Disease (CMD)
3452736649.jpg,0,Cassava Bacterial Blight (CBB)
672634169.jpg,2,Cassava Green Mottle (CGM)
710999120.jpg,4,Healthy
488981840.jpg,3,Cassava Mosaic Disease (CMD)
3502747322.jpg,3,Cassava Mosaic Disease (CMD)
1702068619.jpg,0,Cassava Bacterial Blight (CBB)
2381592755.jpg,3,Cassava Mosaic Disease (CMD)
2360034731.jpg,1,Cassava Brown Streak Disease (CBSD)
2480715944.jpg,0,Cassava Bacterial Blight (CBB)
2598549913.jpg,3,Cassava Mosaic Disease (CMD)
2468085000.jpg,3,Cassava Mosaic Disease (CMD)
1800156844.jpg,3,Cassava Mosaic Disease (CMD)
1663857014.jpg,2,Cassava Green Mottle (CGM)
4186633206.jpg,3,Cassava Mosaic Disease (CMD)
3117114988.jpg,3,Cassava Mosaic Disease (CMD)
2957985551.jpg,3,Cassava Mosaic Disease (CMD)
686503891.jpg,4,Healthy
2842020217.jpg,2,Cassava Green Mottle (CGM)
3688735381.jpg,4,Healthy
829018445.jpg,3,Cassava Mosaic Disease (CMD)
2656351084.jpg,3,Cassava Mosaic Disease (CMD)
3870810612.jpg,3,Cassava Mosaic Disease (CMD)
1595866872.jpg,1,Cassava Brown Streak Disease (CBSD)
2331205714.jpg,2,Cassava Green Mottle (CGM)
4006518224.jpg,2,Cassava Green Mottle (CGM)
3114886115.jpg,3,Cassava Mosaic Disease (CMD)
2340567748.jpg,3,Cassava Mosaic Disease (CMD)
2692570142.jpg,3,Cassava Mosaic Disease (CMD)
3731330072.jpg,3,Cassava Mosaic Disease (CMD)
1597577379.jpg,4,Healthy
4194820497.jpg,3,Cassava Mosaic Disease (CMD)
3299747121.jpg,3,Cassava Mosaic Disease (CMD)
2136732511.jpg,3,Cassava Mosaic Disease (CMD)
1954401437.jpg,1,Cassava Brown Streak Disease (CBSD)
2552409953.jpg,3,Cassava Mosaic Disease (CMD)
2883462081.jpg,3,Cassava Mosaic Disease (CMD)
3112183451.jpg,3,Cassava Mosaic Disease (CMD)
3313790300.jpg,3,Cassava Mosaic Disease (CMD)
534358787.jpg,3,Cassava Mosaic Disease (CMD)
3465175091.jpg,2,Cassava Green Mottle (CGM)
3382800297.jpg,3,Cassava Mosaic Disease (CMD)
3006063417.jpg,2,Cassava Green Mottle (CGM)
3085900974.jpg,4,Healthy
283709866.jpg,3,Cassava Mosaic Disease (CMD)
2486866948.jpg,3,Cassava Mosaic Disease (CMD)
2050623186.jpg,4,Healthy
3455364465.jpg,3,Cassava Mosaic Disease (CMD)
777515553.jpg,2,Cassava Green Mottle (CGM)
2609479763.jpg,1,Cassava Brown Streak Disease (CBSD)
3351292220.jpg,3,Cassava Mosaic Disease (CMD)
4110692796.jpg,3,Cassava Mosaic Disease (CMD)
4254213032.jpg,2,Cassava Green Mottle (CGM)
3967037274.jpg,2,Cassava Green Mottle (CGM)
2928220238.jpg,1,Cassava Brown Streak Disease (CBSD)
3349101171.jpg,3,Cassava Mosaic Disease (CMD)
2696334976.jpg,1,Cassava Brown Streak Disease (CBSD)
3527165610.jpg,1,Cassava Brown Streak Disease (CBSD)
2392753162.jpg,3,Cassava Mosaic Disease (CMD)
454710225.jpg,3,Cassava Mosaic Disease (CMD)
3257324402.jpg,3,Cassava Mosaic Disease (CMD)
2271567719.jpg,3,Cassava Mosaic Disease (CMD)
3526706530.jpg,3,Cassava Mosaic Disease (CMD)
810886166.jpg,3,Cassava Mosaic Disease (CMD)
1974290297.jpg,3,Cassava Mosaic Disease (CMD)
4222242.jpg,3,Cassava Mosaic Disease (CMD)
249686764.jpg,4,Healthy
318227226.jpg,2,Cassava Green Mottle (CGM)
2549684718.jpg,3,Cassava Mosaic Disease (CMD)
2871575859.jpg,1,Cassava Brown Streak Disease (CBSD)
2791977721.jpg,4,Healthy
3644380116.jpg,3,Cassava Mosaic Disease (CMD)
410355412.jpg,3,Cassava Mosaic Disease (CMD)
679522078.jpg,3,Cassava Mosaic Disease (CMD)
3140588188.jpg,1,Cassava Brown Streak Disease (CBSD)
2462190375.jpg,3,Cassava Mosaic Disease (CMD)
361286161.jpg,3,Cassava Mosaic Disease (CMD)
2582501865.jpg,3,Cassava Mosaic Disease (CMD)
2718502523.jpg,3,Cassava Mosaic Disease (CMD)
2719189650.jpg,1,Cassava Brown Streak Disease (CBSD)
25519336.jpg,0,Cassava Bacterial Blight (CBB)
2722575699.jpg,3,Cassava Mosaic Disease (CMD)
2783143835.jpg,4,Healthy
2125205823.jpg,3,Cassava Mosaic Disease (CMD)
3362743829.jpg,4,Healthy
2212591948.jpg,3,Cassava Mosaic Disease (CMD)
1677224730.jpg,0,Cassava Bacterial Blight (CBB)
2420450027.jpg,3,Cassava Mosaic Disease (CMD)
3165375384.jpg,2,Cassava Green Mottle (CGM)
202946302.jpg,3,Cassava Mosaic Disease (CMD)
4188111262.jpg,0,Cassava Bacterial Blight (CBB)
2983992918.jpg,3,Cassava Mosaic Disease (CMD)
728221316.jpg,3,Cassava Mosaic Disease (CMD)
2003165329.jpg,3,Cassava Mosaic Disease (CMD)
1652157522.jpg,0,Cassava Bacterial Blight (CBB)
977617704.jpg,3,Cassava Mosaic Disease (CMD)
4031511007.jpg,3,Cassava Mosaic Disease (CMD)
3623190050.jpg,1,Cassava Brown Streak Disease (CBSD)
2992074575.jpg,3,Cassava Mosaic Disease (CMD)
1949071639.jpg,4,Healthy
306351373.jpg,3,Cassava Mosaic Disease (CMD)
3808029659.jpg,3,Cassava Mosaic Disease (CMD)
311255261.jpg,3,Cassava Mosaic Disease (CMD)
3462747162.jpg,4,Healthy
2218891230.jpg,4,Healthy
4277157912.jpg,4,Healthy
308791950.jpg,3,Cassava Mosaic Disease (CMD)
2235231408.jpg,3,Cassava Mosaic Disease (CMD)
3579904762.jpg,0,Cassava Bacterial Blight (CBB)
686316627.jpg,3,Cassava Mosaic Disease (CMD)
3232846318.jpg,3,Cassava Mosaic Disease (CMD)
4034332345.jpg,3,Cassava Mosaic Disease (CMD)
2929639901.jpg,3,Cassava Mosaic Disease (CMD)
2200925234.jpg,3,Cassava Mosaic Disease (CMD)
2328883728.jpg,1,Cassava Brown Streak Disease (CBSD)
2615629258.jpg,3,Cassava Mosaic Disease (CMD)
1756425714.jpg,3,Cassava Mosaic Disease (CMD)
2290545459.jpg,3,Cassava Mosaic Disease (CMD)
3959970856.jpg,3,Cassava Mosaic Disease (CMD)
2720050371.jpg,0,Cassava Bacterial Blight (CBB)
2571818236.jpg,3,Cassava Mosaic Disease (CMD)
388808106.jpg,4,Healthy
1814333907.jpg,1,Cassava Brown Streak Disease (CBSD)
1771017079.jpg,3,Cassava Mosaic Disease (CMD)
2839228150.jpg,4,Healthy
2801545272.jpg,1,Cassava Brown Streak Disease (CBSD)
3960669389.jpg,4,Healthy
660261179.jpg,2,Cassava Green Mottle (CGM)
2827812381.jpg,4,Healthy
2531400697.jpg,4,Healthy
2454175142.jpg,3,Cassava Mosaic Disease (CMD)
2802072434.jpg,3,Cassava Mosaic Disease (CMD)
2435302600.jpg,4,Healthy
4165918071.jpg,3,Cassava Mosaic Disease (CMD)
3638122648.jpg,3,Cassava Mosaic Disease (CMD)
1726783807.jpg,3,Cassava Mosaic Disease (CMD)
1703114897.jpg,3,Cassava Mosaic Disease (CMD)
4061563490.jpg,3,Cassava Mosaic Disease (CMD)
2033707322.jpg,1,Cassava Brown Streak Disease (CBSD)
3370734006.jpg,3,Cassava Mosaic Disease (CMD)
3355854804.jpg,3,Cassava Mosaic Disease (CMD)
3731307161.jpg,1,Cassava Brown Streak Disease (CBSD)
2078371784.jpg,3,Cassava Mosaic Disease (CMD)
1764087797.jpg,3,Cassava Mosaic Disease (CMD)
2842557158.jpg,0,Cassava Bacterial Blight (CBB)
4135070493.jpg,0,Cassava Bacterial Blight (CBB)
333968590.jpg,2,Cassava Green Mottle (CGM)
3286178995.jpg,3,Cassava Mosaic Disease (CMD)
4263725317.jpg,3,Cassava Mosaic Disease (CMD)
1798004899.jpg,2,Cassava Green Mottle (CGM)
3266893839.jpg,1,Cassava Brown Streak Disease (CBSD)
2857325941.jpg,2,Cassava Green Mottle (CGM)
3316115656.jpg,3,Cassava Mosaic Disease (CMD)
2731572507.jpg,3,Cassava Mosaic Disease (CMD)
3567679401.jpg,3,Cassava Mosaic Disease (CMD)
720647277.jpg,2,Cassava Green Mottle (CGM)
4119270485.jpg,1,Cassava Brown Streak Disease (CBSD)
744383303.jpg,4,Healthy
4094696582.jpg,3,Cassava Mosaic Disease (CMD)
556542792.jpg,3,Cassava Mosaic Disease (CMD)
4114142974.jpg,3,Cassava Mosaic Disease (CMD)
4117276057.jpg,3,Cassava Mosaic Disease (CMD)
439049574.jpg,3,Cassava Mosaic Disease (CMD)
515083070.jpg,3,Cassava Mosaic Disease (CMD)
494373942.jpg,3,Cassava Mosaic Disease (CMD)
3574527119.jpg,4,Healthy
2124724718.jpg,3,Cassava Mosaic Disease (CMD)
1688759248.jpg,3,Cassava Mosaic Disease (CMD)
2911400901.jpg,3,Cassava Mosaic Disease (CMD)
503880370.jpg,3,Cassava Mosaic Disease (CMD)
2392443273.jpg,3,Cassava Mosaic Disease (CMD)
3484566225.jpg,1,Cassava Brown Streak Disease (CBSD)
2148757008.jpg,1,Cassava Brown Streak Disease (CBSD)
2549924548.jpg,3,Cassava Mosaic Disease (CMD)
2287195555.jpg,3,Cassava Mosaic Disease (CMD)
3441418915.jpg,4,Healthy
3992168079.jpg,4,Healthy
2617328550.jpg,1,Cassava Brown Streak Disease (CBSD)
712421823.jpg,1,Cassava Brown Streak Disease (CBSD)
2627491487.jpg,1,Cassava Brown Streak Disease (CBSD)
682215276.jpg,4,Healthy
819599194.jpg,4,Healthy
1714696851.jpg,1,Cassava Brown Streak Disease (CBSD)
3004502.jpg,3,Cassava Mosaic Disease (CMD)
1971828114.jpg,3,Cassava Mosaic Disease (CMD)
3271812673.jpg,3,Cassava Mosaic Disease (CMD)
791971573.jpg,3,Cassava Mosaic Disease (CMD)
4106389238.jpg,4,Healthy
3952278648.jpg,3,Cassava Mosaic Disease (CMD)
2073193450.jpg,1,Cassava Brown Streak Disease (CBSD)
2698127956.jpg,0,Cassava Bacterial Blight (CBB)
1953872321.jpg,1,Cassava Brown Streak Disease (CBSD)
3371308764.jpg,3,Cassava Mosaic Disease (CMD)
4293129441.jpg,3,Cassava Mosaic Disease (CMD)
731606877.jpg,3,Cassava Mosaic Disease (CMD)
3028297982.jpg,4,Healthy
3457432982.jpg,0,Cassava Bacterial Blight (CBB)
3767372651.jpg,4,Healthy
1823721668.jpg,3,Cassava Mosaic Disease (CMD)
3661832136.jpg,2,Cassava Green Mottle (CGM)
1959596149.jpg,3,Cassava Mosaic Disease (CMD)
1595574343.jpg,3,Cassava Mosaic Disease (CMD)
1931522080.jpg,3,Cassava Mosaic Disease (CMD)
679033130.jpg,3,Cassava Mosaic Disease (CMD)
1844147447.jpg,2,Cassava Green Mottle (CGM)
4114133209.jpg,1,Cassava Brown Streak Disease (CBSD)
1892978122.jpg,3,Cassava Mosaic Disease (CMD)
500785791.jpg,3,Cassava Mosaic Disease (CMD)
2759500008.jpg,3,Cassava Mosaic Disease (CMD)
3885695359.jpg,3,Cassava Mosaic Disease (CMD)
2896221561.jpg,3,Cassava Mosaic Disease (CMD)
1821532934.jpg,1,Cassava Brown Streak Disease (CBSD)
2910260764.jpg,3,Cassava Mosaic Disease (CMD)
2980893698.jpg,4,Healthy
409723324.jpg,3,Cassava Mosaic Disease (CMD)
4102201143.jpg,3,Cassava Mosaic Disease (CMD)
2448627674.jpg,3,Cassava Mosaic Disease (CMD)
3814011127.jpg,3,Cassava Mosaic Disease (CMD)
3037767592.jpg,3,Cassava Mosaic Disease (CMD)
2989783529.jpg,3,Cassava Mosaic Disease (CMD)
1823933944.jpg,3,Cassava Mosaic Disease (CMD)
458696690.jpg,1,Cassava Brown Streak Disease (CBSD)
532103360.jpg,2,Cassava Green Mottle (CGM)
3674354159.jpg,0,Cassava Bacterial Blight (CBB)
307220066.jpg,3,Cassava Mosaic Disease (CMD)
4223598705.jpg,3,Cassava Mosaic Disease (CMD)
548412421.jpg,3,Cassava Mosaic Disease (CMD)
3998876448.jpg,3,Cassava Mosaic Disease (CMD)
551716959.jpg,3,Cassava Mosaic Disease (CMD)
36120366.jpg,3,Cassava Mosaic Disease (CMD)
178396346.jpg,3,Cassava Mosaic Disease (CMD)
3104971785.jpg,3,Cassava Mosaic Disease (CMD)
4013151880.jpg,3,Cassava Mosaic Disease (CMD)
3868810256.jpg,3,Cassava Mosaic Disease (CMD)
993366541.jpg,4,Healthy
2989643303.jpg,0,Cassava Bacterial Blight (CBB)
4054950426.jpg,3,Cassava Mosaic Disease (CMD)
3620445770.jpg,3,Cassava Mosaic Disease (CMD)
3255879416.jpg,3,Cassava Mosaic Disease (CMD)
2316499026.jpg,3,Cassava Mosaic Disease (CMD)
4152969433.jpg,3,Cassava Mosaic Disease (CMD)
1830778747.jpg,3,Cassava Mosaic Disease (CMD)
1778097561.jpg,3,Cassava Mosaic Disease (CMD)
3680730549.jpg,4,Healthy
2490398752.jpg,3,Cassava Mosaic Disease (CMD)
3208365182.jpg,3,Cassava Mosaic Disease (CMD)
4217871378.jpg,2,Cassava Green Mottle (CGM)
3332120006.jpg,3,Cassava Mosaic Disease (CMD)
833991576.jpg,3,Cassava Mosaic Disease (CMD)
2809743739.jpg,1,Cassava Brown Streak Disease (CBSD)
881299929.jpg,4,Healthy
2534943188.jpg,3,Cassava Mosaic Disease (CMD)
3334543433.jpg,0,Cassava Bacterial Blight (CBB)
3121774796.jpg,3,Cassava Mosaic Disease (CMD)
3391947376.jpg,3,Cassava Mosaic Disease (CMD)
2491061027.jpg,4,Healthy
2281997520.jpg,4,Healthy
1802508865.jpg,3,Cassava Mosaic Disease (CMD)
3287098987.jpg,3,Cassava Mosaic Disease (CMD)
2682687426.jpg,3,Cassava Mosaic Disease (CMD)
3479082158.jpg,1,Cassava Brown Streak Disease (CBSD)
1822218545.jpg,3,Cassava Mosaic Disease (CMD)
2666462236.jpg,1,Cassava Brown Streak Disease (CBSD)
3113843091.jpg,4,Healthy
2678192869.jpg,2,Cassava Green Mottle (CGM)
3197848318.jpg,3,Cassava Mosaic Disease (CMD)
648535358.jpg,0,Cassava Bacterial Blight (CBB)
3013391375.jpg,3,Cassava Mosaic Disease (CMD)
3323406159.jpg,3,Cassava Mosaic Disease (CMD)
723977410.jpg,3,Cassava Mosaic Disease (CMD)
3889664923.jpg,0,Cassava Bacterial Blight (CBB)
2877771925.jpg,3,Cassava Mosaic Disease (CMD)
3532787636.jpg,3,Cassava Mosaic Disease (CMD)
614085740.jpg,4,Healthy
543674498.jpg,3,Cassava Mosaic Disease (CMD)
189339781.jpg,3,Cassava Mosaic Disease (CMD)
3676426779.jpg,2,Cassava Green Mottle (CGM)
3071845704.jpg,3,Cassava Mosaic Disease (CMD)
2826533790.jpg,3,Cassava Mosaic Disease (CMD)
3441360877.jpg,2,Cassava Green Mottle (CGM)
2854397889.jpg,3,Cassava Mosaic Disease (CMD)
2498179196.jpg,3,Cassava Mosaic Disease (CMD)
4130607163.jpg,2,Cassava Green Mottle (CGM)
2488982493.jpg,3,Cassava Mosaic Disease (CMD)
2568279561.jpg,3,Cassava Mosaic Disease (CMD)
2694533949.jpg,3,Cassava Mosaic Disease (CMD)
2079354513.jpg,3,Cassava Mosaic Disease (CMD)
1713444587.jpg,2,Cassava Green Mottle (CGM)
3439967670.jpg,4,Healthy
972419188.jpg,3,Cassava Mosaic Disease (CMD)
3997023855.jpg,1,Cassava Brown Streak Disease (CBSD)
3812804387.jpg,3,Cassava Mosaic Disease (CMD)
2285972548.jpg,3,Cassava Mosaic Disease (CMD)
3075515456.jpg,3,Cassava Mosaic Disease (CMD)
3300973155.jpg,3,Cassava Mosaic Disease (CMD)
486182898.jpg,1,Cassava Brown Streak Disease (CBSD)
279831330.jpg,3,Cassava Mosaic Disease (CMD)
2937475822.jpg,1,Cassava Brown Streak Disease (CBSD)
1863630773.jpg,3,Cassava Mosaic Disease (CMD)
4111265654.jpg,1,Cassava Brown Streak Disease (CBSD)
539706836.jpg,4,Healthy
29559503.jpg,0,Cassava Bacterial Blight (CBB)
2639663293.jpg,3,Cassava Mosaic Disease (CMD)
2909436722.jpg,4,Healthy
3943143244.jpg,3,Cassava Mosaic Disease (CMD)
2786559298.jpg,1,Cassava Brown Streak Disease (CBSD)
854773586.jpg,3,Cassava Mosaic Disease (CMD)
3012723482.jpg,4,Healthy
2453300950.jpg,1,Cassava Brown Streak Disease (CBSD)
4120963447.jpg,3,Cassava Mosaic Disease (CMD)
3636294049.jpg,0,Cassava Bacterial Blight (CBB)
2237276919.jpg,3,Cassava Mosaic Disease (CMD)
2524662957.jpg,4,Healthy
879965131.jpg,3,Cassava Mosaic Disease (CMD)
2804918430.jpg,3,Cassava Mosaic Disease (CMD)
2438313768.jpg,2,Cassava Green Mottle (CGM)
2779441922.jpg,2,Cassava Green Mottle (CGM)
85027801.jpg,2,Cassava Green Mottle (CGM)
1932263546.jpg,4,Healthy
3803781709.jpg,3,Cassava Mosaic Disease (CMD)
69026823.jpg,3,Cassava Mosaic Disease (CMD)
6477704.jpg,3,Cassava Mosaic Disease (CMD)
3116992469.jpg,3,Cassava Mosaic Disease (CMD)
3489285599.jpg,3,Cassava Mosaic Disease (CMD)
291787943.jpg,0,Cassava Bacterial Blight (CBB)
2149970580.jpg,0,Cassava Bacterial Blight (CBB)
636286001.jpg,3,Cassava Mosaic Disease (CMD)
3593281807.jpg,3,Cassava Mosaic Disease (CMD)
4155925395.jpg,3,Cassava Mosaic Disease (CMD)
2437151204.jpg,3,Cassava Mosaic Disease (CMD)
3084656957.jpg,3,Cassava Mosaic Disease (CMD)
2167139463.jpg,3,Cassava Mosaic Disease (CMD)
462491927.jpg,4,Healthy
4785038.jpg,3,Cassava Mosaic Disease (CMD)
686071324.jpg,4,Healthy
2779779756.jpg,3,Cassava Mosaic Disease (CMD)
542129392.jpg,3,Cassava Mosaic Disease (CMD)
1991065222.jpg,2,Cassava Green Mottle (CGM)
554934001.jpg,4,Healthy
2673270536.jpg,3,Cassava Mosaic Disease (CMD)
3165944618.jpg,4,Healthy
2557400310.jpg,3,Cassava Mosaic Disease (CMD)
2593776626.jpg,0,Cassava Bacterial Blight (CBB)
2267724661.jpg,2,Cassava Green Mottle (CGM)
4231168569.jpg,3,Cassava Mosaic Disease (CMD)
535503922.jpg,3,Cassava Mosaic Disease (CMD)
1835637370.jpg,3,Cassava Mosaic Disease (CMD)
3907599296.jpg,1,Cassava Brown Streak Disease (CBSD)
2531944838.jpg,4,Healthy
3275347756.jpg,3,Cassava Mosaic Disease (CMD)
280102380.jpg,3,Cassava Mosaic Disease (CMD)
619658845.jpg,3,Cassava Mosaic Disease (CMD)
4121873151.jpg,3,Cassava Mosaic Disease (CMD)
4245498205.jpg,3,Cassava Mosaic Disease (CMD)
2434587882.jpg,3,Cassava Mosaic Disease (CMD)
255732785.jpg,3,Cassava Mosaic Disease (CMD)
2024374578.jpg,3,Cassava Mosaic Disease (CMD)
3170246612.jpg,4,Healthy
3505140945.jpg,3,Cassava Mosaic Disease (CMD)
1762040629.jpg,1,Cassava Brown Streak Disease (CBSD)
1873204876.jpg,1,Cassava Brown Streak Disease (CBSD)
3659088750.jpg,1,Cassava Brown Streak Disease (CBSD)
3081150280.jpg,3,Cassava Mosaic Disease (CMD)
96912752.jpg,2,Cassava Green Mottle (CGM)
3966256467.jpg,0,Cassava Bacterial Blight (CBB)
3336631270.jpg,3,Cassava Mosaic Disease (CMD)
3803737090.jpg,3,Cassava Mosaic Disease (CMD)
3089786786.jpg,1,Cassava Brown Streak Disease (CBSD)
3414625841.jpg,3,Cassava Mosaic Disease (CMD)
3692346350.jpg,3,Cassava Mosaic Disease (CMD)
3456327181.jpg,3,Cassava Mosaic Disease (CMD)
4017977717.jpg,3,Cassava Mosaic Disease (CMD)
2714336846.jpg,3,Cassava Mosaic Disease (CMD)
3119633613.jpg,4,Healthy
390601409.jpg,4,Healthy
4186640212.jpg,1,Cassava Brown Streak Disease (CBSD)
2857955845.jpg,2,Cassava Green Mottle (CGM)
3388412714.jpg,3,Cassava Mosaic Disease (CMD)
2722137937.jpg,3,Cassava Mosaic Disease (CMD)
3582059053.jpg,3,Cassava Mosaic Disease (CMD)
2566236030.jpg,3,Cassava Mosaic Disease (CMD)
3018552263.jpg,3,Cassava Mosaic Disease (CMD)
2324206704.jpg,2,Cassava Green Mottle (CGM)
4143889304.jpg,1,Cassava Brown Streak Disease (CBSD)
384122684.jpg,3,Cassava Mosaic Disease (CMD)
2697751572.jpg,2,Cassava Green Mottle (CGM)
2463068733.jpg,2,Cassava Green Mottle (CGM)
3070263575.jpg,1,Cassava Brown Streak Disease (CBSD)
1865176608.jpg,3,Cassava Mosaic Disease (CMD)
2421566220.jpg,2,Cassava Green Mottle (CGM)
3842835147.jpg,3,Cassava Mosaic Disease (CMD)
2342505190.jpg,3,Cassava Mosaic Disease (CMD)
2140735001.jpg,3,Cassava Mosaic Disease (CMD)
1630104012.jpg,3,Cassava Mosaic Disease (CMD)
2139679147.jpg,2,Cassava Green Mottle (CGM)
1831182792.jpg,3,Cassava Mosaic Disease (CMD)
405323789.jpg,4,Healthy
3760730104.jpg,3,Cassava Mosaic Disease (CMD)
459025811.jpg,3,Cassava Mosaic Disease (CMD)
531653208.jpg,1,Cassava Brown Streak Disease (CBSD)
2250784892.jpg,2,Cassava Green Mottle (CGM)
381038531.jpg,3,Cassava Mosaic Disease (CMD)
1812352809.jpg,3,Cassava Mosaic Disease (CMD)
2212294239.jpg,3,Cassava Mosaic Disease (CMD)
1595991978.jpg,3,Cassava Mosaic Disease (CMD)
1698108894.jpg,3,Cassava Mosaic Disease (CMD)
473823142.jpg,4,Healthy
3010385016.jpg,3,Cassava Mosaic Disease (CMD)
2003348266.jpg,4,Healthy
886507028.jpg,3,Cassava Mosaic Disease (CMD)
1827562232.jpg,3,Cassava Mosaic Disease (CMD)
4170892667.jpg,2,Cassava Green Mottle (CGM)
2710600920.jpg,3,Cassava Mosaic Disease (CMD)
4083768019.jpg,1,Cassava Brown Streak Disease (CBSD)
3482976598.jpg,3,Cassava Mosaic Disease (CMD)
2337283974.jpg,3,Cassava Mosaic Disease (CMD)
4274564396.jpg,3,Cassava Mosaic Disease (CMD)
3610072266.jpg,3,Cassava Mosaic Disease (CMD)
524188630.jpg,3,Cassava Mosaic Disease (CMD)
976138379.jpg,4,Healthy
2604713994.jpg,1,Cassava Brown Streak Disease (CBSD)
2002772795.jpg,3,Cassava Mosaic Disease (CMD)
2807412480.jpg,1,Cassava Brown Streak Disease (CBSD)
584513475.jpg,4,Healthy
2591512488.jpg,1,Cassava Brown Streak Disease (CBSD)
810351903.jpg,3,Cassava Mosaic Disease (CMD)
685533220.jpg,1,Cassava Brown Streak Disease (CBSD)
2710259735.jpg,3,Cassava Mosaic Disease (CMD)
498197766.jpg,3,Cassava Mosaic Disease (CMD)
3284001157.jpg,2,Cassava Green Mottle (CGM)
3607705689.jpg,3,Cassava Mosaic Disease (CMD)
3207964799.jpg,3,Cassava Mosaic Disease (CMD)
3547244996.jpg,3,Cassava Mosaic Disease (CMD)
3722801350.jpg,3,Cassava Mosaic Disease (CMD)
2719402606.jpg,3,Cassava Mosaic Disease (CMD)
2064710008.jpg,4,Healthy
86890165.jpg,3,Cassava Mosaic Disease (CMD)
2595067395.jpg,3,Cassava Mosaic Disease (CMD)
3758873726.jpg,3,Cassava Mosaic Disease (CMD)
2905371700.jpg,1,Cassava Brown Streak Disease (CBSD)
2478837427.jpg,3,Cassava Mosaic Disease (CMD)
3757556896.jpg,3,Cassava Mosaic Disease (CMD)
4237476054.jpg,0,Cassava Bacterial Blight (CBB)
1943654053.jpg,3,Cassava Mosaic Disease (CMD)
620126996.jpg,2,Cassava Green Mottle (CGM)
3009386931.jpg,4,Healthy
804506814.jpg,3,Cassava Mosaic Disease (CMD)
2722584545.jpg,3,Cassava Mosaic Disease (CMD)
3475528953.jpg,2,Cassava Green Mottle (CGM)
2685065176.jpg,3,Cassava Mosaic Disease (CMD)
962347612.jpg,4,Healthy
3556946646.jpg,3,Cassava Mosaic Disease (CMD)
17632796.jpg,2,Cassava Green Mottle (CGM)
3811426674.jpg,3,Cassava Mosaic Disease (CMD)
2922919647.jpg,3,Cassava Mosaic Disease (CMD)
3977938536.jpg,3,Cassava Mosaic Disease (CMD)
3626709069.jpg,3,Cassava Mosaic Disease (CMD)
458282782.jpg,3,Cassava Mosaic Disease (CMD)
2937152803.jpg,3,Cassava Mosaic Disease (CMD)
2960433265.jpg,3,Cassava Mosaic Disease (CMD)
457946090.jpg,3,Cassava Mosaic Disease (CMD)
2403663096.jpg,2,Cassava Green Mottle (CGM)
3742361352.jpg,3,Cassava Mosaic Disease (CMD)
3793586140.jpg,2,Cassava Green Mottle (CGM)
1670353820.jpg,3,Cassava Mosaic Disease (CMD)
3081882480.jpg,3,Cassava Mosaic Disease (CMD)
2820553957.jpg,3,Cassava Mosaic Disease (CMD)
746494129.jpg,3,Cassava Mosaic Disease (CMD)
4046910331.jpg,4,Healthy
4049743612.jpg,2,Cassava Green Mottle (CGM)
70656521.jpg,3,Cassava Mosaic Disease (CMD)
3837457616.jpg,3,Cassava Mosaic Disease (CMD)
3602570969.jpg,3,Cassava Mosaic Disease (CMD)
2846083569.jpg,3,Cassava Mosaic Disease (CMD)
3136654631.jpg,4,Healthy
852760236.jpg,3,Cassava Mosaic Disease (CMD)
1668160531.jpg,4,Healthy
2029911058.jpg,3,Cassava Mosaic Disease (CMD)
3804799770.jpg,3,Cassava Mosaic Disease (CMD)
589734688.jpg,3,Cassava Mosaic Disease (CMD)
1835974960.jpg,4,Healthy
1829981265.jpg,2,Cassava Green Mottle (CGM)
2937564241.jpg,2,Cassava Green Mottle (CGM)
2581730862.jpg,3,Cassava Mosaic Disease (CMD)
1720237817.jpg,3,Cassava Mosaic Disease (CMD)
2815339197.jpg,3,Cassava Mosaic Disease (CMD)
2939402823.jpg,3,Cassava Mosaic Disease (CMD)
3299285879.jpg,3,Cassava Mosaic Disease (CMD)
4210831538.jpg,3,Cassava Mosaic Disease (CMD)
2074837416.jpg,4,Healthy
3301885243.jpg,3,Cassava Mosaic Disease (CMD)
709405326.jpg,1,Cassava Brown Streak Disease (CBSD)
3400845479.jpg,1,Cassava Brown Streak Disease (CBSD)
3564821723.jpg,3,Cassava Mosaic Disease (CMD)
3306053383.jpg,3,Cassava Mosaic Disease (CMD)
3056721396.jpg,1,Cassava Brown Streak Disease (CBSD)
3154423873.jpg,2,Cassava Green Mottle (CGM)
967319500.jpg,3,Cassava Mosaic Disease (CMD)
4107485206.jpg,1,Cassava Brown Streak Disease (CBSD)
2143941183.jpg,3,Cassava Mosaic Disease (CMD)
3055297068.jpg,3,Cassava Mosaic Disease (CMD)
3936119100.jpg,1,Cassava Brown Streak Disease (CBSD)
889797204.jpg,3,Cassava Mosaic Disease (CMD)
784183735.jpg,3,Cassava Mosaic Disease (CMD)
1744706562.jpg,3,Cassava Mosaic Disease (CMD)
2942298229.jpg,3,Cassava Mosaic Disease (CMD)
2330493455.jpg,3,Cassava Mosaic Disease (CMD)
1714717170.jpg,3,Cassava Mosaic Disease (CMD)
2234221282.jpg,2,Cassava Green Mottle (CGM)
2578622897.jpg,3,Cassava Mosaic Disease (CMD)
2181450725.jpg,3,Cassava Mosaic Disease (CMD)
48759144.jpg,3,Cassava Mosaic Disease (CMD)
500440865.jpg,3,Cassava Mosaic Disease (CMD)
2556134164.jpg,3,Cassava Mosaic Disease (CMD)
2941452708.jpg,3,Cassava Mosaic Disease (CMD)
2133005660.jpg,1,Cassava Brown Streak Disease (CBSD)
3924823843.jpg,3,Cassava Mosaic Disease (CMD)
3436107326.jpg,2,Cassava Green Mottle (CGM)
1864285719.jpg,3,Cassava Mosaic Disease (CMD)
3444356227.jpg,3,Cassava Mosaic Disease (CMD)
690967280.jpg,1,Cassava Brown Streak Disease (CBSD)
1982384882.jpg,3,Cassava Mosaic Disease (CMD)
2907262343.jpg,0,Cassava Bacterial Blight (CBB)
3590297517.jpg,3,Cassava Mosaic Disease (CMD)
643008801.jpg,3,Cassava Mosaic Disease (CMD)
2912577934.jpg,4,Healthy
51075448.jpg,4,Healthy
732483696.jpg,1,Cassava Brown Streak Disease (CBSD)
3986994681.jpg,3,Cassava Mosaic Disease (CMD)
901404486.jpg,0,Cassava Bacterial Blight (CBB)
2440390856.jpg,3,Cassava Mosaic Disease (CMD)
2753309511.jpg,1,Cassava Brown Streak Disease (CBSD)
3243290426.jpg,3,Cassava Mosaic Disease (CMD)
3675661095.jpg,1,Cassava Brown Streak Disease (CBSD)
3892366593.jpg,1,Cassava Brown Streak Disease (CBSD)
3947205646.jpg,3,Cassava Mosaic Disease (CMD)
4120741228.jpg,3,Cassava Mosaic Disease (CMD)
4063867745.jpg,3,Cassava Mosaic Disease (CMD)
3350533771.jpg,4,Healthy
3920433539.jpg,0,Cassava Bacterial Blight (CBB)
4145160333.jpg,2,Cassava Green Mottle (CGM)
2552436757.jpg,3,Cassava Mosaic Disease (CMD)
589247571.jpg,2,Cassava Green Mottle (CGM)
3236562372.jpg,0,Cassava Bacterial Blight (CBB)
495499602.jpg,3,Cassava Mosaic Disease (CMD)
3791562105.jpg,3,Cassava Mosaic Disease (CMD)
2385678651.jpg,3,Cassava Mosaic Disease (CMD)
2992877889.jpg,4,Healthy
890852512.jpg,1,Cassava Brown Streak Disease (CBSD)
1691276389.jpg,3,Cassava Mosaic Disease (CMD)
3368623570.jpg,3,Cassava Mosaic Disease (CMD)
3217927386.jpg,3,Cassava Mosaic Disease (CMD)
2608276561.jpg,3,Cassava Mosaic Disease (CMD)
2567910282.jpg,1,Cassava Brown Streak Disease (CBSD)
870967605.jpg,3,Cassava Mosaic Disease (CMD)
4088249542.jpg,0,Cassava Bacterial Blight (CBB)
2411595422.jpg,3,Cassava Mosaic Disease (CMD)
3437755112.jpg,0,Cassava Bacterial Blight (CBB)
1634815405.jpg,1,Cassava Brown Streak Disease (CBSD)
3401765971.jpg,4,Healthy
2333905291.jpg,1,Cassava Brown Streak Disease (CBSD)
3044159810.jpg,3,Cassava Mosaic Disease (CMD)
2702330830.jpg,3,Cassava Mosaic Disease (CMD)
2014097197.jpg,3,Cassava Mosaic Disease (CMD)
3515249327.jpg,3,Cassava Mosaic Disease (CMD)
4121252698.jpg,3,Cassava Mosaic Disease (CMD)
1656012136.jpg,3,Cassava Mosaic Disease (CMD)
1849571285.jpg,1,Cassava Brown Streak Disease (CBSD)
1814763610.jpg,3,Cassava Mosaic Disease (CMD)
3858802248.jpg,3,Cassava Mosaic Disease (CMD)
2963533816.jpg,3,Cassava Mosaic Disease (CMD)
2819885255.jpg,0,Cassava Bacterial Blight (CBB)
3686939079.jpg,3,Cassava Mosaic Disease (CMD)
2752024284.jpg,2,Cassava Green Mottle (CGM)
4012991652.jpg,3,Cassava Mosaic Disease (CMD)
3528796531.jpg,2,Cassava Green Mottle (CGM)
3728229182.jpg,3,Cassava Mosaic Disease (CMD)
238076770.jpg,3,Cassava Mosaic Disease (CMD)
3617067141.jpg,2,Cassava Green Mottle (CGM)
3333295936.jpg,3,Cassava Mosaic Disease (CMD)
1607087968.jpg,4,Healthy
4066829254.jpg,3,Cassava Mosaic Disease (CMD)
3267306018.jpg,4,Healthy
2842680107.jpg,3,Cassava Mosaic Disease (CMD)
951048679.jpg,3,Cassava Mosaic Disease (CMD)
629896725.jpg,3,Cassava Mosaic Disease (CMD)
849133698.jpg,1,Cassava Brown Streak Disease (CBSD)
2703773318.jpg,3,Cassava Mosaic Disease (CMD)
2492339911.jpg,3,Cassava Mosaic Disease (CMD)
4177391802.jpg,0,Cassava Bacterial Blight (CBB)
18517305.jpg,3,Cassava Mosaic Disease (CMD)
3500864054.jpg,3,Cassava Mosaic Disease (CMD)
1754366174.jpg,2,Cassava Green Mottle (CGM)
2925462058.jpg,3,Cassava Mosaic Disease (CMD)
2705932652.jpg,3,Cassava Mosaic Disease (CMD)
922395842.jpg,0,Cassava Bacterial Blight (CBB)
3169385678.jpg,4,Healthy
2048322812.jpg,2,Cassava Green Mottle (CGM)
3507637025.jpg,3,Cassava Mosaic Disease (CMD)
2257377706.jpg,3,Cassava Mosaic Disease (CMD)
3042287740.jpg,3,Cassava Mosaic Disease (CMD)
16415174.jpg,2,Cassava Green Mottle (CGM)
2476543961.jpg,3,Cassava Mosaic Disease (CMD)
3276323574.jpg,0,Cassava Bacterial Blight (CBB)
3612886181.jpg,1,Cassava Brown Streak Disease (CBSD)
4248695502.jpg,3,Cassava Mosaic Disease (CMD)
4031880127.jpg,3,Cassava Mosaic Disease (CMD)
2716413618.jpg,2,Cassava Green Mottle (CGM)
4156520758.jpg,3,Cassava Mosaic Disease (CMD)
4198510978.jpg,3,Cassava Mosaic Disease (CMD)
223668500.jpg,0,Cassava Bacterial Blight (CBB)
4001352115.jpg,3,Cassava Mosaic Disease (CMD)
361789228.jpg,2,Cassava Green Mottle (CGM)
3692384287.jpg,3,Cassava Mosaic Disease (CMD)
2010315176.jpg,3,Cassava Mosaic Disease (CMD)
633081194.jpg,3,Cassava Mosaic Disease (CMD)
3090899728.jpg,2,Cassava Green Mottle (CGM)
2265654382.jpg,3,Cassava Mosaic Disease (CMD)
1783431925.jpg,1,Cassava Brown Streak Disease (CBSD)
2346225586.jpg,2,Cassava Green Mottle (CGM)
4089587580.jpg,3,Cassava Mosaic Disease (CMD)
2170557341.jpg,3,Cassava Mosaic Disease (CMD)
1611142189.jpg,3,Cassava Mosaic Disease (CMD)
3288990051.jpg,0,Cassava Bacterial Blight (CBB)
1622159386.jpg,2,Cassava Green Mottle (CGM)
1690305793.jpg,1,Cassava Brown Streak Disease (CBSD)
491244285.jpg,4,Healthy
3267041557.jpg,1,Cassava Brown Streak Disease (CBSD)
2604866493.jpg,2,Cassava Green Mottle (CGM)
1586131534.jpg,3,Cassava Mosaic Disease (CMD)
40960944.jpg,3,Cassava Mosaic Disease (CMD)
334288239.jpg,1,Cassava Brown Streak Disease (CBSD)
660729197.jpg,3,Cassava Mosaic Disease (CMD)
3318136026.jpg,3,Cassava Mosaic Disease (CMD)
1697815445.jpg,3,Cassava Mosaic Disease (CMD)
3619174521.jpg,3,Cassava Mosaic Disease (CMD)
2042810761.jpg,3,Cassava Mosaic Disease (CMD)
2776053424.jpg,3,Cassava Mosaic Disease (CMD)
2880080736.jpg,3,Cassava Mosaic Disease (CMD)
4283076582.jpg,4,Healthy
3328116890.jpg,3,Cassava Mosaic Disease (CMD)
560592460.jpg,2,Cassava Green Mottle (CGM)
3766130783.jpg,1,Cassava Brown Streak Disease (CBSD)
3617734118.jpg,3,Cassava Mosaic Disease (CMD)
738238956.jpg,3,Cassava Mosaic Disease (CMD)
2405023635.jpg,3,Cassava Mosaic Disease (CMD)
852177343.jpg,1,Cassava Brown Streak Disease (CBSD)
3141772785.jpg,3,Cassava Mosaic Disease (CMD)
631430009.jpg,3,Cassava Mosaic Disease (CMD)
480492521.jpg,3,Cassava Mosaic Disease (CMD)
2446621407.jpg,1,Cassava Brown Streak Disease (CBSD)
2526126082.jpg,3,Cassava Mosaic Disease (CMD)
2149765362.jpg,2,Cassava Green Mottle (CGM)
2876852928.jpg,3,Cassava Mosaic Disease (CMD)
534568222.jpg,1,Cassava Brown Streak Disease (CBSD)
1756729974.jpg,2,Cassava Green Mottle (CGM)
3272750945.jpg,3,Cassava Mosaic Disease (CMD)
528487165.jpg,3,Cassava Mosaic Disease (CMD)
2422449702.jpg,3,Cassava Mosaic Disease (CMD)
2814433150.jpg,3,Cassava Mosaic Disease (CMD)
2946668981.jpg,3,Cassava Mosaic Disease (CMD)
3825520782.jpg,3,Cassava Mosaic Disease (CMD)
942584104.jpg,3,Cassava Mosaic Disease (CMD)
2447086641.jpg,4,Healthy
3630824057.jpg,3,Cassava Mosaic Disease (CMD)
2389000995.jpg,3,Cassava Mosaic Disease (CMD)
613168943.jpg,3,Cassava Mosaic Disease (CMD)
4215365960.jpg,4,Healthy
2850586087.jpg,3,Cassava Mosaic Disease (CMD)
1779790231.jpg,3,Cassava Mosaic Disease (CMD)
3069991905.jpg,3,Cassava Mosaic Disease (CMD)
3318106936.jpg,3,Cassava Mosaic Disease (CMD)
2936902677.jpg,3,Cassava Mosaic Disease (CMD)
2391748814.jpg,3,Cassava Mosaic Disease (CMD)
394713210.jpg,3,Cassava Mosaic Disease (CMD)
2900867237.jpg,3,Cassava Mosaic Disease (CMD)
2363950541.jpg,3,Cassava Mosaic Disease (CMD)
3389713573.jpg,3,Cassava Mosaic Disease (CMD)
530166145.jpg,0,Cassava Bacterial Blight (CBB)
424691365.jpg,3,Cassava Mosaic Disease (CMD)
378894822.jpg,3,Cassava Mosaic Disease (CMD)
2725229326.jpg,1,Cassava Brown Streak Disease (CBSD)
3224683062.jpg,3,Cassava Mosaic Disease (CMD)
634792920.jpg,3,Cassava Mosaic Disease (CMD)
3913664114.jpg,3,Cassava Mosaic Disease (CMD)
2499718406.jpg,3,Cassava Mosaic Disease (CMD)
3512587072.jpg,3,Cassava Mosaic Disease (CMD)
1608857677.jpg,2,Cassava Green Mottle (CGM)
3773164943.jpg,3,Cassava Mosaic Disease (CMD)
303061561.jpg,0,Cassava Bacterial Blight (CBB)
20619161.jpg,4,Healthy
2988359153.jpg,4,Healthy
3975766951.jpg,3,Cassava Mosaic Disease (CMD)
3292800291.jpg,3,Cassava Mosaic Disease (CMD)
975158492.jpg,3,Cassava Mosaic Disease (CMD)
3092766457.jpg,3,Cassava Mosaic Disease (CMD)
521262022.jpg,3,Cassava Mosaic Disease (CMD)
2629155801.jpg,2,Cassava Green Mottle (CGM)
3817337471.jpg,2,Cassava Green Mottle (CGM)
2983898856.jpg,3,Cassava Mosaic Disease (CMD)
2398447662.jpg,3,Cassava Mosaic Disease (CMD)
2281084675.jpg,3,Cassava Mosaic Disease (CMD)
915719493.jpg,3,Cassava Mosaic Disease (CMD)
3456634270.jpg,1,Cassava Brown Streak Disease (CBSD)
2330997994.jpg,3,Cassava Mosaic Disease (CMD)
2922538939.jpg,4,Healthy
3971043257.jpg,3,Cassava Mosaic Disease (CMD)
908770281.jpg,3,Cassava Mosaic Disease (CMD)
1897528635.jpg,3,Cassava Mosaic Disease (CMD)
4004395307.jpg,1,Cassava Brown Streak Disease (CBSD)
1926981545.jpg,3,Cassava Mosaic Disease (CMD)
3256294649.jpg,3,Cassava Mosaic Disease (CMD)
3015735585.jpg,3,Cassava Mosaic Disease (CMD)
988174802.jpg,0,Cassava Bacterial Blight (CBB)
2970234083.jpg,2,Cassava Green Mottle (CGM)
429832892.jpg,0,Cassava Bacterial Blight (CBB)
2335748630.jpg,3,Cassava Mosaic Disease (CMD)
3617925227.jpg,3,Cassava Mosaic Disease (CMD)
3310982329.jpg,4,Healthy
534270890.jpg,0,Cassava Bacterial Blight (CBB)
3332452096.jpg,3,Cassava Mosaic Disease (CMD)
385666613.jpg,1,Cassava Brown Streak Disease (CBSD)
425389648.jpg,3,Cassava Mosaic Disease (CMD)
3514484389.jpg,2,Cassava Green Mottle (CGM)
3595601854.jpg,1,Cassava Brown Streak Disease (CBSD)
3934102198.jpg,2,Cassava Green Mottle (CGM)
2999350296.jpg,0,Cassava Bacterial Blight (CBB)
2272721188.jpg,3,Cassava Mosaic Disease (CMD)
84339133.jpg,2,Cassava Green Mottle (CGM)
2216366508.jpg,4,Healthy
2948928390.jpg,1,Cassava Brown Streak Disease (CBSD)
4127820008.jpg,4,Healthy
4206104015.jpg,3,Cassava Mosaic Disease (CMD)
596964772.jpg,1,Cassava Brown Streak Disease (CBSD)
2369472635.jpg,1,Cassava Brown Streak Disease (CBSD)
2404183364.jpg,4,Healthy
2504222536.jpg,0,Cassava Bacterial Blight (CBB)
373389005.jpg,4,Healthy
466394178.jpg,3,Cassava Mosaic Disease (CMD)
3282595090.jpg,4,Healthy
3203849568.jpg,4,Healthy
4073637668.jpg,2,Cassava Green Mottle (CGM)
254357332.jpg,3,Cassava Mosaic Disease (CMD)
305323841.jpg,1,Cassava Brown Streak Disease (CBSD)
2116979707.jpg,0,Cassava Bacterial Blight (CBB)
899398361.jpg,3,Cassava Mosaic Disease (CMD)
3184329827.jpg,3,Cassava Mosaic Disease (CMD)
2839492411.jpg,2,Cassava Green Mottle (CGM)
713250541.jpg,3,Cassava Mosaic Disease (CMD)
3378967649.jpg,4,Healthy
3712647499.jpg,3,Cassava Mosaic Disease (CMD)
2055419164.jpg,3,Cassava Mosaic Disease (CMD)
3788644413.jpg,4,Healthy
4221172112.jpg,3,Cassava Mosaic Disease (CMD)
4020055407.jpg,1,Cassava Brown Streak Disease (CBSD)
1753621875.jpg,3,Cassava Mosaic Disease (CMD)
3291543405.jpg,3,Cassava Mosaic Disease (CMD)
2609452359.jpg,3,Cassava Mosaic Disease (CMD)
249712703.jpg,1,Cassava Brown Streak Disease (CBSD)
1704757491.jpg,3,Cassava Mosaic Disease (CMD)
2557965026.jpg,1,Cassava Brown Streak Disease (CBSD)
3718305933.jpg,3,Cassava Mosaic Disease (CMD)
3011889571.jpg,3,Cassava Mosaic Disease (CMD)
1900332418.jpg,3,Cassava Mosaic Disease (CMD)
2989546324.jpg,3,Cassava Mosaic Disease (CMD)
2717129685.jpg,3,Cassava Mosaic Disease (CMD)
2823935203.jpg,4,Healthy
3547680343.jpg,4,Healthy
3700452393.jpg,2,Cassava Green Mottle (CGM)
3510423937.jpg,3,Cassava Mosaic Disease (CMD)
3870800967.jpg,1,Cassava Brown Streak Disease (CBSD)
4157582812.jpg,4,Healthy
3704646396.jpg,2,Cassava Green Mottle (CGM)
3280151930.jpg,3,Cassava Mosaic Disease (CMD)
2763229713.jpg,3,Cassava Mosaic Disease (CMD)
3297009135.jpg,3,Cassava Mosaic Disease (CMD)
3816412484.jpg,3,Cassava Mosaic Disease (CMD)
4206128911.jpg,3,Cassava Mosaic Disease (CMD)
719825434.jpg,3,Cassava Mosaic Disease (CMD)
2284607100.jpg,3,Cassava Mosaic Disease (CMD)
19905959.jpg,3,Cassava Mosaic Disease (CMD)
2440838390.jpg,0,Cassava Bacterial Blight (CBB)
3237097482.jpg,3,Cassava Mosaic Disease (CMD)
2941588504.jpg,3,Cassava Mosaic Disease (CMD)
2603943138.jpg,3,Cassava Mosaic Disease (CMD)
1691850232.jpg,4,Healthy
2064086293.jpg,3,Cassava Mosaic Disease (CMD)
3042406663.jpg,1,Cassava Brown Streak Disease (CBSD)
3568424320.jpg,3,Cassava Mosaic Disease (CMD)
3658513961.jpg,2,Cassava Green Mottle (CGM)
837412690.jpg,4,Healthy
3237226603.jpg,3,Cassava Mosaic Disease (CMD)
3544220328.jpg,4,Healthy
1892210648.jpg,3,Cassava Mosaic Disease (CMD)
401825012.jpg,1,Cassava Brown Streak Disease (CBSD)
2647952754.jpg,3,Cassava Mosaic Disease (CMD)
3699200152.jpg,3,Cassava Mosaic Disease (CMD)
1908665775.jpg,1,Cassava Brown Streak Disease (CBSD)
3196839385.jpg,1,Cassava Brown Streak Disease (CBSD)
297419714.jpg,3,Cassava Mosaic Disease (CMD)
2084909272.jpg,3,Cassava Mosaic Disease (CMD)
3257229839.jpg,2,Cassava Green Mottle (CGM)
3717608172.jpg,2,Cassava Green Mottle (CGM)
2206200771.jpg,3,Cassava Mosaic Disease (CMD)
3986073933.jpg,3,Cassava Mosaic Disease (CMD)
3512376578.jpg,3,Cassava Mosaic Disease (CMD)
813217011.jpg,4,Healthy
3541407601.jpg,3,Cassava Mosaic Disease (CMD)
3776102541.jpg,1,Cassava Brown Streak Disease (CBSD)
3205794577.jpg,3,Cassava Mosaic Disease (CMD)
4075854821.jpg,3,Cassava Mosaic Disease (CMD)
813017538.jpg,3,Cassava Mosaic Disease (CMD)
4120845845.jpg,3,Cassava Mosaic Disease (CMD)
682135395.jpg,3,Cassava Mosaic Disease (CMD)
2969191783.jpg,3,Cassava Mosaic Disease (CMD)
3684209409.jpg,1,Cassava Brown Streak Disease (CBSD)
3572465399.jpg,3,Cassava Mosaic Disease (CMD)
3920121408.jpg,3,Cassava Mosaic Disease (CMD)
3021759885.jpg,3,Cassava Mosaic Disease (CMD)
328272253.jpg,3,Cassava Mosaic Disease (CMD)
1667297797.jpg,3,Cassava Mosaic Disease (CMD)
2514394316.jpg,3,Cassava Mosaic Disease (CMD)
2730912818.jpg,3,Cassava Mosaic Disease (CMD)
2515485322.jpg,3,Cassava Mosaic Disease (CMD)
2003067998.jpg,3,Cassava Mosaic Disease (CMD)
1963346508.jpg,0,Cassava Bacterial Blight (CBB)
3502675900.jpg,3,Cassava Mosaic Disease (CMD)
1625527821.jpg,3,Cassava Mosaic Disease (CMD)
2151975191.jpg,3,Cassava Mosaic Disease (CMD)
82972530.jpg,3,Cassava Mosaic Disease (CMD)
4262086916.jpg,3,Cassava Mosaic Disease (CMD)
2819697442.jpg,3,Cassava Mosaic Disease (CMD)
2393580069.jpg,3,Cassava Mosaic Disease (CMD)
3396657560.jpg,3,Cassava Mosaic Disease (CMD)
1719645709.jpg,3,Cassava Mosaic Disease (CMD)
2261145380.jpg,4,Healthy
3989450757.jpg,0,Cassava Bacterial Blight (CBB)
2342166516.jpg,3,Cassava Mosaic Disease (CMD)
285510600.jpg,4,Healthy
3054285168.jpg,3,Cassava Mosaic Disease (CMD)
942420393.jpg,3,Cassava Mosaic Disease (CMD)
274790043.jpg,1,Cassava Brown Streak Disease (CBSD)
2231080458.jpg,2,Cassava Green Mottle (CGM)
3748130169.jpg,3,Cassava Mosaic Disease (CMD)
2907723622.jpg,3,Cassava Mosaic Disease (CMD)
4173585663.jpg,3,Cassava Mosaic Disease (CMD)
717221311.jpg,3,Cassava Mosaic Disease (CMD)
3468150881.jpg,1,Cassava Brown Streak Disease (CBSD)
976902576.jpg,3,Cassava Mosaic Disease (CMD)
4231979613.jpg,3,Cassava Mosaic Disease (CMD)
3432260875.jpg,3,Cassava Mosaic Disease (CMD)
3676837791.jpg,3,Cassava Mosaic Disease (CMD)
848914861.jpg,3,Cassava Mosaic Disease (CMD)
794817264.jpg,0,Cassava Bacterial Blight (CBB)
391233797.jpg,1,Cassava Brown Streak Disease (CBSD)
3398069947.jpg,3,Cassava Mosaic Disease (CMD)
1933581758.jpg,3,Cassava Mosaic Disease (CMD)
3635315825.jpg,3,Cassava Mosaic Disease (CMD)
2232929983.jpg,1,Cassava Brown Streak Disease (CBSD)
743135503.jpg,3,Cassava Mosaic Disease (CMD)
3187086613.jpg,3,Cassava Mosaic Disease (CMD)
3904989683.jpg,3,Cassava Mosaic Disease (CMD)
276774458.jpg,3,Cassava Mosaic Disease (CMD)
281173602.jpg,2,Cassava Green Mottle (CGM)
2506949350.jpg,2,Cassava Green Mottle (CGM)
4292988075.jpg,2,Cassava Green Mottle (CGM)
2003778001.jpg,2,Cassava Green Mottle (CGM)
715889320.jpg,1,Cassava Brown Streak Disease (CBSD)
359752915.jpg,2,Cassava Green Mottle (CGM)
3925504132.jpg,1,Cassava Brown Streak Disease (CBSD)
803527097.jpg,3,Cassava Mosaic Disease (CMD)
332671800.jpg,3,Cassava Mosaic Disease (CMD)
2054830345.jpg,0,Cassava Bacterial Blight (CBB)
3612201451.jpg,2,Cassava Green Mottle (CGM)
2597787460.jpg,3,Cassava Mosaic Disease (CMD)
3267552912.jpg,3,Cassava Mosaic Disease (CMD)
4193627922.jpg,3,Cassava Mosaic Disease (CMD)
2769260352.jpg,3,Cassava Mosaic Disease (CMD)
3579018611.jpg,2,Cassava Green Mottle (CGM)
2801039291.jpg,3,Cassava Mosaic Disease (CMD)
2682408847.jpg,1,Cassava Brown Streak Disease (CBSD)
2447057702.jpg,3,Cassava Mosaic Disease (CMD)
1683677421.jpg,1,Cassava Brown Streak Disease (CBSD)
4035576240.jpg,3,Cassava Mosaic Disease (CMD)
71608311.jpg,0,Cassava Bacterial Blight (CBB)
1621380835.jpg,3,Cassava Mosaic Disease (CMD)
3621477021.jpg,1,Cassava Brown Streak Disease (CBSD)
3578241644.jpg,3,Cassava Mosaic Disease (CMD)
2731822095.jpg,3,Cassava Mosaic Disease (CMD)
3167842843.jpg,3,Cassava Mosaic Disease (CMD)
2865650772.jpg,3,Cassava Mosaic Disease (CMD)
2013583726.jpg,3,Cassava Mosaic Disease (CMD)
743348334.jpg,4,Healthy
3478417480.jpg,3,Cassava Mosaic Disease (CMD)
216756594.jpg,3,Cassava Mosaic Disease (CMD)
1602599549.jpg,3,Cassava Mosaic Disease (CMD)
2528699318.jpg,2,Cassava Green Mottle (CGM)
2173516398.jpg,0,Cassava Bacterial Blight (CBB)
1612928638.jpg,2,Cassava Green Mottle (CGM)
2206994668.jpg,2,Cassava Green Mottle (CGM)
2051400563.jpg,3,Cassava Mosaic Disease (CMD)
326599295.jpg,2,Cassava Green Mottle (CGM)
189585547.jpg,3,Cassava Mosaic Disease (CMD)
2849214868.jpg,2,Cassava Green Mottle (CGM)
923294415.jpg,3,Cassava Mosaic Disease (CMD)
4064456640.jpg,3,Cassava Mosaic Disease (CMD)
3535078664.jpg,4,Healthy
2879167863.jpg,3,Cassava Mosaic Disease (CMD)
3241206449.jpg,2,Cassava Green Mottle (CGM)
544498440.jpg,3,Cassava Mosaic Disease (CMD)
3117191836.jpg,2,Cassava Green Mottle (CGM)
1998622752.jpg,2,Cassava Green Mottle (CGM)
2168885574.jpg,3,Cassava Mosaic Disease (CMD)
1681516442.jpg,3,Cassava Mosaic Disease (CMD)
609857978.jpg,2,Cassava Green Mottle (CGM)
2832943680.jpg,3,Cassava Mosaic Disease (CMD)
3074332326.jpg,2,Cassava Green Mottle (CGM)
923965406.jpg,4,Healthy
662050128.jpg,3,Cassava Mosaic Disease (CMD)
2893323611.jpg,4,Healthy
2215831646.jpg,3,Cassava Mosaic Disease (CMD)
2664968316.jpg,4,Healthy
2896379895.jpg,0,Cassava Bacterial Blight (CBB)
575135832.jpg,3,Cassava Mosaic Disease (CMD)
3238801760.jpg,3,Cassava Mosaic Disease (CMD)
2736151353.jpg,3,Cassava Mosaic Disease (CMD)
3690485201.jpg,3,Cassava Mosaic Disease (CMD)
2656964450.jpg,3,Cassava Mosaic Disease (CMD)
2242351929.jpg,3,Cassava Mosaic Disease (CMD)
3943448361.jpg,3,Cassava Mosaic Disease (CMD)
2121641395.jpg,3,Cassava Mosaic Disease (CMD)
388597288.jpg,4,Healthy
598311175.jpg,3,Cassava Mosaic Disease (CMD)
1965186557.jpg,3,Cassava Mosaic Disease (CMD)
747770020.jpg,4,Healthy
4109287296.jpg,3,Cassava Mosaic Disease (CMD)
1608599582.jpg,4,Healthy
2281569885.jpg,3,Cassava Mosaic Disease (CMD)
2466541991.jpg,1,Cassava Brown Streak Disease (CBSD)
4284813323.jpg,3,Cassava Mosaic Disease (CMD)
3163389622.jpg,2,Cassava Green Mottle (CGM)
2457952630.jpg,1,Cassava Brown Streak Disease (CBSD)
990890343.jpg,3,Cassava Mosaic Disease (CMD)
3109105894.jpg,0,Cassava Bacterial Blight (CBB)
3207910782.jpg,3,Cassava Mosaic Disease (CMD)
254280460.jpg,3,Cassava Mosaic Disease (CMD)
1974079097.jpg,3,Cassava Mosaic Disease (CMD)
2559116486.jpg,3,Cassava Mosaic Disease (CMD)
702974599.jpg,3,Cassava Mosaic Disease (CMD)
612223117.jpg,3,Cassava Mosaic Disease (CMD)
2492261561.jpg,3,Cassava Mosaic Disease (CMD)
796369691.jpg,3,Cassava Mosaic Disease (CMD)
3955442838.jpg,0,Cassava Bacterial Blight (CBB)
3832156339.jpg,4,Healthy
2519700384.jpg,1,Cassava Brown Streak Disease (CBSD)
3045929721.jpg,4,Healthy
872791534.jpg,3,Cassava Mosaic Disease (CMD)
459241736.jpg,3,Cassava Mosaic Disease (CMD)
3537905845.jpg,3,Cassava Mosaic Disease (CMD)
1910478563.jpg,3,Cassava Mosaic Disease (CMD)
3758253395.jpg,1,Cassava Brown Streak Disease (CBSD)
4071806046.jpg,3,Cassava Mosaic Disease (CMD)
469774939.jpg,3,Cassava Mosaic Disease (CMD)
2905887778.jpg,4,Healthy
1773042943.jpg,1,Cassava Brown Streak Disease (CBSD)
3809350944.jpg,2,Cassava Green Mottle (CGM)
3239491345.jpg,3,Cassava Mosaic Disease (CMD)
4021015970.jpg,3,Cassava Mosaic Disease (CMD)
663803096.jpg,0,Cassava Bacterial Blight (CBB)
3676057452.jpg,0,Cassava Bacterial Blight (CBB)
4221848010.jpg,3,Cassava Mosaic Disease (CMD)
4204930835.jpg,3,Cassava Mosaic Disease (CMD)
2151050324.jpg,2,Cassava Green Mottle (CGM)
2366210565.jpg,3,Cassava Mosaic Disease (CMD)
2645759543.jpg,3,Cassava Mosaic Disease (CMD)
1654306295.jpg,3,Cassava Mosaic Disease (CMD)
480764320.jpg,2,Cassava Green Mottle (CGM)
4103433070.jpg,4,Healthy
564511381.jpg,0,Cassava Bacterial Blight (CBB)
323873580.jpg,3,Cassava Mosaic Disease (CMD)
2850987869.jpg,3,Cassava Mosaic Disease (CMD)
698230072.jpg,3,Cassava Mosaic Disease (CMD)
417135798.jpg,2,Cassava Green Mottle (CGM)
3567018385.jpg,4,Healthy
1834748922.jpg,2,Cassava Green Mottle (CGM)
1638861203.jpg,4,Healthy
731897320.jpg,3,Cassava Mosaic Disease (CMD)
700113045.jpg,3,Cassava Mosaic Disease (CMD)
2166936841.jpg,3,Cassava Mosaic Disease (CMD)
3859028489.jpg,2,Cassava Green Mottle (CGM)
3252645466.jpg,3,Cassava Mosaic Disease (CMD)
3110710270.jpg,3,Cassava Mosaic Disease (CMD)
1879613457.jpg,3,Cassava Mosaic Disease (CMD)
2329646765.jpg,3,Cassava Mosaic Disease (CMD)
3865951064.jpg,3,Cassava Mosaic Disease (CMD)
2514999111.jpg,0,Cassava Bacterial Blight (CBB)
4145708140.jpg,3,Cassava Mosaic Disease (CMD)
480985864.jpg,3,Cassava Mosaic Disease (CMD)
3900516999.jpg,3,Cassava Mosaic Disease (CMD)
4183847559.jpg,2,Cassava Green Mottle (CGM)
271289942.jpg,3,Cassava Mosaic Disease (CMD)
402862496.jpg,3,Cassava Mosaic Disease (CMD)
321810144.jpg,3,Cassava Mosaic Disease (CMD)
1785258924.jpg,3,Cassava Mosaic Disease (CMD)
662317211.jpg,3,Cassava Mosaic Disease (CMD)
3731052059.jpg,1,Cassava Brown Streak Disease (CBSD)
657278738.jpg,3,Cassava Mosaic Disease (CMD)
3241444808.jpg,3,Cassava Mosaic Disease (CMD)
2574008677.jpg,2,Cassava Green Mottle (CGM)
238204698.jpg,3,Cassava Mosaic Disease (CMD)
1954385911.jpg,3,Cassava Mosaic Disease (CMD)
1916970860.jpg,4,Healthy
2685278721.jpg,3,Cassava Mosaic Disease (CMD)
3438108559.jpg,4,Healthy
537462269.jpg,3,Cassava Mosaic Disease (CMD)
4019771530.jpg,3,Cassava Mosaic Disease (CMD)
3162830906.jpg,4,Healthy
2349124978.jpg,2,Cassava Green Mottle (CGM)
4204435196.jpg,0,Cassava Bacterial Blight (CBB)
2941008818.jpg,3,Cassava Mosaic Disease (CMD)
952920056.jpg,3,Cassava Mosaic Disease (CMD)
3407710748.jpg,3,Cassava Mosaic Disease (CMD)
1939082470.jpg,3,Cassava Mosaic Disease (CMD)
918605153.jpg,2,Cassava Green Mottle (CGM)
296138756.jpg,3,Cassava Mosaic Disease (CMD)
4026684435.jpg,3,Cassava Mosaic Disease (CMD)
2539042666.jpg,4,Healthy
4056070889.jpg,3,Cassava Mosaic Disease (CMD)
3991899434.jpg,3,Cassava Mosaic Disease (CMD)
3438896526.jpg,2,Cassava Green Mottle (CGM)
2710366217.jpg,3,Cassava Mosaic Disease (CMD)
220313132.jpg,1,Cassava Brown Streak Disease (CBSD)
2090424176.jpg,3,Cassava Mosaic Disease (CMD)
3227870524.jpg,1,Cassava Brown Streak Disease (CBSD)
3078419660.jpg,3,Cassava Mosaic Disease (CMD)
992163916.jpg,3,Cassava Mosaic Disease (CMD)
2484602563.jpg,3,Cassava Mosaic Disease (CMD)
707856389.jpg,3,Cassava Mosaic Disease (CMD)
815758241.jpg,0,Cassava Bacterial Blight (CBB)
163120716.jpg,2,Cassava Green Mottle (CGM)
94072059.jpg,2,Cassava Green Mottle (CGM)
2245645111.jpg,2,Cassava Green Mottle (CGM)
1919271519.jpg,3,Cassava Mosaic Disease (CMD)
3033387062.jpg,3,Cassava Mosaic Disease (CMD)
3031606396.jpg,3,Cassava Mosaic Disease (CMD)
3423354338.jpg,2,Cassava Green Mottle (CGM)
2326914865.jpg,0,Cassava Bacterial Blight (CBB)
236428559.jpg,4,Healthy
1890285082.jpg,3,Cassava Mosaic Disease (CMD)
3506949016.jpg,2,Cassava Green Mottle (CGM)
2487952325.jpg,2,Cassava Green Mottle (CGM)
2990618706.jpg,4,Healthy
1833123738.jpg,2,Cassava Green Mottle (CGM)
3083873448.jpg,3,Cassava Mosaic Disease (CMD)
2878645903.jpg,0,Cassava Bacterial Blight (CBB)
4195112641.jpg,3,Cassava Mosaic Disease (CMD)
3209363039.jpg,2,Cassava Green Mottle (CGM)
1821756534.jpg,4,Healthy
3968955392.jpg,1,Cassava Brown Streak Disease (CBSD)
3288995572.jpg,3,Cassava Mosaic Disease (CMD)
1687514090.jpg,3,Cassava Mosaic Disease (CMD)
2136656300.jpg,4,Healthy
3377872611.jpg,4,Healthy
2520781924.jpg,3,Cassava Mosaic Disease (CMD)
3708168447.jpg,3,Cassava Mosaic Disease (CMD)
664408485.jpg,3,Cassava Mosaic Disease (CMD)
373513391.jpg,4,Healthy
4017187341.jpg,3,Cassava Mosaic Disease (CMD)
4171842238.jpg,3,Cassava Mosaic Disease (CMD)
2045580929.jpg,3,Cassava Mosaic Disease (CMD)
1886828385.jpg,4,Healthy
703096302.jpg,2,Cassava Green Mottle (CGM)
1929510475.jpg,0,Cassava Bacterial Blight (CBB)
1807193398.jpg,3,Cassava Mosaic Disease (CMD)
458113547.jpg,3,Cassava Mosaic Disease (CMD)
187186579.jpg,4,Healthy
3947021884.jpg,3,Cassava Mosaic Disease (CMD)
3274534287.jpg,3,Cassava Mosaic Disease (CMD)
2321958432.jpg,3,Cassava Mosaic Disease (CMD)
2785330572.jpg,3,Cassava Mosaic Disease (CMD)
2704366062.jpg,3,Cassava Mosaic Disease (CMD)
3048641899.jpg,3,Cassava Mosaic Disease (CMD)
1696170421.jpg,2,Cassava Green Mottle (CGM)
3670039640.jpg,3,Cassava Mosaic Disease (CMD)
3229676096.jpg,4,Healthy
3422235635.jpg,3,Cassava Mosaic Disease (CMD)
3953560426.jpg,3,Cassava Mosaic Disease (CMD)
2898481085.jpg,3,Cassava Mosaic Disease (CMD)
3125050696.jpg,3,Cassava Mosaic Disease (CMD)
2707207245.jpg,4,Healthy
1797701221.jpg,3,Cassava Mosaic Disease (CMD)
3293187479.jpg,3,Cassava Mosaic Disease (CMD)
37458951.jpg,3,Cassava Mosaic Disease (CMD)
2178075893.jpg,3,Cassava Mosaic Disease (CMD)
232064940.jpg,1,Cassava Brown Streak Disease (CBSD)
2840615429.jpg,1,Cassava Brown Streak Disease (CBSD)
2322648286.jpg,3,Cassava Mosaic Disease (CMD)
3650945359.jpg,0,Cassava Bacterial Blight (CBB)
432656934.jpg,4,Healthy
3313281323.jpg,3,Cassava Mosaic Disease (CMD)
3821611662.jpg,1,Cassava Brown Streak Disease (CBSD)
3525376871.jpg,3,Cassava Mosaic Disease (CMD)
3844663092.jpg,3,Cassava Mosaic Disease (CMD)
696538469.jpg,3,Cassava Mosaic Disease (CMD)
2146047355.jpg,3,Cassava Mosaic Disease (CMD)
4269823150.jpg,3,Cassava Mosaic Disease (CMD)
1945045418.jpg,1,Cassava Brown Streak Disease (CBSD)
3363710081.jpg,4,Healthy
460888118.jpg,3,Cassava Mosaic Disease (CMD)
70951614.jpg,3,Cassava Mosaic Disease (CMD)
1891003556.jpg,1,Cassava Brown Streak Disease (CBSD)
3419923779.jpg,4,Healthy
1985460238.jpg,3,Cassava Mosaic Disease (CMD)
426170022.jpg,3,Cassava Mosaic Disease (CMD)
3417074387.jpg,1,Cassava Brown Streak Disease (CBSD)
54321323.jpg,3,Cassava Mosaic Disease (CMD)
3571912380.jpg,4,Healthy
3533493433.jpg,1,Cassava Brown Streak Disease (CBSD)
3667237103.jpg,3,Cassava Mosaic Disease (CMD)
3037338569.jpg,3,Cassava Mosaic Disease (CMD)
893035.jpg,3,Cassava Mosaic Disease (CMD)
546912616.jpg,3,Cassava Mosaic Disease (CMD)
1828015469.jpg,3,Cassava Mosaic Disease (CMD)
4262567845.jpg,4,Healthy
2897500080.jpg,3,Cassava Mosaic Disease (CMD)
1739927380.jpg,1,Cassava Brown Streak Disease (CBSD)
1970622259.jpg,2,Cassava Green Mottle (CGM)
923034542.jpg,3,Cassava Mosaic Disease (CMD)
2335461038.jpg,3,Cassava Mosaic Disease (CMD)
3188727997.jpg,3,Cassava Mosaic Disease (CMD)
1788823125.jpg,3,Cassava Mosaic Disease (CMD)
3750946119.jpg,3,Cassava Mosaic Disease (CMD)
4102856795.jpg,4,Healthy
2178737885.jpg,3,Cassava Mosaic Disease (CMD)
2619839931.jpg,4,Healthy
2764717089.jpg,1,Cassava Brown Streak Disease (CBSD)
3802270456.jpg,2,Cassava Green Mottle (CGM)
4153074724.jpg,3,Cassava Mosaic Disease (CMD)
3964194408.jpg,2,Cassava Green Mottle (CGM)
596669967.jpg,4,Healthy
2642193940.jpg,3,Cassava Mosaic Disease (CMD)
4207293267.jpg,3,Cassava Mosaic Disease (CMD)
3804358219.jpg,3,Cassava Mosaic Disease (CMD)
2198414004.jpg,3,Cassava Mosaic Disease (CMD)
415504810.jpg,2,Cassava Green Mottle (CGM)
3430083704.jpg,4,Healthy
3708923477.jpg,0,Cassava Bacterial Blight (CBB)
3537938630.jpg,4,Healthy
63578884.jpg,3,Cassava Mosaic Disease (CMD)
2298957089.jpg,1,Cassava Brown Streak Disease (CBSD)
1643137720.jpg,3,Cassava Mosaic Disease (CMD)
3795252251.jpg,3,Cassava Mosaic Disease (CMD)
2592515359.jpg,3,Cassava Mosaic Disease (CMD)
383306967.jpg,3,Cassava Mosaic Disease (CMD)
3193682053.jpg,3,Cassava Mosaic Disease (CMD)
1908392634.jpg,3,Cassava Mosaic Disease (CMD)
2985605315.jpg,2,Cassava Green Mottle (CGM)
2701073228.jpg,3,Cassava Mosaic Disease (CMD)
3646158543.jpg,3,Cassava Mosaic Disease (CMD)
3220658549.jpg,3,Cassava Mosaic Disease (CMD)
4237027288.jpg,0,Cassava Bacterial Blight (CBB)
2849544305.jpg,3,Cassava Mosaic Disease (CMD)
4145471533.jpg,0,Cassava Bacterial Blight (CBB)
2694162898.jpg,1,Cassava Brown Streak Disease (CBSD)
2526800384.jpg,3,Cassava Mosaic Disease (CMD)
621125183.jpg,3,Cassava Mosaic Disease (CMD)
3424923425.jpg,3,Cassava Mosaic Disease (CMD)
2594433845.jpg,3,Cassava Mosaic Disease (CMD)
1986722045.jpg,3,Cassava Mosaic Disease (CMD)
3677912635.jpg,4,Healthy
59901561.jpg,3,Cassava Mosaic Disease (CMD)
281140409.jpg,3,Cassava Mosaic Disease (CMD)
1608948365.jpg,3,Cassava Mosaic Disease (CMD)
1613876576.jpg,3,Cassava Mosaic Disease (CMD)
3343661138.jpg,2,Cassava Green Mottle (CGM)
2067752141.jpg,3,Cassava Mosaic Disease (CMD)
4285401686.jpg,3,Cassava Mosaic Disease (CMD)
2128581284.jpg,4,Healthy
361657951.jpg,3,Cassava Mosaic Disease (CMD)
3750357867.jpg,3,Cassava Mosaic Disease (CMD)
3658535011.jpg,4,Healthy
294640779.jpg,4,Healthy
4006299018.jpg,3,Cassava Mosaic Disease (CMD)
1909170813.jpg,3,Cassava Mosaic Disease (CMD)
263499266.jpg,3,Cassava Mosaic Disease (CMD)
2115818711.jpg,3,Cassava Mosaic Disease (CMD)
1777275885.jpg,3,Cassava Mosaic Disease (CMD)
3382566517.jpg,4,Healthy
3201631268.jpg,3,Cassava Mosaic Disease (CMD)
2466877412.jpg,3,Cassava Mosaic Disease (CMD)
243194540.jpg,4,Healthy
4048354655.jpg,3,Cassava Mosaic Disease (CMD)
3462778369.jpg,2,Cassava Green Mottle (CGM)
3871004837.jpg,3,Cassava Mosaic Disease (CMD)
770144532.jpg,3,Cassava Mosaic Disease (CMD)
1911044072.jpg,3,Cassava Mosaic Disease (CMD)
3838556102.jpg,1,Cassava Brown Streak Disease (CBSD)
923987815.jpg,2,Cassava Green Mottle (CGM)
3153002047.jpg,3,Cassava Mosaic Disease (CMD)
464089326.jpg,4,Healthy
527304483.jpg,3,Cassava Mosaic Disease (CMD)
3495162607.jpg,3,Cassava Mosaic Disease (CMD)
907691648.jpg,3,Cassava Mosaic Disease (CMD)
2706759956.jpg,2,Cassava Green Mottle (CGM)
3514238899.jpg,1,Cassava Brown Streak Disease (CBSD)
2929004417.jpg,3,Cassava Mosaic Disease (CMD)
4018364725.jpg,3,Cassava Mosaic Disease (CMD)
3861440590.jpg,2,Cassava Green Mottle (CGM)
2877279154.jpg,3,Cassava Mosaic Disease (CMD)
907755458.jpg,3,Cassava Mosaic Disease (CMD)
3688916094.jpg,3,Cassava Mosaic Disease (CMD)
2715221153.jpg,4,Healthy
2032102834.jpg,3,Cassava Mosaic Disease (CMD)
392227472.jpg,3,Cassava Mosaic Disease (CMD)
4269789999.jpg,3,Cassava Mosaic Disease (CMD)
2185220141.jpg,3,Cassava Mosaic Disease (CMD)
966788042.jpg,3,Cassava Mosaic Disease (CMD)
162460466.jpg,3,Cassava Mosaic Disease (CMD)
1621074094.jpg,3,Cassava Mosaic Disease (CMD)
3585442386.jpg,3,Cassava Mosaic Disease (CMD)
3468985035.jpg,3,Cassava Mosaic Disease (CMD)
2271999976.jpg,2,Cassava Green Mottle (CGM)
319688327.jpg,1,Cassava Brown Streak Disease (CBSD)
3777280771.jpg,2,Cassava Green Mottle (CGM)
2198845474.jpg,4,Healthy
3196066673.jpg,3,Cassava Mosaic Disease (CMD)
45787177.jpg,3,Cassava Mosaic Disease (CMD)
3702831900.jpg,1,Cassava Brown Streak Disease (CBSD)
822444900.jpg,3,Cassava Mosaic Disease (CMD)
270273705.jpg,3,Cassava Mosaic Disease (CMD)
3655511142.jpg,2,Cassava Green Mottle (CGM)
2412232032.jpg,3,Cassava Mosaic Disease (CMD)
3564758380.jpg,2,Cassava Green Mottle (CGM)
481972599.jpg,4,Healthy
4248770671.jpg,3,Cassava Mosaic Disease (CMD)
2410752222.jpg,2,Cassava Green Mottle (CGM)
888503637.jpg,3,Cassava Mosaic Disease (CMD)
233658353.jpg,3,Cassava Mosaic Disease (CMD)
3537482032.jpg,3,Cassava Mosaic Disease (CMD)
414926193.jpg,3,Cassava Mosaic Disease (CMD)
3028711047.jpg,2,Cassava Green Mottle (CGM)
2858303403.jpg,3,Cassava Mosaic Disease (CMD)
2022734694.jpg,1,Cassava Brown Streak Disease (CBSD)
3786050441.jpg,3,Cassava Mosaic Disease (CMD)
1887102374.jpg,3,Cassava Mosaic Disease (CMD)
954778743.jpg,0,Cassava Bacterial Blight (CBB)
1694570941.jpg,4,Healthy
357178051.jpg,3,Cassava Mosaic Disease (CMD)
405406521.jpg,3,Cassava Mosaic Disease (CMD)
3596488550.jpg,3,Cassava Mosaic Disease (CMD)
3315979770.jpg,3,Cassava Mosaic Disease (CMD)
2752015224.jpg,3,Cassava Mosaic Disease (CMD)
1870238448.jpg,4,Healthy
402211676.jpg,3,Cassava Mosaic Disease (CMD)
948754372.jpg,0,Cassava Bacterial Blight (CBB)
1918288357.jpg,3,Cassava Mosaic Disease (CMD)
427782419.jpg,2,Cassava Green Mottle (CGM)
2044627598.jpg,3,Cassava Mosaic Disease (CMD)
751472775.jpg,0,Cassava Bacterial Blight (CBB)
2905584104.jpg,3,Cassava Mosaic Disease (CMD)
4168406521.jpg,3,Cassava Mosaic Disease (CMD)
1953883168.jpg,3,Cassava Mosaic Disease (CMD)
4280698838.jpg,3,Cassava Mosaic Disease (CMD)
2796358784.jpg,3,Cassava Mosaic Disease (CMD)
235450388.jpg,3,Cassava Mosaic Disease (CMD)
3392605234.jpg,3,Cassava Mosaic Disease (CMD)
2895326283.jpg,1,Cassava Brown Streak Disease (CBSD)
552169332.jpg,3,Cassava Mosaic Disease (CMD)
3383545626.jpg,1,Cassava Brown Streak Disease (CBSD)
846277174.jpg,4,Healthy
2806775485.jpg,2,Cassava Green Mottle (CGM)
181667206.jpg,4,Healthy
2413564292.jpg,1,Cassava Brown Streak Disease (CBSD)
2244002731.jpg,3,Cassava Mosaic Disease (CMD)
2407217275.jpg,3,Cassava Mosaic Disease (CMD)
2671639707.jpg,3,Cassava Mosaic Disease (CMD)
1957481322.jpg,3,Cassava Mosaic Disease (CMD)
1696821568.jpg,3,Cassava Mosaic Disease (CMD)
2157497391.jpg,3,Cassava Mosaic Disease (CMD)
810511060.jpg,3,Cassava Mosaic Disease (CMD)
3054390977.jpg,3,Cassava Mosaic Disease (CMD)
4128295692.jpg,3,Cassava Mosaic Disease (CMD)
3410422779.jpg,3,Cassava Mosaic Disease (CMD)
3409229517.jpg,3,Cassava Mosaic Disease (CMD)
228757587.jpg,2,Cassava Green Mottle (CGM)
2744352830.jpg,4,Healthy
2786560780.jpg,3,Cassava Mosaic Disease (CMD)
562027159.jpg,2,Cassava Green Mottle (CGM)
2765854405.jpg,0,Cassava Bacterial Blight (CBB)
3293012629.jpg,2,Cassava Green Mottle (CGM)
80482467.jpg,3,Cassava Mosaic Disease (CMD)
2008955188.jpg,3,Cassava Mosaic Disease (CMD)
1905806148.jpg,0,Cassava Bacterial Blight (CBB)
3988908835.jpg,0,Cassava Bacterial Blight (CBB)
542215511.jpg,3,Cassava Mosaic Disease (CMD)
3336393454.jpg,3,Cassava Mosaic Disease (CMD)
3136330452.jpg,4,Healthy
2113897648.jpg,4,Healthy
3302901627.jpg,3,Cassava Mosaic Disease (CMD)
4081070840.jpg,3,Cassava Mosaic Disease (CMD)
3805200386.jpg,0,Cassava Bacterial Blight (CBB)
4256882986.jpg,3,Cassava Mosaic Disease (CMD)
4149005618.jpg,3,Cassava Mosaic Disease (CMD)
4059451569.jpg,1,Cassava Brown Streak Disease (CBSD)
3835489971.jpg,3,Cassava Mosaic Disease (CMD)
237477480.jpg,3,Cassava Mosaic Disease (CMD)
3625681825.jpg,3,Cassava Mosaic Disease (CMD)
2903545051.jpg,1,Cassava Brown Streak Disease (CBSD)
3551156826.jpg,1,Cassava Brown Streak Disease (CBSD)
2351141468.jpg,3,Cassava Mosaic Disease (CMD)
616531930.jpg,3,Cassava Mosaic Disease (CMD)
3422450809.jpg,2,Cassava Green Mottle (CGM)
2846104272.jpg,2,Cassava Green Mottle (CGM)
4237501920.jpg,2,Cassava Green Mottle (CGM)
3275961494.jpg,3,Cassava Mosaic Disease (CMD)
475418863.jpg,3,Cassava Mosaic Disease (CMD)
3441914965.jpg,3,Cassava Mosaic Disease (CMD)
1946708779.jpg,3,Cassava Mosaic Disease (CMD)
2258901488.jpg,3,Cassava Mosaic Disease (CMD)
3911320741.jpg,3,Cassava Mosaic Disease (CMD)
3985864340.jpg,3,Cassava Mosaic Disease (CMD)
410890316.jpg,1,Cassava Brown Streak Disease (CBSD)
3415144054.jpg,3,Cassava Mosaic Disease (CMD)
1804425689.jpg,2,Cassava Green Mottle (CGM)
3257711542.jpg,3,Cassava Mosaic Disease (CMD)
2627328998.jpg,3,Cassava Mosaic Disease (CMD)
217559821.jpg,3,Cassava Mosaic Disease (CMD)
1896468303.jpg,2,Cassava Green Mottle (CGM)
2466501626.jpg,3,Cassava Mosaic Disease (CMD)
3370458852.jpg,0,Cassava Bacterial Blight (CBB)
4031297900.jpg,2,Cassava Green Mottle (CGM)
939566384.jpg,3,Cassava Mosaic Disease (CMD)
4018169789.jpg,1,Cassava Brown Streak Disease (CBSD)
649044628.jpg,3,Cassava Mosaic Disease (CMD)
97287651.jpg,3,Cassava Mosaic Disease (CMD)
1768185229.jpg,3,Cassava Mosaic Disease (CMD)
1897758108.jpg,3,Cassava Mosaic Disease (CMD)
4007863717.jpg,3,Cassava Mosaic Disease (CMD)
654992578.jpg,3,Cassava Mosaic Disease (CMD)
2618706060.jpg,3,Cassava Mosaic Disease (CMD)
83337985.jpg,3,Cassava Mosaic Disease (CMD)
2016302207.jpg,4,Healthy
3786156285.jpg,3,Cassava Mosaic Disease (CMD)
4293860103.jpg,3,Cassava Mosaic Disease (CMD)
3630255820.jpg,3,Cassava Mosaic Disease (CMD)
2193300139.jpg,3,Cassava Mosaic Disease (CMD)
635341993.jpg,3,Cassava Mosaic Disease (CMD)
270924529.jpg,1,Cassava Brown Streak Disease (CBSD)
3697955919.jpg,2,Cassava Green Mottle (CGM)
2010787138.jpg,3,Cassava Mosaic Disease (CMD)
3992628804.jpg,4,Healthy
3710947953.jpg,4,Healthy
223823659.jpg,3,Cassava Mosaic Disease (CMD)
2115648947.jpg,3,Cassava Mosaic Disease (CMD)
3881936041.jpg,3,Cassava Mosaic Disease (CMD)
2164217173.jpg,0,Cassava Bacterial Blight (CBB)
3708519833.jpg,3,Cassava Mosaic Disease (CMD)
4178125933.jpg,3,Cassava Mosaic Disease (CMD)
3373453090.jpg,3,Cassava Mosaic Disease (CMD)
3984046455.jpg,3,Cassava Mosaic Disease (CMD)
2117372627.jpg,3,Cassava Mosaic Disease (CMD)
3055699105.jpg,3,Cassava Mosaic Disease (CMD)
2451619030.jpg,3,Cassava Mosaic Disease (CMD)
3060217121.jpg,3,Cassava Mosaic Disease (CMD)
3951881914.jpg,3,Cassava Mosaic Disease (CMD)
791404140.jpg,3,Cassava Mosaic Disease (CMD)
2203932051.jpg,3,Cassava Mosaic Disease (CMD)
1711803773.jpg,1,Cassava Brown Streak Disease (CBSD)
3466379543.jpg,3,Cassava Mosaic Disease (CMD)
2688191754.jpg,3,Cassava Mosaic Disease (CMD)
3408858113.jpg,3,Cassava Mosaic Disease (CMD)
2973739400.jpg,3,Cassava Mosaic Disease (CMD)
3940378567.jpg,3,Cassava Mosaic Disease (CMD)
378698250.jpg,4,Healthy
1634585420.jpg,2,Cassava Green Mottle (CGM)
1823201205.jpg,4,Healthy
2811772992.jpg,3,Cassava Mosaic Disease (CMD)
1988390173.jpg,3,Cassava Mosaic Disease (CMD)
2558491910.jpg,4,Healthy
2408627676.jpg,3,Cassava Mosaic Disease (CMD)
3309495553.jpg,3,Cassava Mosaic Disease (CMD)
4256202412.jpg,3,Cassava Mosaic Disease (CMD)
2285830070.jpg,3,Cassava Mosaic Disease (CMD)
3740210587.jpg,3,Cassava Mosaic Disease (CMD)
3381529133.jpg,3,Cassava Mosaic Disease (CMD)
2884368944.jpg,3,Cassava Mosaic Disease (CMD)
336962626.jpg,4,Healthy
3995859683.jpg,0,Cassava Bacterial Blight (CBB)
3446250532.jpg,3,Cassava Mosaic Disease (CMD)
3022337655.jpg,3,Cassava Mosaic Disease (CMD)
3278657950.jpg,4,Healthy
2892238301.jpg,3,Cassava Mosaic Disease (CMD)
2221120422.jpg,3,Cassava Mosaic Disease (CMD)
657403248.jpg,3,Cassava Mosaic Disease (CMD)
2602649407.jpg,3,Cassava Mosaic Disease (CMD)
3066634171.jpg,3,Cassava Mosaic Disease (CMD)
225438474.jpg,3,Cassava Mosaic Disease (CMD)
795383461.jpg,2,Cassava Green Mottle (CGM)
382849332.jpg,1,Cassava Brown Streak Disease (CBSD)
3209323639.jpg,2,Cassava Green Mottle (CGM)
507089312.jpg,3,Cassava Mosaic Disease (CMD)
3119447411.jpg,3,Cassava Mosaic Disease (CMD)
1686186154.jpg,3,Cassava Mosaic Disease (CMD)
3459275499.jpg,3,Cassava Mosaic Disease (CMD)
3155629912.jpg,3,Cassava Mosaic Disease (CMD)
3923316959.jpg,1,Cassava Brown Streak Disease (CBSD)
4252235677.jpg,3,Cassava Mosaic Disease (CMD)
2721767282.jpg,2,Cassava Green Mottle (CGM)
4087523720.jpg,2,Cassava Green Mottle (CGM)
2671295882.jpg,2,Cassava Green Mottle (CGM)
3791164400.jpg,2,Cassava Green Mottle (CGM)
4078601864.jpg,3,Cassava Mosaic Disease (CMD)
1941209477.jpg,2,Cassava Green Mottle (CGM)
3276064901.jpg,3,Cassava Mosaic Disease (CMD)
2146112152.jpg,3,Cassava Mosaic Disease (CMD)
3181053389.jpg,3,Cassava Mosaic Disease (CMD)
4137700702.jpg,3,Cassava Mosaic Disease (CMD)
3430441640.jpg,4,Healthy
896983896.jpg,2,Cassava Green Mottle (CGM)
3988748153.jpg,3,Cassava Mosaic Disease (CMD)
699282565.jpg,3,Cassava Mosaic Disease (CMD)
4001662386.jpg,3,Cassava Mosaic Disease (CMD)
3243085170.jpg,0,Cassava Bacterial Blight (CBB)
3175131479.jpg,2,Cassava Green Mottle (CGM)
3415036819.jpg,3,Cassava Mosaic Disease (CMD)
782478171.jpg,3,Cassava Mosaic Disease (CMD)
3779251659.jpg,3,Cassava Mosaic Disease (CMD)
3505613184.jpg,3,Cassava Mosaic Disease (CMD)
3089361275.jpg,3,Cassava Mosaic Disease (CMD)
2077133669.jpg,3,Cassava Mosaic Disease (CMD)
4228743901.jpg,2,Cassava Green Mottle (CGM)
3600904463.jpg,3,Cassava Mosaic Disease (CMD)
91058248.jpg,2,Cassava Green Mottle (CGM)
2324445131.jpg,3,Cassava Mosaic Disease (CMD)
3918240878.jpg,3,Cassava Mosaic Disease (CMD)
382790070.jpg,3,Cassava Mosaic Disease (CMD)
671906195.jpg,3,Cassava Mosaic Disease (CMD)
3637416250.jpg,1,Cassava Brown Streak Disease (CBSD)
3720319782.jpg,3,Cassava Mosaic Disease (CMD)
3856973359.jpg,1,Cassava Brown Streak Disease (CBSD)
2800062911.jpg,4,Healthy
3362457506.jpg,3,Cassava Mosaic Disease (CMD)
2489474149.jpg,3,Cassava Mosaic Disease (CMD)
4195040582.jpg,3,Cassava Mosaic Disease (CMD)
3273581839.jpg,3,Cassava Mosaic Disease (CMD)
1908179787.jpg,0,Cassava Bacterial Blight (CBB)
1960632681.jpg,1,Cassava Brown Streak Disease (CBSD)
2187563548.jpg,4,Healthy
845640217.jpg,3,Cassava Mosaic Disease (CMD)
3693124692.jpg,2,Cassava Green Mottle (CGM)
4114035268.jpg,3,Cassava Mosaic Disease (CMD)
3132897283.jpg,3,Cassava Mosaic Disease (CMD)
3940020212.jpg,3,Cassava Mosaic Disease (CMD)
3184292480.jpg,4,Healthy
887896841.jpg,3,Cassava Mosaic Disease (CMD)
1918702434.jpg,2,Cassava Green Mottle (CGM)
3918409158.jpg,3,Cassava Mosaic Disease (CMD)
2473152942.jpg,3,Cassava Mosaic Disease (CMD)
2384181550.jpg,3,Cassava Mosaic Disease (CMD)
329996274.jpg,4,Healthy
249317058.jpg,1,Cassava Brown Streak Disease (CBSD)
2794860382.jpg,3,Cassava Mosaic Disease (CMD)
3488113907.jpg,3,Cassava Mosaic Disease (CMD)
3793671937.jpg,3,Cassava Mosaic Disease (CMD)
671675016.jpg,0,Cassava Bacterial Blight (CBB)
2210937583.jpg,3,Cassava Mosaic Disease (CMD)
2223556272.jpg,3,Cassava Mosaic Disease (CMD)
3964970132.jpg,0,Cassava Bacterial Blight (CBB)
3378106142.jpg,4,Healthy
2278281792.jpg,3,Cassava Mosaic Disease (CMD)
3035820156.jpg,1,Cassava Brown Streak Disease (CBSD)
1906106521.jpg,4,Healthy
3810740135.jpg,3,Cassava Mosaic Disease (CMD)
963176335.jpg,3,Cassava Mosaic Disease (CMD)
93955818.jpg,4,Healthy
2544512868.jpg,3,Cassava Mosaic Disease (CMD)
3914210670.jpg,3,Cassava Mosaic Disease (CMD)
3810809174.jpg,1,Cassava Brown Streak Disease (CBSD)
2681077258.jpg,3,Cassava Mosaic Disease (CMD)
2184099355.jpg,3,Cassava Mosaic Disease (CMD)
546602360.jpg,3,Cassava Mosaic Disease (CMD)
1849248641.jpg,3,Cassava Mosaic Disease (CMD)
3047731871.jpg,3,Cassava Mosaic Disease (CMD)
4284260544.jpg,3,Cassava Mosaic Disease (CMD)
2515947948.jpg,4,Healthy
2079122441.jpg,3,Cassava Mosaic Disease (CMD)
2198591812.jpg,2,Cassava Green Mottle (CGM)
618049831.jpg,1,Cassava Brown Streak Disease (CBSD)
1932176916.jpg,3,Cassava Mosaic Disease (CMD)
3341646206.jpg,3,Cassava Mosaic Disease (CMD)
2584374846.jpg,3,Cassava Mosaic Disease (CMD)
418911240.jpg,3,Cassava Mosaic Disease (CMD)
447826793.jpg,1,Cassava Brown Streak Disease (CBSD)
1927778435.jpg,4,Healthy
2932123995.jpg,0,Cassava Bacterial Blight (CBB)
4037393509.jpg,4,Healthy
2539303970.jpg,3,Cassava Mosaic Disease (CMD)
3416705012.jpg,1,Cassava Brown Streak Disease (CBSD)
1652920595.jpg,0,Cassava Bacterial Blight (CBB)
760863006.jpg,2,Cassava Green Mottle (CGM)
2045866821.jpg,2,Cassava Green Mottle (CGM)
1713912382.jpg,3,Cassava Mosaic Disease (CMD)
3816673921.jpg,4,Healthy
3533779400.jpg,3,Cassava Mosaic Disease (CMD)
4108844904.jpg,1,Cassava Brown Streak Disease (CBSD)
4249429876.jpg,3,Cassava Mosaic Disease (CMD)
454246300.jpg,4,Healthy
3587386761.jpg,2,Cassava Green Mottle (CGM)
312082774.jpg,2,Cassava Green Mottle (CGM)
737529075.jpg,4,Healthy
3853597900.jpg,4,Healthy
2378984273.jpg,4,Healthy
540860171.jpg,3,Cassava Mosaic Disease (CMD)
508250510.jpg,3,Cassava Mosaic Disease (CMD)
3328646358.jpg,3,Cassava Mosaic Disease (CMD)
3724163879.jpg,2,Cassava Green Mottle (CGM)
3878867821.jpg,3,Cassava Mosaic Disease (CMD)
495907528.jpg,4,Healthy
3773593656.jpg,4,Healthy
497620321.jpg,4,Healthy
3552533630.jpg,3,Cassava Mosaic Disease (CMD)
2642869227.jpg,0,Cassava Bacterial Blight (CBB)
4122834254.jpg,3,Cassava Mosaic Disease (CMD)
2814644879.jpg,3,Cassava Mosaic Disease (CMD)
2666373738.jpg,3,Cassava Mosaic Disease (CMD)
3388237026.jpg,3,Cassava Mosaic Disease (CMD)
3308361838.jpg,4,Healthy
2583789810.jpg,2,Cassava Green Mottle (CGM)
537247997.jpg,3,Cassava Mosaic Disease (CMD)
557774617.jpg,3,Cassava Mosaic Disease (CMD)
3120725353.jpg,3,Cassava Mosaic Disease (CMD)
4057824685.jpg,3,Cassava Mosaic Disease (CMD)
2654121238.jpg,3,Cassava Mosaic Disease (CMD)
162469739.jpg,3,Cassava Mosaic Disease (CMD)
467000681.jpg,3,Cassava Mosaic Disease (CMD)
68761769.jpg,4,Healthy
3820461098.jpg,3,Cassava Mosaic Disease (CMD)
1702300197.jpg,4,Healthy
4248343921.jpg,1,Cassava Brown Streak Disease (CBSD)
1972768555.jpg,3,Cassava Mosaic Disease (CMD)
1748078047.jpg,2,Cassava Green Mottle (CGM)
1689265715.jpg,3,Cassava Mosaic Disease (CMD)
2457355421.jpg,4,Healthy
2629234674.jpg,2,Cassava Green Mottle (CGM)
3022143187.jpg,3,Cassava Mosaic Disease (CMD)
3351939654.jpg,3,Cassava Mosaic Disease (CMD)
1637512671.jpg,1,Cassava Brown Streak Disease (CBSD)
2174460518.jpg,3,Cassava Mosaic Disease (CMD)
646999993.jpg,1,Cassava Brown Streak Disease (CBSD)
2543879211.jpg,2,Cassava Green Mottle (CGM)
1966513283.jpg,3,Cassava Mosaic Disease (CMD)
2860246624.jpg,3,Cassava Mosaic Disease (CMD)
566719664.jpg,4,Healthy
2432592527.jpg,3,Cassava Mosaic Disease (CMD)
506567755.jpg,3,Cassava Mosaic Disease (CMD)
1769355449.jpg,3,Cassava Mosaic Disease (CMD)
3576532910.jpg,3,Cassava Mosaic Disease (CMD)
3631877554.jpg,3,Cassava Mosaic Disease (CMD)
1681870456.jpg,1,Cassava Brown Streak Disease (CBSD)
433676551.jpg,2,Cassava Green Mottle (CGM)
3794607673.jpg,3,Cassava Mosaic Disease (CMD)
4073445610.jpg,1,Cassava Brown Streak Disease (CBSD)
4213734588.jpg,1,Cassava Brown Streak Disease (CBSD)
2159703562.jpg,3,Cassava Mosaic Disease (CMD)
3503733848.jpg,3,Cassava Mosaic Disease (CMD)
1709404074.jpg,4,Healthy
3792751704.jpg,1,Cassava Brown Streak Disease (CBSD)
4183866544.jpg,3,Cassava Mosaic Disease (CMD)
3448607006.jpg,2,Cassava Green Mottle (CGM)
2405041059.jpg,3,Cassava Mosaic Disease (CMD)
2008117756.jpg,0,Cassava Bacterial Blight (CBB)
2383062261.jpg,3,Cassava Mosaic Disease (CMD)
1888938602.jpg,3,Cassava Mosaic Disease (CMD)
1628755791.jpg,4,Healthy
2551400467.jpg,4,Healthy
3887630301.jpg,1,Cassava Brown Streak Disease (CBSD)
4025505972.jpg,3,Cassava Mosaic Disease (CMD)
2509495518.jpg,3,Cassava Mosaic Disease (CMD)
2129345943.jpg,3,Cassava Mosaic Disease (CMD)
2321816432.jpg,3,Cassava Mosaic Disease (CMD)
344091913.jpg,2,Cassava Green Mottle (CGM)
2027299307.jpg,3,Cassava Mosaic Disease (CMD)
841248971.jpg,3,Cassava Mosaic Disease (CMD)
2665396670.jpg,3,Cassava Mosaic Disease (CMD)
3392379896.jpg,3,Cassava Mosaic Disease (CMD)
2203540560.jpg,3,Cassava Mosaic Disease (CMD)
21101348.jpg,4,Healthy
614363476.jpg,3,Cassava Mosaic Disease (CMD)
4279143511.jpg,3,Cassava Mosaic Disease (CMD)
1999438235.jpg,2,Cassava Green Mottle (CGM)
4081341161.jpg,1,Cassava Brown Streak Disease (CBSD)
2425193162.jpg,1,Cassava Brown Streak Disease (CBSD)
826682979.jpg,3,Cassava Mosaic Disease (CMD)
878720080.jpg,3,Cassava Mosaic Disease (CMD)
3529758139.jpg,2,Cassava Green Mottle (CGM)
2331038619.jpg,3,Cassava Mosaic Disease (CMD)
2605638438.jpg,3,Cassava Mosaic Disease (CMD)
3791086743.jpg,2,Cassava Green Mottle (CGM)
3778075514.jpg,3,Cassava Mosaic Disease (CMD)
2523850258.jpg,0,Cassava Bacterial Blight (CBB)
494596361.jpg,3,Cassava Mosaic Disease (CMD)
3167998962.jpg,3,Cassava Mosaic Disease (CMD)
2895678795.jpg,3,Cassava Mosaic Disease (CMD)
3018000932.jpg,4,Healthy
3952546193.jpg,3,Cassava Mosaic Disease (CMD)
2172992522.jpg,3,Cassava Mosaic Disease (CMD)
3927071065.jpg,3,Cassava Mosaic Disease (CMD)
897929380.jpg,3,Cassava Mosaic Disease (CMD)
2085011211.jpg,3,Cassava Mosaic Disease (CMD)
4097262272.jpg,3,Cassava Mosaic Disease (CMD)
3491035063.jpg,4,Healthy
2845701741.jpg,3,Cassava Mosaic Disease (CMD)
3507965498.jpg,3,Cassava Mosaic Disease (CMD)
3812225296.jpg,2,Cassava Green Mottle (CGM)
2792806251.jpg,3,Cassava Mosaic Disease (CMD)
475097203.jpg,3,Cassava Mosaic Disease (CMD)
618683385.jpg,4,Healthy
906773049.jpg,3,Cassava Mosaic Disease (CMD)
404853146.jpg,0,Cassava Bacterial Blight (CBB)
786134670.jpg,3,Cassava Mosaic Disease (CMD)
2509010515.jpg,3,Cassava Mosaic Disease (CMD)
1938730022.jpg,2,Cassava Green Mottle (CGM)
628142575.jpg,4,Healthy
3937688223.jpg,3,Cassava Mosaic Disease (CMD)
450609144.jpg,3,Cassava Mosaic Disease (CMD)
2934666969.jpg,1,Cassava Brown Streak Disease (CBSD)
3240031816.jpg,3,Cassava Mosaic Disease (CMD)
1579761476.jpg,1,Cassava Brown Streak Disease (CBSD)
3221655507.jpg,0,Cassava Bacterial Blight (CBB)
3314830802.jpg,3,Cassava Mosaic Disease (CMD)
2749764674.jpg,3,Cassava Mosaic Disease (CMD)
2333620878.jpg,3,Cassava Mosaic Disease (CMD)
2603843630.jpg,1,Cassava Brown Streak Disease (CBSD)
986134312.jpg,3,Cassava Mosaic Disease (CMD)
4268397225.jpg,0,Cassava Bacterial Blight (CBB)
4046217352.jpg,1,Cassava Brown Streak Disease (CBSD)
630798966.jpg,3,Cassava Mosaic Disease (CMD)
532038171.jpg,1,Cassava Brown Streak Disease (CBSD)
795796251.jpg,2,Cassava Green Mottle (CGM)
3006942372.jpg,3,Cassava Mosaic Disease (CMD)
1936471252.jpg,3,Cassava Mosaic Disease (CMD)
690578148.jpg,3,Cassava Mosaic Disease (CMD)
2643647832.jpg,1,Cassava Brown Streak Disease (CBSD)
841741628.jpg,3,Cassava Mosaic Disease (CMD)
2883197324.jpg,4,Healthy
2401897926.jpg,3,Cassava Mosaic Disease (CMD)
678969911.jpg,4,Healthy
3066421395.jpg,3,Cassava Mosaic Disease (CMD)
3930711994.jpg,1,Cassava Brown Streak Disease (CBSD)
2026618644.jpg,1,Cassava Brown Streak Disease (CBSD)
3163944517.jpg,3,Cassava Mosaic Disease (CMD)
282134948.jpg,3,Cassava Mosaic Disease (CMD)
2489601909.jpg,3,Cassava Mosaic Disease (CMD)
1635544822.jpg,3,Cassava Mosaic Disease (CMD)
2333596954.jpg,3,Cassava Mosaic Disease (CMD)
2464377499.jpg,3,Cassava Mosaic Disease (CMD)
2279465716.jpg,2,Cassava Green Mottle (CGM)
4149113936.jpg,2,Cassava Green Mottle (CGM)
2032424742.jpg,3,Cassava Mosaic Disease (CMD)
2931360205.jpg,2,Cassava Green Mottle (CGM)
1635619978.jpg,1,Cassava Brown Streak Disease (CBSD)
2826122413.jpg,4,Healthy
3715862925.jpg,3,Cassava Mosaic Disease (CMD)
3149626447.jpg,1,Cassava Brown Streak Disease (CBSD)
2307171818.jpg,1,Cassava Brown Streak Disease (CBSD)
3553602549.jpg,3,Cassava Mosaic Disease (CMD)
2823403076.jpg,1,Cassava Brown Streak Disease (CBSD)
2877824060.jpg,3,Cassava Mosaic Disease (CMD)
2386015135.jpg,2,Cassava Green Mottle (CGM)
1840189288.jpg,3,Cassava Mosaic Disease (CMD)
186178613.jpg,3,Cassava Mosaic Disease (CMD)
2107635089.jpg,1,Cassava Brown Streak Disease (CBSD)
424257956.jpg,4,Healthy
2205584045.jpg,3,Cassava Mosaic Disease (CMD)
1690665050.jpg,3,Cassava Mosaic Disease (CMD)
409358481.jpg,3,Cassava Mosaic Disease (CMD)
726063333.jpg,3,Cassava Mosaic Disease (CMD)
1939113672.jpg,1,Cassava Brown Streak Disease (CBSD)
2882742314.jpg,3,Cassava Mosaic Disease (CMD)
299296810.jpg,3,Cassava Mosaic Disease (CMD)
3718347785.jpg,2,Cassava Green Mottle (CGM)
348249198.jpg,4,Healthy
4269113447.jpg,3,Cassava Mosaic Disease (CMD)
2839592089.jpg,3,Cassava Mosaic Disease (CMD)
778751547.jpg,4,Healthy
2161349930.jpg,2,Cassava Green Mottle (CGM)
2568949688.jpg,3,Cassava Mosaic Disease (CMD)
309770787.jpg,3,Cassava Mosaic Disease (CMD)
3468662921.jpg,3,Cassava Mosaic Disease (CMD)
340856242.jpg,3,Cassava Mosaic Disease (CMD)
3127022829.jpg,1,Cassava Brown Streak Disease (CBSD)
2097421346.jpg,3,Cassava Mosaic Disease (CMD)
2356810303.jpg,3,Cassava Mosaic Disease (CMD)
28666432.jpg,4,Healthy
1656608225.jpg,3,Cassava Mosaic Disease (CMD)
669748740.jpg,3,Cassava Mosaic Disease (CMD)
520184661.jpg,3,Cassava Mosaic Disease (CMD)
2359114639.jpg,3,Cassava Mosaic Disease (CMD)
2285402273.jpg,1,Cassava Brown Streak Disease (CBSD)
3037049633.jpg,3,Cassava Mosaic Disease (CMD)
2266647967.jpg,3,Cassava Mosaic Disease (CMD)
2130092429.jpg,3,Cassava Mosaic Disease (CMD)
1838877057.jpg,3,Cassava Mosaic Disease (CMD)
830055343.jpg,3,Cassava Mosaic Disease (CMD)
678943117.jpg,3,Cassava Mosaic Disease (CMD)
667790094.jpg,2,Cassava Green Mottle (CGM)
2222831550.jpg,3,Cassava Mosaic Disease (CMD)
3805984406.jpg,3,Cassava Mosaic Disease (CMD)
3955931830.jpg,3,Cassava Mosaic Disease (CMD)
756368308.jpg,3,Cassava Mosaic Disease (CMD)
606945473.jpg,2,Cassava Green Mottle (CGM)
2159146613.jpg,3,Cassava Mosaic Disease (CMD)
2238956267.jpg,3,Cassava Mosaic Disease (CMD)
70412561.jpg,4,Healthy
263656708.jpg,3,Cassava Mosaic Disease (CMD)
3949530220.jpg,3,Cassava Mosaic Disease (CMD)
3467403043.jpg,2,Cassava Green Mottle (CGM)
4214804223.jpg,1,Cassava Brown Streak Disease (CBSD)
3578968000.jpg,3,Cassava Mosaic Disease (CMD)
50496855.jpg,3,Cassava Mosaic Disease (CMD)
3330987820.jpg,3,Cassava Mosaic Disease (CMD)
2471372576.jpg,1,Cassava Brown Streak Disease (CBSD)
4153904483.jpg,3,Cassava Mosaic Disease (CMD)
4284674042.jpg,0,Cassava Bacterial Blight (CBB)
2758510429.jpg,3,Cassava Mosaic Disease (CMD)
2549758546.jpg,3,Cassava Mosaic Disease (CMD)
950405197.jpg,3,Cassava Mosaic Disease (CMD)
632517607.jpg,3,Cassava Mosaic Disease (CMD)
2417276774.jpg,3,Cassava Mosaic Disease (CMD)
1758443591.jpg,3,Cassava Mosaic Disease (CMD)
3455730172.jpg,3,Cassava Mosaic Disease (CMD)
2908005417.jpg,3,Cassava Mosaic Disease (CMD)
3986774650.jpg,0,Cassava Bacterial Blight (CBB)
4143264926.jpg,3,Cassava Mosaic Disease (CMD)
533133014.jpg,3,Cassava Mosaic Disease (CMD)
4182745953.jpg,3,Cassava Mosaic Disease (CMD)
3977257761.jpg,1,Cassava Brown Streak Disease (CBSD)
3724956866.jpg,4,Healthy
532255691.jpg,1,Cassava Brown Streak Disease (CBSD)
4234605337.jpg,3,Cassava Mosaic Disease (CMD)
2129162567.jpg,3,Cassava Mosaic Disease (CMD)
1829454153.jpg,3,Cassava Mosaic Disease (CMD)
1622560138.jpg,2,Cassava Green Mottle (CGM)
3878767715.jpg,3,Cassava Mosaic Disease (CMD)
2694111993.jpg,3,Cassava Mosaic Disease (CMD)
3964316261.jpg,3,Cassava Mosaic Disease (CMD)
3167350817.jpg,3,Cassava Mosaic Disease (CMD)
3677086623.jpg,1,Cassava Brown Streak Disease (CBSD)
4161456491.jpg,3,Cassava Mosaic Disease (CMD)
4191284579.jpg,3,Cassava Mosaic Disease (CMD)
3149481755.jpg,3,Cassava Mosaic Disease (CMD)
4098473118.jpg,3,Cassava Mosaic Disease (CMD)
866506259.jpg,1,Cassava Brown Streak Disease (CBSD)
3553494327.jpg,2,Cassava Green Mottle (CGM)
3072161294.jpg,3,Cassava Mosaic Disease (CMD)
3619447229.jpg,3,Cassava Mosaic Disease (CMD)
3568729258.jpg,3,Cassava Mosaic Disease (CMD)
4120960004.jpg,3,Cassava Mosaic Disease (CMD)
577090506.jpg,3,Cassava Mosaic Disease (CMD)
2236683337.jpg,1,Cassava Brown Streak Disease (CBSD)
3501013253.jpg,3,Cassava Mosaic Disease (CMD)
2475226454.jpg,3,Cassava Mosaic Disease (CMD)
3598395242.jpg,3,Cassava Mosaic Disease (CMD)
3770555953.jpg,3,Cassava Mosaic Disease (CMD)
9255514.jpg,3,Cassava Mosaic Disease (CMD)
39272616.jpg,3,Cassava Mosaic Disease (CMD)
4258860412.jpg,1,Cassava Brown Streak Disease (CBSD)
1583452886.jpg,4,Healthy
3211733449.jpg,2,Cassava Green Mottle (CGM)
2793573567.jpg,4,Healthy
2405214646.jpg,3,Cassava Mosaic Disease (CMD)
2621308755.jpg,3,Cassava Mosaic Disease (CMD)
408144068.jpg,3,Cassava Mosaic Disease (CMD)
968449352.jpg,3,Cassava Mosaic Disease (CMD)
2232905491.jpg,4,Healthy
3070076859.jpg,4,Healthy
3714160036.jpg,3,Cassava Mosaic Disease (CMD)
667282886.jpg,3,Cassava Mosaic Disease (CMD)
977709534.jpg,3,Cassava Mosaic Disease (CMD)
2760869322.jpg,1,Cassava Brown Streak Disease (CBSD)
205249425.jpg,3,Cassava Mosaic Disease (CMD)
2079191755.jpg,3,Cassava Mosaic Disease (CMD)
3240471476.jpg,4,Healthy
3146245132.jpg,3,Cassava Mosaic Disease (CMD)
3608399345.jpg,1,Cassava Brown Streak Disease (CBSD)
2203128362.jpg,3,Cassava Mosaic Disease (CMD)
3718181565.jpg,1,Cassava Brown Streak Disease (CBSD)
2579509764.jpg,3,Cassava Mosaic Disease (CMD)
4250418714.jpg,3,Cassava Mosaic Disease (CMD)
3519898.jpg,3,Cassava Mosaic Disease (CMD)
478036306.jpg,0,Cassava Bacterial Blight (CBB)
2461718953.jpg,0,Cassava Bacterial Blight (CBB)
527648295.jpg,3,Cassava Mosaic Disease (CMD)
2470903656.jpg,3,Cassava Mosaic Disease (CMD)
1903950320.jpg,4,Healthy
26942115.jpg,3,Cassava Mosaic Disease (CMD)
3310109012.jpg,1,Cassava Brown Streak Disease (CBSD)
2895265438.jpg,3,Cassava Mosaic Disease (CMD)
2229221993.jpg,1,Cassava Brown Streak Disease (CBSD)
4274049119.jpg,4,Healthy
1987807979.jpg,1,Cassava Brown Streak Disease (CBSD)
442386946.jpg,4,Healthy
3238426139.jpg,4,Healthy
3094956073.jpg,0,Cassava Bacterial Blight (CBB)
860926146.jpg,3,Cassava Mosaic Disease (CMD)
370481129.jpg,2,Cassava Green Mottle (CGM)
1867337976.jpg,3,Cassava Mosaic Disease (CMD)
956840852.jpg,3,Cassava Mosaic Disease (CMD)
2745895551.jpg,3,Cassava Mosaic Disease (CMD)
553195372.jpg,1,Cassava Brown Streak Disease (CBSD)
254709143.jpg,4,Healthy
3337505387.jpg,3,Cassava Mosaic Disease (CMD)
3184771451.jpg,4,Healthy
2167697247.jpg,3,Cassava Mosaic Disease (CMD)
3712630265.jpg,3,Cassava Mosaic Disease (CMD)
2805717623.jpg,1,Cassava Brown Streak Disease (CBSD)
2396561061.jpg,2,Cassava Green Mottle (CGM)
2545654854.jpg,3,Cassava Mosaic Disease (CMD)
3644657668.jpg,3,Cassava Mosaic Disease (CMD)
3254488090.jpg,3,Cassava Mosaic Disease (CMD)
484286450.jpg,3,Cassava Mosaic Disease (CMD)
1761563739.jpg,3,Cassava Mosaic Disease (CMD)
2271623198.jpg,3,Cassava Mosaic Disease (CMD)
3882450563.jpg,1,Cassava Brown Streak Disease (CBSD)
4188219605.jpg,2,Cassava Green Mottle (CGM)
634816572.jpg,3,Cassava Mosaic Disease (CMD)
510336475.jpg,3,Cassava Mosaic Disease (CMD)
2923119977.jpg,1,Cassava Brown Streak Disease (CBSD)
1818968556.jpg,3,Cassava Mosaic Disease (CMD)
612816896.jpg,3,Cassava Mosaic Disease (CMD)
415901273.jpg,2,Cassava Green Mottle (CGM)
258351073.jpg,3,Cassava Mosaic Disease (CMD)
2699226365.jpg,3,Cassava Mosaic Disease (CMD)
1979319033.jpg,3,Cassava Mosaic Disease (CMD)
3602601818.jpg,3,Cassava Mosaic Disease (CMD)
59208991.jpg,3,Cassava Mosaic Disease (CMD)
4183078751.jpg,3,Cassava Mosaic Disease (CMD)
3474522679.jpg,0,Cassava Bacterial Blight (CBB)
2484271873.jpg,4,Healthy
3528647821.jpg,3,Cassava Mosaic Disease (CMD)
4070109402.jpg,3,Cassava Mosaic Disease (CMD)
2623698419.jpg,3,Cassava Mosaic Disease (CMD)
3465728572.jpg,2,Cassava Green Mottle (CGM)
1922691253.jpg,4,Healthy
207069305.jpg,3,Cassava Mosaic Disease (CMD)
3270002383.jpg,3,Cassava Mosaic Disease (CMD)
1649487665.jpg,3,Cassava Mosaic Disease (CMD)
3381316827.jpg,3,Cassava Mosaic Disease (CMD)
3444265249.jpg,3,Cassava Mosaic Disease (CMD)
2930198832.jpg,1,Cassava Brown Streak Disease (CBSD)
2915539500.jpg,0,Cassava Bacterial Blight (CBB)
949963080.jpg,0,Cassava Bacterial Blight (CBB)
2184718270.jpg,2,Cassava Green Mottle (CGM)
868625768.jpg,3,Cassava Mosaic Disease (CMD)
2229564743.jpg,3,Cassava Mosaic Disease (CMD)
915715866.jpg,3,Cassava Mosaic Disease (CMD)
492140725.jpg,0,Cassava Bacterial Blight (CBB)
3763125512.jpg,3,Cassava Mosaic Disease (CMD)
4146786218.jpg,3,Cassava Mosaic Disease (CMD)
902429772.jpg,1,Cassava Brown Streak Disease (CBSD)
2066357656.jpg,3,Cassava Mosaic Disease (CMD)
3983622976.jpg,0,Cassava Bacterial Blight (CBB)
3606444660.jpg,2,Cassava Green Mottle (CGM)
4072033035.jpg,4,Healthy
596124693.jpg,2,Cassava Green Mottle (CGM)
608243264.jpg,2,Cassava Green Mottle (CGM)
342958683.jpg,0,Cassava Bacterial Blight (CBB)
2013693595.jpg,3,Cassava Mosaic Disease (CMD)
199365289.jpg,2,Cassava Green Mottle (CGM)
468599121.jpg,4,Healthy
1757569899.jpg,3,Cassava Mosaic Disease (CMD)
2383740789.jpg,3,Cassava Mosaic Disease (CMD)
2506348944.jpg,4,Healthy
3244391551.jpg,3,Cassava Mosaic Disease (CMD)
2371937835.jpg,2,Cassava Green Mottle (CGM)
3322844251.jpg,3,Cassava Mosaic Disease (CMD)
878628068.jpg,3,Cassava Mosaic Disease (CMD)
3058561440.jpg,1,Cassava Brown Streak Disease (CBSD)
624542244.jpg,2,Cassava Green Mottle (CGM)
969749670.jpg,2,Cassava Green Mottle (CGM)
2266653294.jpg,3,Cassava Mosaic Disease (CMD)
3074981220.jpg,0,Cassava Bacterial Blight (CBB)
2516099863.jpg,4,Healthy
960297309.jpg,1,Cassava Brown Streak Disease (CBSD)
3504669411.jpg,3,Cassava Mosaic Disease (CMD)
1743033739.jpg,3,Cassava Mosaic Disease (CMD)
306210288.jpg,3,Cassava Mosaic Disease (CMD)
3675828725.jpg,3,Cassava Mosaic Disease (CMD)
19090141.jpg,3,Cassava Mosaic Disease (CMD)
2092002351.jpg,3,Cassava Mosaic Disease (CMD)
786431540.jpg,4,Healthy
4020967686.jpg,3,Cassava Mosaic Disease (CMD)
4182634633.jpg,3,Cassava Mosaic Disease (CMD)
2545481828.jpg,2,Cassava Green Mottle (CGM)
2962999252.jpg,1,Cassava Brown Streak Disease (CBSD)
3295247232.jpg,3,Cassava Mosaic Disease (CMD)
2562362099.jpg,2,Cassava Green Mottle (CGM)
3559812873.jpg,4,Healthy
23257124.jpg,3,Cassava Mosaic Disease (CMD)
2669409913.jpg,3,Cassava Mosaic Disease (CMD)
3552888499.jpg,3,Cassava Mosaic Disease (CMD)
3899552692.jpg,3,Cassava Mosaic Disease (CMD)
207668947.jpg,3,Cassava Mosaic Disease (CMD)
2966195606.jpg,2,Cassava Green Mottle (CGM)
1828167869.jpg,1,Cassava Brown Streak Disease (CBSD)
1659403875.jpg,3,Cassava Mosaic Disease (CMD)
3410015128.jpg,1,Cassava Brown Streak Disease (CBSD)
744371772.jpg,3,Cassava Mosaic Disease (CMD)
2140295414.jpg,2,Cassava Green Mottle (CGM)
3050021407.jpg,3,Cassava Mosaic Disease (CMD)
1641250084.jpg,2,Cassava Green Mottle (CGM)
4148790087.jpg,3,Cassava Mosaic Disease (CMD)
2763999438.jpg,3,Cassava Mosaic Disease (CMD)
586367885.jpg,1,Cassava Brown Streak Disease (CBSD)
3232296827.jpg,3,Cassava Mosaic Disease (CMD)
159654644.jpg,1,Cassava Brown Streak Disease (CBSD)
325567514.jpg,4,Healthy
2351001169.jpg,3,Cassava Mosaic Disease (CMD)
3676238683.jpg,1,Cassava Brown Streak Disease (CBSD)
2966525564.jpg,3,Cassava Mosaic Disease (CMD)
1933240332.jpg,3,Cassava Mosaic Disease (CMD)
701939948.jpg,3,Cassava Mosaic Disease (CMD)
523467512.jpg,2,Cassava Green Mottle (CGM)
2787491273.jpg,1,Cassava Brown Streak Disease (CBSD)
3864050647.jpg,4,Healthy
302524536.jpg,4,Healthy
3655347834.jpg,3,Cassava Mosaic Disease (CMD)
2623245968.jpg,4,Healthy
729514787.jpg,3,Cassava Mosaic Disease (CMD)
2494192748.jpg,4,Healthy
657817116.jpg,4,Healthy
184909120.jpg,3,Cassava Mosaic Disease (CMD)
591741499.jpg,3,Cassava Mosaic Disease (CMD)
4196010375.jpg,3,Cassava Mosaic Disease (CMD)
4227613635.jpg,3,Cassava Mosaic Disease (CMD)
391259058.jpg,3,Cassava Mosaic Disease (CMD)
1948389107.jpg,4,Healthy
991916399.jpg,1,Cassava Brown Streak Disease (CBSD)
1878129720.jpg,4,Healthy
2921818611.jpg,2,Cassava Green Mottle (CGM)
3151741322.jpg,3,Cassava Mosaic Disease (CMD)
1927862563.jpg,3,Cassava Mosaic Disease (CMD)
3419381051.jpg,3,Cassava Mosaic Disease (CMD)
1789470358.jpg,1,Cassava Brown Streak Disease (CBSD)
3720322849.jpg,3,Cassava Mosaic Disease (CMD)
3998293147.jpg,3,Cassava Mosaic Disease (CMD)
3527770435.jpg,3,Cassava Mosaic Disease (CMD)
3708503700.jpg,3,Cassava Mosaic Disease (CMD)
276788964.jpg,3,Cassava Mosaic Disease (CMD)
401790013.jpg,3,Cassava Mosaic Disease (CMD)
471719560.jpg,4,Healthy
412355658.jpg,3,Cassava Mosaic Disease (CMD)
1944784373.jpg,3,Cassava Mosaic Disease (CMD)
2229565623.jpg,3,Cassava Mosaic Disease (CMD)
2545498983.jpg,1,Cassava Brown Streak Disease (CBSD)
1689108113.jpg,4,Healthy
2737290136.jpg,3,Cassava Mosaic Disease (CMD)
568805661.jpg,3,Cassava Mosaic Disease (CMD)
2593364251.jpg,3,Cassava Mosaic Disease (CMD)
4262559239.jpg,3,Cassava Mosaic Disease (CMD)
2601988255.jpg,3,Cassava Mosaic Disease (CMD)
630240307.jpg,3,Cassava Mosaic Disease (CMD)
91285032.jpg,3,Cassava Mosaic Disease (CMD)
3500812508.jpg,4,Healthy
690125781.jpg,4,Healthy
600869262.jpg,1,Cassava Brown Streak Disease (CBSD)
2997913778.jpg,4,Healthy
508653988.jpg,1,Cassava Brown Streak Disease (CBSD)
1852699867.jpg,3,Cassava Mosaic Disease (CMD)
2887300440.jpg,2,Cassava Green Mottle (CGM)
3643755636.jpg,3,Cassava Mosaic Disease (CMD)
1659810136.jpg,3,Cassava Mosaic Disease (CMD)
3271313528.jpg,4,Healthy
3544838139.jpg,3,Cassava Mosaic Disease (CMD)
2567448095.jpg,1,Cassava Brown Streak Disease (CBSD)
4147991798.jpg,1,Cassava Brown Streak Disease (CBSD)
3738990958.jpg,3,Cassava Mosaic Disease (CMD)
2522350885.jpg,0,Cassava Bacterial Blight (CBB)
1809996556.jpg,3,Cassava Mosaic Disease (CMD)
3800475083.jpg,3,Cassava Mosaic Disease (CMD)
4202441426.jpg,3,Cassava Mosaic Disease (CMD)
31445437.jpg,1,Cassava Brown Streak Disease (CBSD)
2606643559.jpg,3,Cassava Mosaic Disease (CMD)
3663085773.jpg,3,Cassava Mosaic Disease (CMD)
2348689406.jpg,3,Cassava Mosaic Disease (CMD)
2087123075.jpg,3,Cassava Mosaic Disease (CMD)
920295213.jpg,3,Cassava Mosaic Disease (CMD)
2299480123.jpg,2,Cassava Green Mottle (CGM)
3724849127.jpg,3,Cassava Mosaic Disease (CMD)
556066757.jpg,3,Cassava Mosaic Disease (CMD)
1639780135.jpg,4,Healthy
2212824902.jpg,3,Cassava Mosaic Disease (CMD)
4048156987.jpg,3,Cassava Mosaic Disease (CMD)
2600336593.jpg,3,Cassava Mosaic Disease (CMD)
185586277.jpg,3,Cassava Mosaic Disease (CMD)
275310206.jpg,3,Cassava Mosaic Disease (CMD)
2699152924.jpg,3,Cassava Mosaic Disease (CMD)
1795318849.jpg,0,Cassava Bacterial Blight (CBB)
3519335178.jpg,3,Cassava Mosaic Disease (CMD)
471647021.jpg,3,Cassava Mosaic Disease (CMD)
3923903983.jpg,3,Cassava Mosaic Disease (CMD)
4188170872.jpg,3,Cassava Mosaic Disease (CMD)
822120250.jpg,0,Cassava Bacterial Blight (CBB)
3766717300.jpg,3,Cassava Mosaic Disease (CMD)
810282945.jpg,3,Cassava Mosaic Disease (CMD)
1673670656.jpg,3,Cassava Mosaic Disease (CMD)
2414737416.jpg,3,Cassava Mosaic Disease (CMD)
93971994.jpg,2,Cassava Green Mottle (CGM)
1724697986.jpg,3,Cassava Mosaic Disease (CMD)
2236456685.jpg,3,Cassava Mosaic Disease (CMD)
423771558.jpg,0,Cassava Bacterial Blight (CBB)
4185505558.jpg,3,Cassava Mosaic Disease (CMD)
797009430.jpg,3,Cassava Mosaic Disease (CMD)
1824816282.jpg,3,Cassava Mosaic Disease (CMD)
1654239576.jpg,2,Cassava Green Mottle (CGM)
2631607520.jpg,0,Cassava Bacterial Blight (CBB)
1820335596.jpg,4,Healthy
492645288.jpg,3,Cassava Mosaic Disease (CMD)
622587109.jpg,3,Cassava Mosaic Disease (CMD)
3791195339.jpg,3,Cassava Mosaic Disease (CMD)
284062479.jpg,3,Cassava Mosaic Disease (CMD)
2911274899.jpg,3,Cassava Mosaic Disease (CMD)
1865596191.jpg,3,Cassava Mosaic Disease (CMD)
434900248.jpg,3,Cassava Mosaic Disease (CMD)
4021120982.jpg,2,Cassava Green Mottle (CGM)
3789737508.jpg,4,Healthy
2147491241.jpg,3,Cassava Mosaic Disease (CMD)
2631828957.jpg,3,Cassava Mosaic Disease (CMD)
4204052226.jpg,3,Cassava Mosaic Disease (CMD)
823298994.jpg,1,Cassava Brown Streak Disease (CBSD)
4052486714.jpg,3,Cassava Mosaic Disease (CMD)
2271707929.jpg,3,Cassava Mosaic Disease (CMD)
1654934257.jpg,3,Cassava Mosaic Disease (CMD)
3144674037.jpg,3,Cassava Mosaic Disease (CMD)
1805270227.jpg,1,Cassava Brown Streak Disease (CBSD)
2193450129.jpg,3,Cassava Mosaic Disease (CMD)
4248329912.jpg,3,Cassava Mosaic Disease (CMD)
3098906438.jpg,2,Cassava Green Mottle (CGM)
544545158.jpg,3,Cassava Mosaic Disease (CMD)
4044063310.jpg,3,Cassava Mosaic Disease (CMD)
2051343489.jpg,3,Cassava Mosaic Disease (CMD)
2320602332.jpg,3,Cassava Mosaic Disease (CMD)
343101443.jpg,3,Cassava Mosaic Disease (CMD)
2617211623.jpg,4,Healthy
4226417214.jpg,3,Cassava Mosaic Disease (CMD)
3175363969.jpg,2,Cassava Green Mottle (CGM)
978111352.jpg,3,Cassava Mosaic Disease (CMD)
3626571313.jpg,3,Cassava Mosaic Disease (CMD)
3598252026.jpg,3,Cassava Mosaic Disease (CMD)
2576738004.jpg,3,Cassava Mosaic Disease (CMD)
342227867.jpg,3,Cassava Mosaic Disease (CMD)
3994849052.jpg,3,Cassava Mosaic Disease (CMD)
3755206002.jpg,3,Cassava Mosaic Disease (CMD)
3199885439.jpg,3,Cassava Mosaic Disease (CMD)
2402393622.jpg,3,Cassava Mosaic Disease (CMD)
2163414466.jpg,3,Cassava Mosaic Disease (CMD)
3803338258.jpg,3,Cassava Mosaic Disease (CMD)
3797629602.jpg,3,Cassava Mosaic Disease (CMD)
1884942698.jpg,3,Cassava Mosaic Disease (CMD)
3762288962.jpg,4,Healthy
1768003077.jpg,3,Cassava Mosaic Disease (CMD)
3371718731.jpg,1,Cassava Brown Streak Disease (CBSD)
994252979.jpg,3,Cassava Mosaic Disease (CMD)
3047041530.jpg,3,Cassava Mosaic Disease (CMD)
3240792628.jpg,3,Cassava Mosaic Disease (CMD)
1962020298.jpg,2,Cassava Green Mottle (CGM)
857983591.jpg,3,Cassava Mosaic Disease (CMD)
3817468539.jpg,2,Cassava Green Mottle (CGM)
2492550594.jpg,2,Cassava Green Mottle (CGM)
2440664696.jpg,3,Cassava Mosaic Disease (CMD)
3918504833.jpg,3,Cassava Mosaic Disease (CMD)
855456135.jpg,3,Cassava Mosaic Disease (CMD)
2712703893.jpg,3,Cassava Mosaic Disease (CMD)
3127673735.jpg,3,Cassava Mosaic Disease (CMD)
4080805940.jpg,3,Cassava Mosaic Disease (CMD)
748623930.jpg,3,Cassava Mosaic Disease (CMD)
384972331.jpg,3,Cassava Mosaic Disease (CMD)
3909502094.jpg,1,Cassava Brown Streak Disease (CBSD)
2325740169.jpg,3,Cassava Mosaic Disease (CMD)
2126689276.jpg,3,Cassava Mosaic Disease (CMD)
2129589240.jpg,3,Cassava Mosaic Disease (CMD)
828472143.jpg,4,Healthy
2056049935.jpg,1,Cassava Brown Streak Disease (CBSD)
3440246067.jpg,3,Cassava Mosaic Disease (CMD)
273321548.jpg,4,Healthy
596602212.jpg,3,Cassava Mosaic Disease (CMD)
2152112539.jpg,2,Cassava Green Mottle (CGM)
40795473.jpg,3,Cassava Mosaic Disease (CMD)
4050750401.jpg,3,Cassava Mosaic Disease (CMD)
3014952608.jpg,3,Cassava Mosaic Disease (CMD)
2324363377.jpg,2,Cassava Green Mottle (CGM)
3222591815.jpg,3,Cassava Mosaic Disease (CMD)
678743430.jpg,2,Cassava Green Mottle (CGM)
1761696568.jpg,3,Cassava Mosaic Disease (CMD)
847610100.jpg,3,Cassava Mosaic Disease (CMD)
3968083899.jpg,0,Cassava Bacterial Blight (CBB)
3837215772.jpg,3,Cassava Mosaic Disease (CMD)
270643654.jpg,2,Cassava Green Mottle (CGM)
3413855723.jpg,1,Cassava Brown Streak Disease (CBSD)
1995608609.jpg,2,Cassava Green Mottle (CGM)
2750295170.jpg,3,Cassava Mosaic Disease (CMD)
3283266203.jpg,3,Cassava Mosaic Disease (CMD)
997910101.jpg,2,Cassava Green Mottle (CGM)
3513851865.jpg,3,Cassava Mosaic Disease (CMD)
580550239.jpg,1,Cassava Brown Streak Disease (CBSD)
976801924.jpg,2,Cassava Green Mottle (CGM)
2311087793.jpg,3,Cassava Mosaic Disease (CMD)
2664471376.jpg,3,Cassava Mosaic Disease (CMD)
2247736336.jpg,3,Cassava Mosaic Disease (CMD)
3664478040.jpg,4,Healthy
2672394448.jpg,4,Healthy
3737807496.jpg,3,Cassava Mosaic Disease (CMD)
488530530.jpg,3,Cassava Mosaic Disease (CMD)
737157935.jpg,3,Cassava Mosaic Disease (CMD)
2210548781.jpg,3,Cassava Mosaic Disease (CMD)
3535017534.jpg,0,Cassava Bacterial Blight (CBB)
2332024831.jpg,1,Cassava Brown Streak Disease (CBSD)
3285778653.jpg,2,Cassava Green Mottle (CGM)
2869286599.jpg,3,Cassava Mosaic Disease (CMD)
1683319632.jpg,4,Healthy
2892512782.jpg,3,Cassava Mosaic Disease (CMD)
2659141611.jpg,3,Cassava Mosaic Disease (CMD)
1991499103.jpg,3,Cassava Mosaic Disease (CMD)
2535406918.jpg,2,Cassava Green Mottle (CGM)
4032774501.jpg,3,Cassava Mosaic Disease (CMD)
832440144.jpg,3,Cassava Mosaic Disease (CMD)
2978097491.jpg,3,Cassava Mosaic Disease (CMD)
745112623.jpg,3,Cassava Mosaic Disease (CMD)
3994489797.jpg,2,Cassava Green Mottle (CGM)
3561890099.jpg,2,Cassava Green Mottle (CGM)
525960141.jpg,3,Cassava Mosaic Disease (CMD)
3002612544.jpg,1,Cassava Brown Streak Disease (CBSD)
315115320.jpg,3,Cassava Mosaic Disease (CMD)
3456476470.jpg,1,Cassava Brown Streak Disease (CBSD)
1882606745.jpg,3,Cassava Mosaic Disease (CMD)
4233882902.jpg,1,Cassava Brown Streak Disease (CBSD)
3616264908.jpg,3,Cassava Mosaic Disease (CMD)
1909072265.jpg,4,Healthy
3588105586.jpg,3,Cassava Mosaic Disease (CMD)
764879606.jpg,4,Healthy
3732144449.jpg,3,Cassava Mosaic Disease (CMD)
2356134016.jpg,3,Cassava Mosaic Disease (CMD)
3197241029.jpg,3,Cassava Mosaic Disease (CMD)
1595577438.jpg,2,Cassava Green Mottle (CGM)
4090594888.jpg,3,Cassava Mosaic Disease (CMD)
4059169921.jpg,3,Cassava Mosaic Disease (CMD)
3716234980.jpg,3,Cassava Mosaic Disease (CMD)
3237922501.jpg,2,Cassava Green Mottle (CGM)
4142973523.jpg,3,Cassava Mosaic Disease (CMD)
3269286573.jpg,3,Cassava Mosaic Disease (CMD)
2825142093.jpg,3,Cassava Mosaic Disease (CMD)
2143275369.jpg,1,Cassava Brown Streak Disease (CBSD)
277532565.jpg,3,Cassava Mosaic Disease (CMD)
4026736343.jpg,1,Cassava Brown Streak Disease (CBSD)
280743468.jpg,3,Cassava Mosaic Disease (CMD)
3245082312.jpg,2,Cassava Green Mottle (CGM)
2267602406.jpg,3,Cassava Mosaic Disease (CMD)
2019941140.jpg,3,Cassava Mosaic Disease (CMD)
3289998998.jpg,3,Cassava Mosaic Disease (CMD)
3058038323.jpg,3,Cassava Mosaic Disease (CMD)
3209205412.jpg,2,Cassava Green Mottle (CGM)
2167218965.jpg,0,Cassava Bacterial Blight (CBB)
2355763156.jpg,4,Healthy
3755967139.jpg,1,Cassava Brown Streak Disease (CBSD)
94205320.jpg,3,Cassava Mosaic Disease (CMD)
2854930410.jpg,3,Cassava Mosaic Disease (CMD)
996957803.jpg,3,Cassava Mosaic Disease (CMD)
3365603380.jpg,3,Cassava Mosaic Disease (CMD)
3405050538.jpg,3,Cassava Mosaic Disease (CMD)
1827159214.jpg,3,Cassava Mosaic Disease (CMD)
4158544304.jpg,3,Cassava Mosaic Disease (CMD)
3845187721.jpg,3,Cassava Mosaic Disease (CMD)
1820046743.jpg,3,Cassava Mosaic Disease (CMD)
887272418.jpg,3,Cassava Mosaic Disease (CMD)
2776340594.jpg,2,Cassava Green Mottle (CGM)
3782988720.jpg,3,Cassava Mosaic Disease (CMD)
1651072461.jpg,3,Cassava Mosaic Disease (CMD)
416874515.jpg,3,Cassava Mosaic Disease (CMD)
409901220.jpg,1,Cassava Brown Streak Disease (CBSD)
872344634.jpg,3,Cassava Mosaic Disease (CMD)
394124525.jpg,2,Cassava Green Mottle (CGM)
968790449.jpg,3,Cassava Mosaic Disease (CMD)
442849128.jpg,3,Cassava Mosaic Disease (CMD)
347499278.jpg,4,Healthy
2950296970.jpg,2,Cassava Green Mottle (CGM)
227245436.jpg,3,Cassava Mosaic Disease (CMD)
294710053.jpg,2,Cassava Green Mottle (CGM)
362056367.jpg,3,Cassava Mosaic Disease (CMD)
2327453355.jpg,2,Cassava Green Mottle (CGM)
2858396640.jpg,0,Cassava Bacterial Blight (CBB)
1840283503.jpg,4,Healthy
2546730144.jpg,3,Cassava Mosaic Disease (CMD)
379836605.jpg,3,Cassava Mosaic Disease (CMD)
2125592774.jpg,3,Cassava Mosaic Disease (CMD)
3887778156.jpg,3,Cassava Mosaic Disease (CMD)
329471118.jpg,1,Cassava Brown Streak Disease (CBSD)
1940934200.jpg,3,Cassava Mosaic Disease (CMD)
4260526608.jpg,3,Cassava Mosaic Disease (CMD)
1965782159.jpg,2,Cassava Green Mottle (CGM)
1891124969.jpg,3,Cassava Mosaic Disease (CMD)
797310513.jpg,4,Healthy
3714240352.jpg,1,Cassava Brown Streak Disease (CBSD)
3735562929.jpg,2,Cassava Green Mottle (CGM)
854883118.jpg,3,Cassava Mosaic Disease (CMD)
989119004.jpg,3,Cassava Mosaic Disease (CMD)
3916856956.jpg,3,Cassava Mosaic Disease (CMD)
2399673034.jpg,0,Cassava Bacterial Blight (CBB)
939241436.jpg,3,Cassava Mosaic Disease (CMD)
1633620342.jpg,4,Healthy
4071582691.jpg,3,Cassava Mosaic Disease (CMD)
2054452426.jpg,3,Cassava Mosaic Disease (CMD)
232991186.jpg,2,Cassava Green Mottle (CGM)
1660311563.jpg,2,Cassava Green Mottle (CGM)
336544470.jpg,3,Cassava Mosaic Disease (CMD)
2247595260.jpg,1,Cassava Brown Streak Disease (CBSD)
3591651493.jpg,3,Cassava Mosaic Disease (CMD)
3928789907.jpg,3,Cassava Mosaic Disease (CMD)
3870634420.jpg,3,Cassava Mosaic Disease (CMD)
631676303.jpg,3,Cassava Mosaic Disease (CMD)
2819641698.jpg,3,Cassava Mosaic Disease (CMD)
339278657.jpg,2,Cassava Green Mottle (CGM)
4240447884.jpg,3,Cassava Mosaic Disease (CMD)
2336286082.jpg,3,Cassava Mosaic Disease (CMD)
22667751.jpg,2,Cassava Green Mottle (CGM)
36508013.jpg,3,Cassava Mosaic Disease (CMD)
3516286553.jpg,3,Cassava Mosaic Disease (CMD)
669612316.jpg,3,Cassava Mosaic Disease (CMD)
708900690.jpg,2,Cassava Green Mottle (CGM)
1657954384.jpg,2,Cassava Green Mottle (CGM)
3453542818.jpg,3,Cassava Mosaic Disease (CMD)
83815023.jpg,3,Cassava Mosaic Disease (CMD)
4213312070.jpg,3,Cassava Mosaic Disease (CMD)
1969558771.jpg,3,Cassava Mosaic Disease (CMD)
3384875851.jpg,3,Cassava Mosaic Disease (CMD)
1641101646.jpg,3,Cassava Mosaic Disease (CMD)
2820292707.jpg,3,Cassava Mosaic Disease (CMD)
3250432393.jpg,3,Cassava Mosaic Disease (CMD)
790574591.jpg,3,Cassava Mosaic Disease (CMD)
253716779.jpg,3,Cassava Mosaic Disease (CMD)
2458325130.jpg,3,Cassava Mosaic Disease (CMD)
408081310.jpg,1,Cassava Brown Streak Disease (CBSD)
2892993020.jpg,3,Cassava Mosaic Disease (CMD)
3013103054.jpg,1,Cassava Brown Streak Disease (CBSD)
82533757.jpg,1,Cassava Brown Streak Disease (CBSD)
3943561063.jpg,3,Cassava Mosaic Disease (CMD)
3161578706.jpg,3,Cassava Mosaic Disease (CMD)
2949113002.jpg,3,Cassava Mosaic Disease (CMD)
3581057203.jpg,3,Cassava Mosaic Disease (CMD)
4173509764.jpg,3,Cassava Mosaic Disease (CMD)
3962941156.jpg,3,Cassava Mosaic Disease (CMD)
2660718512.jpg,1,Cassava Brown Streak Disease (CBSD)
3876777651.jpg,3,Cassava Mosaic Disease (CMD)
3177528845.jpg,3,Cassava Mosaic Disease (CMD)
3068094202.jpg,3,Cassava Mosaic Disease (CMD)
917739753.jpg,3,Cassava Mosaic Disease (CMD)
1740920965.jpg,4,Healthy
32717492.jpg,2,Cassava Green Mottle (CGM)
1821663294.jpg,3,Cassava Mosaic Disease (CMD)
304370319.jpg,3,Cassava Mosaic Disease (CMD)
3974310104.jpg,0,Cassava Bacterial Blight (CBB)
323552836.jpg,3,Cassava Mosaic Disease (CMD)
2428834904.jpg,3,Cassava Mosaic Disease (CMD)
1688625660.jpg,4,Healthy
3060880154.jpg,3,Cassava Mosaic Disease (CMD)
980448273.jpg,4,Healthy
2037151431.jpg,3,Cassava Mosaic Disease (CMD)
4027254563.jpg,3,Cassava Mosaic Disease (CMD)
2823744326.jpg,3,Cassava Mosaic Disease (CMD)
524701920.jpg,3,Cassava Mosaic Disease (CMD)
1763195879.jpg,0,Cassava Bacterial Blight (CBB)
3940775830.jpg,1,Cassava Brown Streak Disease (CBSD)
3865450161.jpg,3,Cassava Mosaic Disease (CMD)
836320036.jpg,3,Cassava Mosaic Disease (CMD)
3630310282.jpg,3,Cassava Mosaic Disease (CMD)
3566642646.jpg,4,Healthy
3558354971.jpg,3,Cassava Mosaic Disease (CMD)
4102864004.jpg,3,Cassava Mosaic Disease (CMD)
265704323.jpg,2,Cassava Green Mottle (CGM)
1687061748.jpg,3,Cassava Mosaic Disease (CMD)
3630015138.jpg,1,Cassava Brown Streak Disease (CBSD)
3476129770.jpg,3,Cassava Mosaic Disease (CMD)
3312423009.jpg,3,Cassava Mosaic Disease (CMD)
2972617511.jpg,2,Cassava Green Mottle (CGM)
2213150889.jpg,3,Cassava Mosaic Disease (CMD)
3906746575.jpg,2,Cassava Green Mottle (CGM)
4123656006.jpg,3,Cassava Mosaic Disease (CMD)
3505403837.jpg,3,Cassava Mosaic Disease (CMD)
4257577206.jpg,0,Cassava Bacterial Blight (CBB)
3554722517.jpg,2,Cassava Green Mottle (CGM)
3425405002.jpg,3,Cassava Mosaic Disease (CMD)
738553844.jpg,3,Cassava Mosaic Disease (CMD)
3792533899.jpg,3,Cassava Mosaic Disease (CMD)
294829234.jpg,3,Cassava Mosaic Disease (CMD)
2014209671.jpg,3,Cassava Mosaic Disease (CMD)
716814677.jpg,4,Healthy
3129393327.jpg,1,Cassava Brown Streak Disease (CBSD)
57892387.jpg,4,Healthy
3100860826.jpg,3,Cassava Mosaic Disease (CMD)
3571228905.jpg,4,Healthy
3152656484.jpg,3,Cassava Mosaic Disease (CMD)
2293375436.jpg,3,Cassava Mosaic Disease (CMD)
267223075.jpg,3,Cassava Mosaic Disease (CMD)
2704908000.jpg,1,Cassava Brown Streak Disease (CBSD)
3791679940.jpg,3,Cassava Mosaic Disease (CMD)
2650949618.jpg,3,Cassava Mosaic Disease (CMD)
2179250488.jpg,3,Cassava Mosaic Disease (CMD)
2259672910.jpg,3,Cassava Mosaic Disease (CMD)
1598194958.jpg,3,Cassava Mosaic Disease (CMD)
2771999001.jpg,1,Cassava Brown Streak Disease (CBSD)
49247184.jpg,0,Cassava Bacterial Blight (CBB)
1601545456.jpg,3,Cassava Mosaic Disease (CMD)
427286737.jpg,3,Cassava Mosaic Disease (CMD)
3668890746.jpg,2,Cassava Green Mottle (CGM)
3264451283.jpg,3,Cassava Mosaic Disease (CMD)
855496041.jpg,3,Cassava Mosaic Disease (CMD)
4060304349.jpg,3,Cassava Mosaic Disease (CMD)
2527606306.jpg,1,Cassava Brown Streak Disease (CBSD)
3001378465.jpg,3,Cassava Mosaic Disease (CMD)
1797522564.jpg,3,Cassava Mosaic Disease (CMD)
3305945509.jpg,1,Cassava Brown Streak Disease (CBSD)
2333065966.jpg,2,Cassava Green Mottle (CGM)
2283101504.jpg,3,Cassava Mosaic Disease (CMD)
3494906160.jpg,3,Cassava Mosaic Disease (CMD)
3304643014.jpg,3,Cassava Mosaic Disease (CMD)
2459447782.jpg,3,Cassava Mosaic Disease (CMD)
3584346239.jpg,2,Cassava Green Mottle (CGM)
2041164461.jpg,2,Cassava Green Mottle (CGM)
3951364046.jpg,3,Cassava Mosaic Disease (CMD)
2431891989.jpg,3,Cassava Mosaic Disease (CMD)
2892660349.jpg,3,Cassava Mosaic Disease (CMD)
1855684239.jpg,3,Cassava Mosaic Disease (CMD)
2958407027.jpg,4,Healthy
2418519191.jpg,1,Cassava Brown Streak Disease (CBSD)
2110727627.jpg,2,Cassava Green Mottle (CGM)
513780423.jpg,4,Healthy
3058243587.jpg,2,Cassava Green Mottle (CGM)
27819829.jpg,3,Cassava Mosaic Disease (CMD)
387293184.jpg,2,Cassava Green Mottle (CGM)
2279241820.jpg,3,Cassava Mosaic Disease (CMD)
3662018109.jpg,4,Healthy
3636364733.jpg,1,Cassava Brown Streak Disease (CBSD)
1841093794.jpg,2,Cassava Green Mottle (CGM)
2679696862.jpg,3,Cassava Mosaic Disease (CMD)
2815915727.jpg,3,Cassava Mosaic Disease (CMD)
3397650599.jpg,1,Cassava Brown Streak Disease (CBSD)
2158163785.jpg,3,Cassava Mosaic Disease (CMD)
4060707407.jpg,3,Cassava Mosaic Disease (CMD)
1626054782.jpg,3,Cassava Mosaic Disease (CMD)
770243890.jpg,0,Cassava Bacterial Blight (CBB)
3270245186.jpg,3,Cassava Mosaic Disease (CMD)
2426488262.jpg,4,Healthy
3347678996.jpg,3,Cassava Mosaic Disease (CMD)
2859854202.jpg,3,Cassava Mosaic Disease (CMD)
983014273.jpg,4,Healthy
4224616597.jpg,4,Healthy
2544185952.jpg,1,Cassava Brown Streak Disease (CBSD)
3454506248.jpg,3,Cassava Mosaic Disease (CMD)
554118057.jpg,3,Cassava Mosaic Disease (CMD)
199380974.jpg,2,Cassava Green Mottle (CGM)
3376270553.jpg,3,Cassava Mosaic Disease (CMD)
2569083558.jpg,2,Cassava Green Mottle (CGM)
4198242632.jpg,3,Cassava Mosaic Disease (CMD)
2388932359.jpg,2,Cassava Green Mottle (CGM)
2946977526.jpg,4,Healthy
2908770842.jpg,1,Cassava Brown Streak Disease (CBSD)
4141439714.jpg,3,Cassava Mosaic Disease (CMD)
3053524603.jpg,1,Cassava Brown Streak Disease (CBSD)
3251764098.jpg,2,Cassava Green Mottle (CGM)
2488494933.jpg,3,Cassava Mosaic Disease (CMD)
3162702851.jpg,3,Cassava Mosaic Disease (CMD)
2766931963.jpg,0,Cassava Bacterial Blight (CBB)
644212609.jpg,1,Cassava Brown Streak Disease (CBSD)
2471978999.jpg,3,Cassava Mosaic Disease (CMD)
3675230616.jpg,3,Cassava Mosaic Disease (CMD)
2675944599.jpg,1,Cassava Brown Streak Disease (CBSD)
1713497934.jpg,3,Cassava Mosaic Disease (CMD)
72925791.jpg,0,Cassava Bacterial Blight (CBB)
1683556923.jpg,4,Healthy
2838691215.jpg,3,Cassava Mosaic Disease (CMD)
500165253.jpg,3,Cassava Mosaic Disease (CMD)
4169747301.jpg,3,Cassava Mosaic Disease (CMD)
3400088809.jpg,3,Cassava Mosaic Disease (CMD)
1772260831.jpg,1,Cassava Brown Streak Disease (CBSD)
87470037.jpg,3,Cassava Mosaic Disease (CMD)
2421310998.jpg,3,Cassava Mosaic Disease (CMD)
3230073563.jpg,3,Cassava Mosaic Disease (CMD)
3058897297.jpg,4,Healthy
3426035333.jpg,3,Cassava Mosaic Disease (CMD)
303153815.jpg,1,Cassava Brown Streak Disease (CBSD)
822532439.jpg,0,Cassava Bacterial Blight (CBB)
2043962950.jpg,3,Cassava Mosaic Disease (CMD)
292613354.jpg,3,Cassava Mosaic Disease (CMD)
4236479992.jpg,3,Cassava Mosaic Disease (CMD)
1834239430.jpg,3,Cassava Mosaic Disease (CMD)
1702253388.jpg,3,Cassava Mosaic Disease (CMD)
1677293080.jpg,3,Cassava Mosaic Disease (CMD)
2348917389.jpg,3,Cassava Mosaic Disease (CMD)
4007062391.jpg,0,Cassava Bacterial Blight (CBB)
3471284965.jpg,0,Cassava Bacterial Blight (CBB)
3243126254.jpg,3,Cassava Mosaic Disease (CMD)
3185116011.jpg,4,Healthy
261768285.jpg,0,Cassava Bacterial Blight (CBB)
205384008.jpg,3,Cassava Mosaic Disease (CMD)
2356475443.jpg,3,Cassava Mosaic Disease (CMD)
3276579390.jpg,2,Cassava Green Mottle (CGM)
2317549263.jpg,2,Cassava Green Mottle (CGM)
3996410280.jpg,3,Cassava Mosaic Disease (CMD)
1696348486.jpg,3,Cassava Mosaic Disease (CMD)
1913067109.jpg,3,Cassava Mosaic Disease (CMD)
4074718278.jpg,3,Cassava Mosaic Disease (CMD)
3442513768.jpg,4,Healthy
853854962.jpg,1,Cassava Brown Streak Disease (CBSD)
4118609397.jpg,3,Cassava Mosaic Disease (CMD)
356379628.jpg,2,Cassava Green Mottle (CGM)
4283521063.jpg,3,Cassava Mosaic Disease (CMD)
706776365.jpg,1,Cassava Brown Streak Disease (CBSD)
3351638946.jpg,3,Cassava Mosaic Disease (CMD)
2887524398.jpg,3,Cassava Mosaic Disease (CMD)
3968956447.jpg,3,Cassava Mosaic Disease (CMD)
2401450142.jpg,2,Cassava Green Mottle (CGM)
1723407805.jpg,3,Cassava Mosaic Disease (CMD)
2277965082.jpg,3,Cassava Mosaic Disease (CMD)
2927643274.jpg,3,Cassava Mosaic Disease (CMD)
248967809.jpg,3,Cassava Mosaic Disease (CMD)
2550003581.jpg,3,Cassava Mosaic Disease (CMD)
2068852051.jpg,3,Cassava Mosaic Disease (CMD)
654445822.jpg,3,Cassava Mosaic Disease (CMD)
58667011.jpg,2,Cassava Green Mottle (CGM)
3567504840.jpg,3,Cassava Mosaic Disease (CMD)
3862202038.jpg,1,Cassava Brown Streak Disease (CBSD)
3384499774.jpg,4,Healthy
1758003075.jpg,3,Cassava Mosaic Disease (CMD)
2682627088.jpg,3,Cassava Mosaic Disease (CMD)
2152474633.jpg,3,Cassava Mosaic Disease (CMD)
2272490534.jpg,3,Cassava Mosaic Disease (CMD)
4034095153.jpg,2,Cassava Green Mottle (CGM)
99391680.jpg,3,Cassava Mosaic Disease (CMD)
2578752042.jpg,3,Cassava Mosaic Disease (CMD)
3697315680.jpg,3,Cassava Mosaic Disease (CMD)
881721336.jpg,3,Cassava Mosaic Disease (CMD)
284272770.jpg,3,Cassava Mosaic Disease (CMD)
3413220258.jpg,3,Cassava Mosaic Disease (CMD)
4222358832.jpg,3,Cassava Mosaic Disease (CMD)
1983411262.jpg,4,Healthy
2280394057.jpg,4,Healthy
1931683048.jpg,3,Cassava Mosaic Disease (CMD)
2335595737.jpg,4,Healthy
316423437.jpg,0,Cassava Bacterial Blight (CBB)
3470984818.jpg,3,Cassava Mosaic Disease (CMD)
188551774.jpg,4,Healthy
368507715.jpg,3,Cassava Mosaic Disease (CMD)
723891592.jpg,3,Cassava Mosaic Disease (CMD)
2988588549.jpg,3,Cassava Mosaic Disease (CMD)
1937128156.jpg,3,Cassava Mosaic Disease (CMD)
3473324487.jpg,3,Cassava Mosaic Disease (CMD)
550133495.jpg,3,Cassava Mosaic Disease (CMD)
3314463308.jpg,3,Cassava Mosaic Disease (CMD)
2734892772.jpg,3,Cassava Mosaic Disease (CMD)
1703598406.jpg,3,Cassava Mosaic Disease (CMD)
2684430050.jpg,2,Cassava Green Mottle (CGM)
1960927003.jpg,3,Cassava Mosaic Disease (CMD)
4083517071.jpg,4,Healthy
394906774.jpg,3,Cassava Mosaic Disease (CMD)
2572836458.jpg,3,Cassava Mosaic Disease (CMD)
3303165486.jpg,3,Cassava Mosaic Disease (CMD)
3523079938.jpg,3,Cassava Mosaic Disease (CMD)
3784315903.jpg,2,Cassava Green Mottle (CGM)
1855886292.jpg,3,Cassava Mosaic Disease (CMD)
942738737.jpg,3,Cassava Mosaic Disease (CMD)
2045155911.jpg,1,Cassava Brown Streak Disease (CBSD)
3335254269.jpg,3,Cassava Mosaic Disease (CMD)
85888563.jpg,3,Cassava Mosaic Disease (CMD)
3755456249.jpg,3,Cassava Mosaic Disease (CMD)
3125522990.jpg,2,Cassava Green Mottle (CGM)
3872026494.jpg,2,Cassava Green Mottle (CGM)
3508043582.jpg,2,Cassava Green Mottle (CGM)
698853568.jpg,2,Cassava Green Mottle (CGM)
3324814841.jpg,3,Cassava Mosaic Disease (CMD)
871530899.jpg,3,Cassava Mosaic Disease (CMD)
2464064424.jpg,3,Cassava Mosaic Disease (CMD)
3336158925.jpg,3,Cassava Mosaic Disease (CMD)
3130882314.jpg,0,Cassava Bacterial Blight (CBB)
2127776934.jpg,4,Healthy
3427476782.jpg,1,Cassava Brown Streak Disease (CBSD)
3191091730.jpg,3,Cassava Mosaic Disease (CMD)
2355374074.jpg,2,Cassava Green Mottle (CGM)
2852400341.jpg,3,Cassava Mosaic Disease (CMD)
2595003761.jpg,1,Cassava Brown Streak Disease (CBSD)
2016976059.jpg,3,Cassava Mosaic Disease (CMD)
2579661446.jpg,3,Cassava Mosaic Disease (CMD)
705481569.jpg,3,Cassava Mosaic Disease (CMD)
429424915.jpg,3,Cassava Mosaic Disease (CMD)
343946447.jpg,3,Cassava Mosaic Disease (CMD)
2321051576.jpg,3,Cassava Mosaic Disease (CMD)
198973660.jpg,3,Cassava Mosaic Disease (CMD)
2056102313.jpg,2,Cassava Green Mottle (CGM)
949046024.jpg,3,Cassava Mosaic Disease (CMD)
3350054434.jpg,0,Cassava Bacterial Blight (CBB)
2441910207.jpg,2,Cassava Green Mottle (CGM)
2458889068.jpg,3,Cassava Mosaic Disease (CMD)
745566741.jpg,4,Healthy
3389284339.jpg,2,Cassava Green Mottle (CGM)
535534657.jpg,3,Cassava Mosaic Disease (CMD)
3106354141.jpg,2,Cassava Green Mottle (CGM)
2177297033.jpg,3,Cassava Mosaic Disease (CMD)
2462343820.jpg,4,Healthy
491901266.jpg,3,Cassava Mosaic Disease (CMD)
3069848473.jpg,3,Cassava Mosaic Disease (CMD)
2313719569.jpg,3,Cassava Mosaic Disease (CMD)
2948468563.jpg,0,Cassava Bacterial Blight (CBB)
3929563056.jpg,2,Cassava Green Mottle (CGM)
1936198780.jpg,2,Cassava Green Mottle (CGM)
3665324057.jpg,3,Cassava Mosaic Disease (CMD)
1673785901.jpg,1,Cassava Brown Streak Disease (CBSD)
3799164333.jpg,3,Cassava Mosaic Disease (CMD)
5088626.jpg,3,Cassava Mosaic Disease (CMD)
2235761050.jpg,0,Cassava Bacterial Blight (CBB)
362952900.jpg,3,Cassava Mosaic Disease (CMD)
3250565385.jpg,3,Cassava Mosaic Disease (CMD)
866479018.jpg,1,Cassava Brown Streak Disease (CBSD)
2321993342.jpg,3,Cassava Mosaic Disease (CMD)
1882919886.jpg,3,Cassava Mosaic Disease (CMD)
4250623520.jpg,3,Cassava Mosaic Disease (CMD)
2204515212.jpg,4,Healthy
3304963858.jpg,2,Cassava Green Mottle (CGM)
3076297931.jpg,3,Cassava Mosaic Disease (CMD)
51370822.jpg,1,Cassava Brown Streak Disease (CBSD)
3284887815.jpg,3,Cassava Mosaic Disease (CMD)
4115342208.jpg,3,Cassava Mosaic Disease (CMD)
4102169055.jpg,3,Cassava Mosaic Disease (CMD)
497685909.jpg,3,Cassava Mosaic Disease (CMD)
2049291369.jpg,2,Cassava Green Mottle (CGM)
805152902.jpg,2,Cassava Green Mottle (CGM)
3765634657.jpg,3,Cassava Mosaic Disease (CMD)
773722195.jpg,3,Cassava Mosaic Disease (CMD)
334728567.jpg,3,Cassava Mosaic Disease (CMD)
4172221636.jpg,3,Cassava Mosaic Disease (CMD)
3420341724.jpg,3,Cassava Mosaic Disease (CMD)
3000160621.jpg,3,Cassava Mosaic Disease (CMD)
1734980168.jpg,3,Cassava Mosaic Disease (CMD)
2321458.jpg,3,Cassava Mosaic Disease (CMD)
1949569617.jpg,3,Cassava Mosaic Disease (CMD)
2833573615.jpg,3,Cassava Mosaic Disease (CMD)
4083711449.jpg,4,Healthy
1720773250.jpg,2,Cassava Green Mottle (CGM)
3003805645.jpg,3,Cassava Mosaic Disease (CMD)
2339140674.jpg,3,Cassava Mosaic Disease (CMD)
1961259941.jpg,2,Cassava Green Mottle (CGM)
1952459462.jpg,1,Cassava Brown Streak Disease (CBSD)
951757474.jpg,3,Cassava Mosaic Disease (CMD)
304404998.jpg,4,Healthy
1648593146.jpg,3,Cassava Mosaic Disease (CMD)
2878649203.jpg,4,Healthy
3633631625.jpg,4,Healthy
2961976125.jpg,3,Cassava Mosaic Disease (CMD)
980911264.jpg,3,Cassava Mosaic Disease (CMD)
549529055.jpg,1,Cassava Brown Streak Disease (CBSD)
3023112404.jpg,1,Cassava Brown Streak Disease (CBSD)
3066868630.jpg,2,Cassava Green Mottle (CGM)
3813188280.jpg,4,Healthy
3627502987.jpg,3,Cassava Mosaic Disease (CMD)
57023383.jpg,4,Healthy
2293304630.jpg,3,Cassava Mosaic Disease (CMD)
576478448.jpg,1,Cassava Brown Streak Disease (CBSD)
1635058809.jpg,3,Cassava Mosaic Disease (CMD)
800501715.jpg,0,Cassava Bacterial Blight (CBB)
850402862.jpg,3,Cassava Mosaic Disease (CMD)
2644492010.jpg,2,Cassava Green Mottle (CGM)
616745238.jpg,3,Cassava Mosaic Disease (CMD)
2545092425.jpg,3,Cassava Mosaic Disease (CMD)
4221898488.jpg,3,Cassava Mosaic Disease (CMD)
1600111988.jpg,3,Cassava Mosaic Disease (CMD)
3476126646.jpg,3,Cassava Mosaic Disease (CMD)
2661455807.jpg,3,Cassava Mosaic Disease (CMD)
1750854895.jpg,3,Cassava Mosaic Disease (CMD)
3466878993.jpg,4,Healthy
3099133132.jpg,2,Cassava Green Mottle (CGM)
3153277814.jpg,1,Cassava Brown Streak Disease (CBSD)
2154249381.jpg,3,Cassava Mosaic Disease (CMD)
2161216430.jpg,4,Healthy
4241128101.jpg,2,Cassava Green Mottle (CGM)
2262665219.jpg,3,Cassava Mosaic Disease (CMD)
1838238336.jpg,3,Cassava Mosaic Disease (CMD)
3972201692.jpg,3,Cassava Mosaic Disease (CMD)
1979482917.jpg,2,Cassava Green Mottle (CGM)
3474174991.jpg,3,Cassava Mosaic Disease (CMD)
272311882.jpg,3,Cassava Mosaic Disease (CMD)
1653263130.jpg,3,Cassava Mosaic Disease (CMD)
2562254232.jpg,2,Cassava Green Mottle (CGM)
2369607903.jpg,3,Cassava Mosaic Disease (CMD)
4039408618.jpg,3,Cassava Mosaic Disease (CMD)
3973412468.jpg,3,Cassava Mosaic Disease (CMD)
3643261845.jpg,4,Healthy
587043810.jpg,3,Cassava Mosaic Disease (CMD)
425020385.jpg,3,Cassava Mosaic Disease (CMD)
3959266436.jpg,3,Cassava Mosaic Disease (CMD)
3051263035.jpg,0,Cassava Bacterial Blight (CBB)
2557753636.jpg,2,Cassava Green Mottle (CGM)
2235405530.jpg,2,Cassava Green Mottle (CGM)
2872140019.jpg,3,Cassava Mosaic Disease (CMD)
254452799.jpg,2,Cassava Green Mottle (CGM)
4003454599.jpg,3,Cassava Mosaic Disease (CMD)
3527982471.jpg,3,Cassava Mosaic Disease (CMD)
365712595.jpg,1,Cassava Brown Streak Disease (CBSD)
2034119806.jpg,3,Cassava Mosaic Disease (CMD)
3944854455.jpg,3,Cassava Mosaic Disease (CMD)
2798133191.jpg,3,Cassava Mosaic Disease (CMD)
3365264596.jpg,4,Healthy
1932604522.jpg,3,Cassava Mosaic Disease (CMD)
2172512538.jpg,4,Healthy
3247553763.jpg,4,Healthy
3317706044.jpg,1,Cassava Brown Streak Disease (CBSD)
699330995.jpg,3,Cassava Mosaic Disease (CMD)
2939800757.jpg,4,Healthy
223654251.jpg,3,Cassava Mosaic Disease (CMD)
3602830290.jpg,4,Healthy
2421071038.jpg,3,Cassava Mosaic Disease (CMD)
3135277056.jpg,3,Cassava Mosaic Disease (CMD)
4107144871.jpg,4,Healthy
3533832269.jpg,2,Cassava Green Mottle (CGM)
782115033.jpg,3,Cassava Mosaic Disease (CMD)
3950368220.jpg,0,Cassava Bacterial Blight (CBB)
3900670329.jpg,1,Cassava Brown Streak Disease (CBSD)
1645164318.jpg,4,Healthy
2616752972.jpg,3,Cassava Mosaic Disease (CMD)
2101689184.jpg,3,Cassava Mosaic Disease (CMD)
58780369.jpg,0,Cassava Bacterial Blight (CBB)
2543606429.jpg,3,Cassava Mosaic Disease (CMD)
2468551140.jpg,3,Cassava Mosaic Disease (CMD)
1697663817.jpg,1,Cassava Brown Streak Disease (CBSD)
3506685694.jpg,3,Cassava Mosaic Disease (CMD)
3179751044.jpg,2,Cassava Green Mottle (CGM)
2817619344.jpg,4,Healthy
2306958461.jpg,4,Healthy
1695184578.jpg,4,Healthy
222568522.jpg,3,Cassava Mosaic Disease (CMD)
3021670069.jpg,4,Healthy
2092563525.jpg,4,Healthy
2278366099.jpg,3,Cassava Mosaic Disease (CMD)
180644120.jpg,3,Cassava Mosaic Disease (CMD)
2323936.jpg,2,Cassava Green Mottle (CGM)
3340835800.jpg,4,Healthy
512168162.jpg,1,Cassava Brown Streak Disease (CBSD)
3895415076.jpg,3,Cassava Mosaic Disease (CMD)
3527849751.jpg,3,Cassava Mosaic Disease (CMD)
2342986472.jpg,2,Cassava Green Mottle (CGM)
3220061337.jpg,3,Cassava Mosaic Disease (CMD)
4233818337.jpg,3,Cassava Mosaic Disease (CMD)
2488453627.jpg,2,Cassava Green Mottle (CGM)
2990902039.jpg,3,Cassava Mosaic Disease (CMD)
3916296928.jpg,3,Cassava Mosaic Disease (CMD)
874878736.jpg,3,Cassava Mosaic Disease (CMD)
2680851523.jpg,3,Cassava Mosaic Disease (CMD)
3673046362.jpg,3,Cassava Mosaic Disease (CMD)
1986963411.jpg,3,Cassava Mosaic Disease (CMD)
3975873583.jpg,2,Cassava Green Mottle (CGM)
3219439906.jpg,0,Cassava Bacterial Blight (CBB)
999474432.jpg,1,Cassava Brown Streak Disease (CBSD)
3413587734.jpg,1,Cassava Brown Streak Disease (CBSD)
2236274260.jpg,3,Cassava Mosaic Disease (CMD)
2201881693.jpg,3,Cassava Mosaic Disease (CMD)
175171305.jpg,4,Healthy
2155017078.jpg,3,Cassava Mosaic Disease (CMD)
4179303014.jpg,3,Cassava Mosaic Disease (CMD)
483199386.jpg,3,Cassava Mosaic Disease (CMD)
3709602808.jpg,3,Cassava Mosaic Disease (CMD)
1993917626.jpg,4,Healthy
2501019340.jpg,3,Cassava Mosaic Disease (CMD)
1892299839.jpg,3,Cassava Mosaic Disease (CMD)
256421932.jpg,3,Cassava Mosaic Disease (CMD)
343493007.jpg,0,Cassava Bacterial Blight (CBB)
2511355520.jpg,3,Cassava Mosaic Disease (CMD)
2705333879.jpg,3,Cassava Mosaic Disease (CMD)
707255804.jpg,3,Cassava Mosaic Disease (CMD)
2145937743.jpg,3,Cassava Mosaic Disease (CMD)
2643606706.jpg,3,Cassava Mosaic Disease (CMD)
1820146745.jpg,4,Healthy
4256268171.jpg,3,Cassava Mosaic Disease (CMD)
3985367860.jpg,3,Cassava Mosaic Disease (CMD)
3749019108.jpg,0,Cassava Bacterial Blight (CBB)
3837243300.jpg,3,Cassava Mosaic Disease (CMD)
2711272191.jpg,4,Healthy
1757057989.jpg,0,Cassava Bacterial Blight (CBB)
3345130558.jpg,3,Cassava Mosaic Disease (CMD)
687931574.jpg,3,Cassava Mosaic Disease (CMD)
2629437828.jpg,3,Cassava Mosaic Disease (CMD)
3776118784.jpg,3,Cassava Mosaic Disease (CMD)
1976698452.jpg,3,Cassava Mosaic Disease (CMD)
1808097305.jpg,1,Cassava Brown Streak Disease (CBSD)
574578186.jpg,3,Cassava Mosaic Disease (CMD)
2723503130.jpg,3,Cassava Mosaic Disease (CMD)
2393813374.jpg,3,Cassava Mosaic Disease (CMD)
3985416531.jpg,3,Cassava Mosaic Disease (CMD)
190698162.jpg,0,Cassava Bacterial Blight (CBB)
3753699020.jpg,3,Cassava Mosaic Disease (CMD)
2369898303.jpg,3,Cassava Mosaic Disease (CMD)
3151004531.jpg,3,Cassava Mosaic Disease (CMD)
3647699133.jpg,2,Cassava Green Mottle (CGM)
3872551880.jpg,2,Cassava Green Mottle (CGM)
4133329748.jpg,3,Cassava Mosaic Disease (CMD)
3571158038.jpg,2,Cassava Green Mottle (CGM)
2929358407.jpg,3,Cassava Mosaic Disease (CMD)
3492042850.jpg,4,Healthy
776473897.jpg,3,Cassava Mosaic Disease (CMD)
3171101040.jpg,1,Cassava Brown Streak Disease (CBSD)
1984830007.jpg,1,Cassava Brown Streak Disease (CBSD)
631309846.jpg,3,Cassava Mosaic Disease (CMD)
3216421473.jpg,4,Healthy
2074713873.jpg,1,Cassava Brown Streak Disease (CBSD)
3257543417.jpg,2,Cassava Green Mottle (CGM)
3773545808.jpg,3,Cassava Mosaic Disease (CMD)
2041267183.jpg,3,Cassava Mosaic Disease (CMD)
3942445509.jpg,3,Cassava Mosaic Disease (CMD)
2809101504.jpg,0,Cassava Bacterial Blight (CBB)
977735708.jpg,3,Cassava Mosaic Disease (CMD)
3578383260.jpg,3,Cassava Mosaic Disease (CMD)
2460780852.jpg,3,Cassava Mosaic Disease (CMD)
2323982153.jpg,3,Cassava Mosaic Disease (CMD)
2213112972.jpg,3,Cassava Mosaic Disease (CMD)
2513489893.jpg,4,Healthy
2792323624.jpg,4,Healthy
319690126.jpg,3,Cassava Mosaic Disease (CMD)
237348353.jpg,3,Cassava Mosaic Disease (CMD)
647301407.jpg,2,Cassava Green Mottle (CGM)
3368457880.jpg,2,Cassava Green Mottle (CGM)
2704051333.jpg,4,Healthy
3076104681.jpg,3,Cassava Mosaic Disease (CMD)
211984788.jpg,1,Cassava Brown Streak Disease (CBSD)
567779495.jpg,3,Cassava Mosaic Disease (CMD)
2499562554.jpg,1,Cassava Brown Streak Disease (CBSD)
31351569.jpg,3,Cassava Mosaic Disease (CMD)
515391369.jpg,3,Cassava Mosaic Disease (CMD)
2195289519.jpg,4,Healthy
4287820275.jpg,3,Cassava Mosaic Disease (CMD)
29157816.jpg,3,Cassava Mosaic Disease (CMD)
2636092978.jpg,3,Cassava Mosaic Disease (CMD)
3040456799.jpg,4,Healthy
224402404.jpg,3,Cassava Mosaic Disease (CMD)
2369756081.jpg,1,Cassava Brown Streak Disease (CBSD)
3074689383.jpg,3,Cassava Mosaic Disease (CMD)
3563506474.jpg,3,Cassava Mosaic Disease (CMD)
2463031363.jpg,3,Cassava Mosaic Disease (CMD)
508378289.jpg,3,Cassava Mosaic Disease (CMD)
1835652659.jpg,3,Cassava Mosaic Disease (CMD)
2614282441.jpg,3,Cassava Mosaic Disease (CMD)
4057359447.jpg,0,Cassava Bacterial Blight (CBB)
2984856478.jpg,3,Cassava Mosaic Disease (CMD)
343725230.jpg,3,Cassava Mosaic Disease (CMD)
2302050669.jpg,3,Cassava Mosaic Disease (CMD)
3618946483.jpg,3,Cassava Mosaic Disease (CMD)
541216971.jpg,1,Cassava Brown Streak Disease (CBSD)
2976035478.jpg,4,Healthy
3089605566.jpg,2,Cassava Green Mottle (CGM)
1686082281.jpg,1,Cassava Brown Streak Disease (CBSD)
2370694946.jpg,1,Cassava Brown Streak Disease (CBSD)
2461604089.jpg,3,Cassava Mosaic Disease (CMD)
63159897.jpg,3,Cassava Mosaic Disease (CMD)
2583781568.jpg,3,Cassava Mosaic Disease (CMD)
976558597.jpg,3,Cassava Mosaic Disease (CMD)
3258960112.jpg,0,Cassava Bacterial Blight (CBB)
1762100381.jpg,2,Cassava Green Mottle (CGM)
2887362636.jpg,3,Cassava Mosaic Disease (CMD)
2912509098.jpg,2,Cassava Green Mottle (CGM)
49920337.jpg,3,Cassava Mosaic Disease (CMD)
2527520202.jpg,4,Healthy
3901707697.jpg,3,Cassava Mosaic Disease (CMD)
3495209227.jpg,0,Cassava Bacterial Blight (CBB)
721483208.jpg,4,Healthy
796761175.jpg,3,Cassava Mosaic Disease (CMD)
825340900.jpg,4,Healthy
3796878199.jpg,3,Cassava Mosaic Disease (CMD)
485328354.jpg,3,Cassava Mosaic Disease (CMD)
293561831.jpg,3,Cassava Mosaic Disease (CMD)
2021964634.jpg,1,Cassava Brown Streak Disease (CBSD)
2971020964.jpg,3,Cassava Mosaic Disease (CMD)
3972834452.jpg,3,Cassava Mosaic Disease (CMD)
3073993044.jpg,2,Cassava Green Mottle (CGM)
2171124892.jpg,1,Cassava Brown Streak Disease (CBSD)
2343151554.jpg,3,Cassava Mosaic Disease (CMD)
929695181.jpg,3,Cassava Mosaic Disease (CMD)
4003064199.jpg,3,Cassava Mosaic Disease (CMD)
2057942715.jpg,3,Cassava Mosaic Disease (CMD)
1963114976.jpg,3,Cassava Mosaic Disease (CMD)
878936941.jpg,3,Cassava Mosaic Disease (CMD)
544885077.jpg,1,Cassava Brown Streak Disease (CBSD)
4170279280.jpg,4,Healthy
722419138.jpg,3,Cassava Mosaic Disease (CMD)
1801881558.jpg,2,Cassava Green Mottle (CGM)
428692692.jpg,3,Cassava Mosaic Disease (CMD)
4188579631.jpg,3,Cassava Mosaic Disease (CMD)
2220433108.jpg,3,Cassava Mosaic Disease (CMD)
3073409707.jpg,3,Cassava Mosaic Disease (CMD)
3862819448.jpg,3,Cassava Mosaic Disease (CMD)
823483380.jpg,3,Cassava Mosaic Disease (CMD)
2782942352.jpg,4,Healthy
3656310012.jpg,3,Cassava Mosaic Disease (CMD)
2903757445.jpg,3,Cassava Mosaic Disease (CMD)
3260589642.jpg,1,Cassava Brown Streak Disease (CBSD)
4019065947.jpg,3,Cassava Mosaic Disease (CMD)
2204493218.jpg,3,Cassava Mosaic Disease (CMD)
1623025307.jpg,3,Cassava Mosaic Disease (CMD)
2092244060.jpg,3,Cassava Mosaic Disease (CMD)
3687946395.jpg,3,Cassava Mosaic Disease (CMD)
713216878.jpg,0,Cassava Bacterial Blight (CBB)
4172181287.jpg,1,Cassava Brown Streak Disease (CBSD)
3312082353.jpg,3,Cassava Mosaic Disease (CMD)
4051367500.jpg,3,Cassava Mosaic Disease (CMD)
226416882.jpg,1,Cassava Brown Streak Disease (CBSD)
2704051934.jpg,4,Healthy
2002853239.jpg,1,Cassava Brown Streak Disease (CBSD)
2985998883.jpg,3,Cassava Mosaic Disease (CMD)
1644503085.jpg,3,Cassava Mosaic Disease (CMD)
3578719931.jpg,4,Healthy
939534770.jpg,3,Cassava Mosaic Disease (CMD)
4046068592.jpg,3,Cassava Mosaic Disease (CMD)
2190893097.jpg,4,Healthy
357852038.jpg,3,Cassava Mosaic Disease (CMD)
1742921296.jpg,2,Cassava Green Mottle (CGM)
405521670.jpg,3,Cassava Mosaic Disease (CMD)
588893932.jpg,3,Cassava Mosaic Disease (CMD)
2730857377.jpg,3,Cassava Mosaic Disease (CMD)
4213525466.jpg,1,Cassava Brown Streak Disease (CBSD)
34123892.jpg,3,Cassava Mosaic Disease (CMD)
2575899944.jpg,2,Cassava Green Mottle (CGM)
2742838328.jpg,3,Cassava Mosaic Disease (CMD)
634618230.jpg,3,Cassava Mosaic Disease (CMD)
2587404685.jpg,1,Cassava Brown Streak Disease (CBSD)
3964842875.jpg,1,Cassava Brown Streak Disease (CBSD)
2496805382.jpg,2,Cassava Green Mottle (CGM)
1670109351.jpg,4,Healthy
3008069732.jpg,3,Cassava Mosaic Disease (CMD)
3368939733.jpg,3,Cassava Mosaic Disease (CMD)
616937230.jpg,3,Cassava Mosaic Disease (CMD)
1844689263.jpg,3,Cassava Mosaic Disease (CMD)
2478931930.jpg,2,Cassava Green Mottle (CGM)
2175327103.jpg,4,Healthy
850170128.jpg,3,Cassava Mosaic Disease (CMD)
2674690912.jpg,3,Cassava Mosaic Disease (CMD)
3751316353.jpg,3,Cassava Mosaic Disease (CMD)
2355276197.jpg,3,Cassava Mosaic Disease (CMD)
1955289592.jpg,1,Cassava Brown Streak Disease (CBSD)
3957612771.jpg,2,Cassava Green Mottle (CGM)
3237441683.jpg,3,Cassava Mosaic Disease (CMD)
927713688.jpg,3,Cassava Mosaic Disease (CMD)
1808054578.jpg,3,Cassava Mosaic Disease (CMD)
2787596075.jpg,4,Healthy
3968048683.jpg,2,Cassava Green Mottle (CGM)
3973350310.jpg,3,Cassava Mosaic Disease (CMD)
2021674610.jpg,0,Cassava Bacterial Blight (CBB)
1880623255.jpg,4,Healthy
4180586995.jpg,1,Cassava Brown Streak Disease (CBSD)
2571585254.jpg,0,Cassava Bacterial Blight (CBB)
2795132787.jpg,4,Healthy
1605560939.jpg,2,Cassava Green Mottle (CGM)
4133546667.jpg,2,Cassava Green Mottle (CGM)
3004362957.jpg,3,Cassava Mosaic Disease (CMD)
1947904134.jpg,4,Healthy
1870627097.jpg,4,Healthy
3866558692.jpg,3,Cassava Mosaic Disease (CMD)
3758808026.jpg,3,Cassava Mosaic Disease (CMD)
75068408.jpg,3,Cassava Mosaic Disease (CMD)
3018850409.jpg,1,Cassava Brown Streak Disease (CBSD)
631221436.jpg,3,Cassava Mosaic Disease (CMD)
1994597996.jpg,1,Cassava Brown Streak Disease (CBSD)
1849963658.jpg,3,Cassava Mosaic Disease (CMD)
1848213383.jpg,3,Cassava Mosaic Disease (CMD)
2307052417.jpg,3,Cassava Mosaic Disease (CMD)
617651411.jpg,0,Cassava Bacterial Blight (CBB)
2951126410.jpg,3,Cassava Mosaic Disease (CMD)
2958062966.jpg,3,Cassava Mosaic Disease (CMD)
3736110104.jpg,4,Healthy
390615617.jpg,3,Cassava Mosaic Disease (CMD)
3840081089.jpg,2,Cassava Green Mottle (CGM)
617446787.jpg,3,Cassava Mosaic Disease (CMD)
2125711051.jpg,2,Cassava Green Mottle (CGM)
3347545196.jpg,1,Cassava Brown Streak Disease (CBSD)
2736497961.jpg,4,Healthy
913589859.jpg,4,Healthy
285685903.jpg,4,Healthy
3426851780.jpg,3,Cassava Mosaic Disease (CMD)
725502119.jpg,3,Cassava Mosaic Disease (CMD)
3204045687.jpg,3,Cassava Mosaic Disease (CMD)
626727559.jpg,1,Cassava Brown Streak Disease (CBSD)
3534101489.jpg,3,Cassava Mosaic Disease (CMD)
3844650986.jpg,3,Cassava Mosaic Disease (CMD)
2083878392.jpg,4,Healthy
27221590.jpg,3,Cassava Mosaic Disease (CMD)
1840408344.jpg,4,Healthy
515316460.jpg,3,Cassava Mosaic Disease (CMD)
4069710475.jpg,3,Cassava Mosaic Disease (CMD)
4227424714.jpg,3,Cassava Mosaic Disease (CMD)
3412658650.jpg,3,Cassava Mosaic Disease (CMD)
2399566100.jpg,3,Cassava Mosaic Disease (CMD)
4028966918.jpg,3,Cassava Mosaic Disease (CMD)
2115499400.jpg,3,Cassava Mosaic Disease (CMD)
3005442364.jpg,2,Cassava Green Mottle (CGM)
948846771.jpg,1,Cassava Brown Streak Disease (CBSD)
3805830184.jpg,4,Healthy
970669415.jpg,1,Cassava Brown Streak Disease (CBSD)
2489749892.jpg,3,Cassava Mosaic Disease (CMD)
2138403170.jpg,3,Cassava Mosaic Disease (CMD)
3171471094.jpg,3,Cassava Mosaic Disease (CMD)
648013564.jpg,3,Cassava Mosaic Disease (CMD)
3368505651.jpg,0,Cassava Bacterial Blight (CBB)
2033316556.jpg,3,Cassava Mosaic Disease (CMD)
4054632356.jpg,3,Cassava Mosaic Disease (CMD)
3723247572.jpg,3,Cassava Mosaic Disease (CMD)
1901330627.jpg,3,Cassava Mosaic Disease (CMD)
3138682284.jpg,3,Cassava Mosaic Disease (CMD)
3822423166.jpg,3,Cassava Mosaic Disease (CMD)
3696011777.jpg,3,Cassava Mosaic Disease (CMD)
1921138686.jpg,1,Cassava Brown Streak Disease (CBSD)
1598014441.jpg,3,Cassava Mosaic Disease (CMD)
2764801503.jpg,3,Cassava Mosaic Disease (CMD)
3876878549.jpg,3,Cassava Mosaic Disease (CMD)
2813938477.jpg,0,Cassava Bacterial Blight (CBB)
4175951103.jpg,4,Healthy
4220858043.jpg,1,Cassava Brown Streak Disease (CBSD)
1775680225.jpg,3,Cassava Mosaic Disease (CMD)
1870824948.jpg,4,Healthy
3499032065.jpg,3,Cassava Mosaic Disease (CMD)
1730809974.jpg,3,Cassava Mosaic Disease (CMD)
2504430507.jpg,4,Healthy
2597280377.jpg,4,Healthy
1652379583.jpg,4,Healthy
4166762.jpg,3,Cassava Mosaic Disease (CMD)
196723634.jpg,2,Cassava Green Mottle (CGM)
2187520505.jpg,3,Cassava Mosaic Disease (CMD)
3117904947.jpg,3,Cassava Mosaic Disease (CMD)
618285041.jpg,4,Healthy
2901551439.jpg,3,Cassava Mosaic Disease (CMD)
2470440750.jpg,3,Cassava Mosaic Disease (CMD)
1650753377.jpg,3,Cassava Mosaic Disease (CMD)
819600313.jpg,3,Cassava Mosaic Disease (CMD)
864235203.jpg,2,Cassava Green Mottle (CGM)
3222828232.jpg,3,Cassava Mosaic Disease (CMD)
3580451894.jpg,4,Healthy
378216737.jpg,3,Cassava Mosaic Disease (CMD)
3550082135.jpg,3,Cassava Mosaic Disease (CMD)
4037829966.jpg,3,Cassava Mosaic Disease (CMD)
2778033959.jpg,3,Cassava Mosaic Disease (CMD)
1687247558.jpg,4,Healthy
749023134.jpg,1,Cassava Brown Streak Disease (CBSD)
852636262.jpg,3,Cassava Mosaic Disease (CMD)
328605603.jpg,3,Cassava Mosaic Disease (CMD)
3799687072.jpg,3,Cassava Mosaic Disease (CMD)
512575634.jpg,0,Cassava Bacterial Blight (CBB)
2949633440.jpg,3,Cassava Mosaic Disease (CMD)
1689119367.jpg,3,Cassava Mosaic Disease (CMD)
496284862.jpg,4,Healthy
2276638864.jpg,3,Cassava Mosaic Disease (CMD)
296813400.jpg,3,Cassava Mosaic Disease (CMD)
594027454.jpg,1,Cassava Brown Streak Disease (CBSD)
3571570121.jpg,3,Cassava Mosaic Disease (CMD)
396829878.jpg,0,Cassava Bacterial Blight (CBB)
2886723600.jpg,4,Healthy
1923898414.jpg,4,Healthy
816935625.jpg,3,Cassava Mosaic Disease (CMD)
3870368775.jpg,3,Cassava Mosaic Disease (CMD)
1907370084.jpg,3,Cassava Mosaic Disease (CMD)
2241577548.jpg,3,Cassava Mosaic Disease (CMD)
2928426348.jpg,2,Cassava Green Mottle (CGM)
250183789.jpg,3,Cassava Mosaic Disease (CMD)
30339454.jpg,3,Cassava Mosaic Disease (CMD)
291024116.jpg,3,Cassava Mosaic Disease (CMD)
1694999394.jpg,3,Cassava Mosaic Disease (CMD)
4011584654.jpg,3,Cassava Mosaic Disease (CMD)
1601560938.jpg,4,Healthy
27426972.jpg,1,Cassava Brown Streak Disease (CBSD)
2226438384.jpg,2,Cassava Green Mottle (CGM)
3169537605.jpg,3,Cassava Mosaic Disease (CMD)
1728958527.jpg,3,Cassava Mosaic Disease (CMD)
4127310091.jpg,1,Cassava Brown Streak Disease (CBSD)
2648984163.jpg,1,Cassava Brown Streak Disease (CBSD)
1803483476.jpg,2,Cassava Green Mottle (CGM)
1656232016.jpg,3,Cassava Mosaic Disease (CMD)
2974550928.jpg,3,Cassava Mosaic Disease (CMD)
3127706145.jpg,3,Cassava Mosaic Disease (CMD)
2825938398.jpg,3,Cassava Mosaic Disease (CMD)
3701789990.jpg,3,Cassava Mosaic Disease (CMD)
788188732.jpg,2,Cassava Green Mottle (CGM)
3655961680.jpg,3,Cassava Mosaic Disease (CMD)
329174765.jpg,3,Cassava Mosaic Disease (CMD)
2608727158.jpg,3,Cassava Mosaic Disease (CMD)
548597854.jpg,3,Cassava Mosaic Disease (CMD)
4284398134.jpg,1,Cassava Brown Streak Disease (CBSD)
3361317754.jpg,0,Cassava Bacterial Blight (CBB)
1927309377.jpg,3,Cassava Mosaic Disease (CMD)
4149019611.jpg,3,Cassava Mosaic Disease (CMD)
2272287996.jpg,3,Cassava Mosaic Disease (CMD)
3395550776.jpg,2,Cassava Green Mottle (CGM)
3842422480.jpg,3,Cassava Mosaic Disease (CMD)
4050620489.jpg,3,Cassava Mosaic Disease (CMD)
2449743252.jpg,3,Cassava Mosaic Disease (CMD)
2251742457.jpg,1,Cassava Brown Streak Disease (CBSD)
3942046671.jpg,3,Cassava Mosaic Disease (CMD)
3864856074.jpg,3,Cassava Mosaic Disease (CMD)
2729122308.jpg,3,Cassava Mosaic Disease (CMD)
3044653418.jpg,3,Cassava Mosaic Disease (CMD)
3110425055.jpg,3,Cassava Mosaic Disease (CMD)
3867794854.jpg,3,Cassava Mosaic Disease (CMD)
260241921.jpg,1,Cassava Brown Streak Disease (CBSD)
4239047736.jpg,3,Cassava Mosaic Disease (CMD)
363639242.jpg,3,Cassava Mosaic Disease (CMD)
2753146306.jpg,3,Cassava Mosaic Disease (CMD)
3713723345.jpg,3,Cassava Mosaic Disease (CMD)
3070545671.jpg,3,Cassava Mosaic Disease (CMD)
2614256143.jpg,1,Cassava Brown Streak Disease (CBSD)
1816076936.jpg,0,Cassava Bacterial Blight (CBB)
3516777712.jpg,3,Cassava Mosaic Disease (CMD)
4292271303.jpg,3,Cassava Mosaic Disease (CMD)
3133677566.jpg,3,Cassava Mosaic Disease (CMD)
3053608144.jpg,3,Cassava Mosaic Disease (CMD)
41606397.jpg,1,Cassava Brown Streak Disease (CBSD)
2120733777.jpg,3,Cassava Mosaic Disease (CMD)
692022283.jpg,2,Cassava Green Mottle (CGM)
699393181.jpg,3,Cassava Mosaic Disease (CMD)
1813551465.jpg,3,Cassava Mosaic Disease (CMD)
827738585.jpg,4,Healthy
3927374351.jpg,4,Healthy
291117333.jpg,3,Cassava Mosaic Disease (CMD)
402606580.jpg,3,Cassava Mosaic Disease (CMD)
626955644.jpg,1,Cassava Brown Streak Disease (CBSD)
3966311153.jpg,3,Cassava Mosaic Disease (CMD)
2616538732.jpg,1,Cassava Brown Streak Disease (CBSD)
353010876.jpg,3,Cassava Mosaic Disease (CMD)
3161570482.jpg,3,Cassava Mosaic Disease (CMD)
2946993794.jpg,1,Cassava Brown Streak Disease (CBSD)
1643552654.jpg,3,Cassava Mosaic Disease (CMD)
3456823667.jpg,4,Healthy
3099609782.jpg,0,Cassava Bacterial Blight (CBB)
3344181813.jpg,3,Cassava Mosaic Disease (CMD)
1983523977.jpg,4,Healthy
2443428424.jpg,3,Cassava Mosaic Disease (CMD)
678707458.jpg,0,Cassava Bacterial Blight (CBB)
3969087697.jpg,2,Cassava Green Mottle (CGM)
2588775979.jpg,3,Cassava Mosaic Disease (CMD)
2559464808.jpg,2,Cassava Green Mottle (CGM)
3073238981.jpg,1,Cassava Brown Streak Disease (CBSD)
231005253.jpg,4,Healthy
31471904.jpg,3,Cassava Mosaic Disease (CMD)
2383750742.jpg,1,Cassava Brown Streak Disease (CBSD)
3863422277.jpg,3,Cassava Mosaic Disease (CMD)
3367580056.jpg,3,Cassava Mosaic Disease (CMD)
3743673281.jpg,3,Cassava Mosaic Disease (CMD)
2510442333.jpg,2,Cassava Green Mottle (CGM)
3825609678.jpg,3,Cassava Mosaic Disease (CMD)
2401066705.jpg,3,Cassava Mosaic Disease (CMD)
2382704468.jpg,3,Cassava Mosaic Disease (CMD)
2312938681.jpg,3,Cassava Mosaic Disease (CMD)
3833575676.jpg,3,Cassava Mosaic Disease (CMD)
614554751.jpg,3,Cassava Mosaic Disease (CMD)
3168873139.jpg,3,Cassava Mosaic Disease (CMD)
2597522280.jpg,3,Cassava Mosaic Disease (CMD)
2741136173.jpg,0,Cassava Bacterial Blight (CBB)
297559984.jpg,3,Cassava Mosaic Disease (CMD)
3276241131.jpg,3,Cassava Mosaic Disease (CMD)
2562280265.jpg,3,Cassava Mosaic Disease (CMD)
4148970869.jpg,3,Cassava Mosaic Disease (CMD)
2141137374.jpg,1,Cassava Brown Streak Disease (CBSD)
245276230.jpg,3,Cassava Mosaic Disease (CMD)
3308641241.jpg,3,Cassava Mosaic Disease (CMD)
1901223927.jpg,3,Cassava Mosaic Disease (CMD)
1916947459.jpg,3,Cassava Mosaic Disease (CMD)
72715709.jpg,3,Cassava Mosaic Disease (CMD)
1694968228.jpg,3,Cassava Mosaic Disease (CMD)
3419884089.jpg,4,Healthy
3048830228.jpg,3,Cassava Mosaic Disease (CMD)
3119699604.jpg,3,Cassava Mosaic Disease (CMD)
4123166218.jpg,3,Cassava Mosaic Disease (CMD)
4235664377.jpg,3,Cassava Mosaic Disease (CMD)
542432519.jpg,1,Cassava Brown Streak Disease (CBSD)
3112166266.jpg,3,Cassava Mosaic Disease (CMD)
2232812594.jpg,3,Cassava Mosaic Disease (CMD)
2410891976.jpg,3,Cassava Mosaic Disease (CMD)
1888804836.jpg,3,Cassava Mosaic Disease (CMD)
1921012349.jpg,3,Cassava Mosaic Disease (CMD)
2865232571.jpg,3,Cassava Mosaic Disease (CMD)
975534940.jpg,3,Cassava Mosaic Disease (CMD)
2607452195.jpg,3,Cassava Mosaic Disease (CMD)
1851497737.jpg,3,Cassava Mosaic Disease (CMD)
2028194351.jpg,3,Cassava Mosaic Disease (CMD)
446546740.jpg,3,Cassava Mosaic Disease (CMD)
2772001949.jpg,3,Cassava Mosaic Disease (CMD)
498735095.jpg,3,Cassava Mosaic Disease (CMD)
2457479781.jpg,0,Cassava Bacterial Blight (CBB)
2027009967.jpg,3,Cassava Mosaic Disease (CMD)
3950138340.jpg,3,Cassava Mosaic Disease (CMD)
3151081789.jpg,4,Healthy
2063381039.jpg,2,Cassava Green Mottle (CGM)
2641912037.jpg,0,Cassava Bacterial Blight (CBB)
2595712013.jpg,1,Cassava Brown Streak Disease (CBSD)
2519456872.jpg,0,Cassava Bacterial Blight (CBB)
357655527.jpg,3,Cassava Mosaic Disease (CMD)
3079337619.jpg,3,Cassava Mosaic Disease (CMD)
996927503.jpg,3,Cassava Mosaic Disease (CMD)
3466223968.jpg,0,Cassava Bacterial Blight (CBB)
3418946872.jpg,2,Cassava Green Mottle (CGM)
3964066128.jpg,3,Cassava Mosaic Disease (CMD)
291604764.jpg,3,Cassava Mosaic Disease (CMD)
2730840788.jpg,3,Cassava Mosaic Disease (CMD)
934902236.jpg,3,Cassava Mosaic Disease (CMD)
3795291687.jpg,3,Cassava Mosaic Disease (CMD)
394451018.jpg,1,Cassava Brown Streak Disease (CBSD)
1783550319.jpg,3,Cassava Mosaic Disease (CMD)
3099914588.jpg,4,Healthy
2822052779.jpg,1,Cassava Brown Streak Disease (CBSD)
320442458.jpg,2,Cassava Green Mottle (CGM)
546947132.jpg,3,Cassava Mosaic Disease (CMD)
3036953760.jpg,1,Cassava Brown Streak Disease (CBSD)
3809607157.jpg,2,Cassava Green Mottle (CGM)
2002346677.jpg,3,Cassava Mosaic Disease (CMD)
1760340561.jpg,3,Cassava Mosaic Disease (CMD)
2648634606.jpg,3,Cassava Mosaic Disease (CMD)
966050678.jpg,3,Cassava Mosaic Disease (CMD)
3483686543.jpg,1,Cassava Brown Streak Disease (CBSD)
1624580117.jpg,3,Cassava Mosaic Disease (CMD)
2773412465.jpg,3,Cassava Mosaic Disease (CMD)
2658700009.jpg,3,Cassava Mosaic Disease (CMD)
405683848.jpg,3,Cassava Mosaic Disease (CMD)
2780944471.jpg,3,Cassava Mosaic Disease (CMD)
1604513601.jpg,3,Cassava Mosaic Disease (CMD)
2101454168.jpg,3,Cassava Mosaic Disease (CMD)
846123439.jpg,3,Cassava Mosaic Disease (CMD)
370989494.jpg,3,Cassava Mosaic Disease (CMD)
1868737413.jpg,2,Cassava Green Mottle (CGM)
1736753003.jpg,3,Cassava Mosaic Disease (CMD)
2432967687.jpg,1,Cassava Brown Streak Disease (CBSD)
2398306504.jpg,4,Healthy
2944616493.jpg,3,Cassava Mosaic Disease (CMD)
2859464940.jpg,3,Cassava Mosaic Disease (CMD)
4005501772.jpg,1,Cassava Brown Streak Disease (CBSD)
43727066.jpg,3,Cassava Mosaic Disease (CMD)
3494510902.jpg,3,Cassava Mosaic Disease (CMD)
4019060671.jpg,2,Cassava Green Mottle (CGM)
38680980.jpg,3,Cassava Mosaic Disease (CMD)
674806764.jpg,3,Cassava Mosaic Disease (CMD)
1889215655.jpg,0,Cassava Bacterial Blight (CBB)
3342658520.jpg,2,Cassava Green Mottle (CGM)
986888785.jpg,0,Cassava Bacterial Blight (CBB)
65344468.jpg,3,Cassava Mosaic Disease (CMD)
3193368098.jpg,4,Healthy
4242340626.jpg,2,Cassava Green Mottle (CGM)
2983128963.jpg,4,Healthy
2927204876.jpg,3,Cassava Mosaic Disease (CMD)
3910075821.jpg,3,Cassava Mosaic Disease (CMD)
1864756253.jpg,3,Cassava Mosaic Disease (CMD)
759934720.jpg,4,Healthy
237925973.jpg,4,Healthy
871726672.jpg,3,Cassava Mosaic Disease (CMD)
44779769.jpg,4,Healthy
2461721472.jpg,3,Cassava Mosaic Disease (CMD)
3420386896.jpg,3,Cassava Mosaic Disease (CMD)
3821677855.jpg,1,Cassava Brown Streak Disease (CBSD)
2753750335.jpg,3,Cassava Mosaic Disease (CMD)
2168109133.jpg,3,Cassava Mosaic Disease (CMD)
2749588807.jpg,2,Cassava Green Mottle (CGM)
4228501282.jpg,4,Healthy
2363899006.jpg,3,Cassava Mosaic Disease (CMD)
2561007653.jpg,1,Cassava Brown Streak Disease (CBSD)
3775748715.jpg,4,Healthy
3459489785.jpg,3,Cassava Mosaic Disease (CMD)
262902341.jpg,1,Cassava Brown Streak Disease (CBSD)
1882473489.jpg,4,Healthy
685742976.jpg,3,Cassava Mosaic Disease (CMD)
1847948154.jpg,3,Cassava Mosaic Disease (CMD)
426501539.jpg,4,Healthy
2200006732.jpg,2,Cassava Green Mottle (CGM)
3403682785.jpg,4,Healthy
3453811343.jpg,3,Cassava Mosaic Disease (CMD)
3084908413.jpg,3,Cassava Mosaic Disease (CMD)
308941917.jpg,3,Cassava Mosaic Disease (CMD)
4060265637.jpg,3,Cassava Mosaic Disease (CMD)
851691285.jpg,2,Cassava Green Mottle (CGM)
3194654679.jpg,3,Cassava Mosaic Disease (CMD)
176082101.jpg,4,Healthy
3216015057.jpg,3,Cassava Mosaic Disease (CMD)
3425536750.jpg,3,Cassava Mosaic Disease (CMD)
4261671268.jpg,3,Cassava Mosaic Disease (CMD)
2400953436.jpg,1,Cassava Brown Streak Disease (CBSD)
3043209099.jpg,3,Cassava Mosaic Disease (CMD)
2086522625.jpg,3,Cassava Mosaic Disease (CMD)
2379465636.jpg,2,Cassava Green Mottle (CGM)
52417145.jpg,4,Healthy
3438055789.jpg,4,Healthy
3239751469.jpg,3,Cassava Mosaic Disease (CMD)
3262402201.jpg,3,Cassava Mosaic Disease (CMD)
69003295.jpg,3,Cassava Mosaic Disease (CMD)
1881799608.jpg,3,Cassava Mosaic Disease (CMD)
831001239.jpg,3,Cassava Mosaic Disease (CMD)
2191259064.jpg,1,Cassava Brown Streak Disease (CBSD)
2888967355.jpg,3,Cassava Mosaic Disease (CMD)
773007484.jpg,2,Cassava Green Mottle (CGM)
1708910636.jpg,4,Healthy
51460409.jpg,3,Cassava Mosaic Disease (CMD)
3030283465.jpg,3,Cassava Mosaic Disease (CMD)
1943662922.jpg,3,Cassava Mosaic Disease (CMD)
392955098.jpg,1,Cassava Brown Streak Disease (CBSD)
254793786.jpg,3,Cassava Mosaic Disease (CMD)
325724321.jpg,2,Cassava Green Mottle (CGM)
3262262555.jpg,3,Cassava Mosaic Disease (CMD)
2321343793.jpg,3,Cassava Mosaic Disease (CMD)
4057637286.jpg,3,Cassava Mosaic Disease (CMD)
2336293971.jpg,3,Cassava Mosaic Disease (CMD)
2164681780.jpg,3,Cassava Mosaic Disease (CMD)
4249930536.jpg,2,Cassava Green Mottle (CGM)
3061536410.jpg,2,Cassava Green Mottle (CGM)
2764996971.jpg,2,Cassava Green Mottle (CGM)
408051106.jpg,2,Cassava Green Mottle (CGM)
3852956252.jpg,4,Healthy
2754482477.jpg,3,Cassava Mosaic Disease (CMD)
3916116689.jpg,3,Cassava Mosaic Disease (CMD)
2214222805.jpg,3,Cassava Mosaic Disease (CMD)
31398935.jpg,3,Cassava Mosaic Disease (CMD)
2911150732.jpg,3,Cassava Mosaic Disease (CMD)
3548061880.jpg,3,Cassava Mosaic Disease (CMD)
3398892397.jpg,3,Cassava Mosaic Disease (CMD)
1996736745.jpg,4,Healthy
269932465.jpg,3,Cassava Mosaic Disease (CMD)
3221163634.jpg,3,Cassava Mosaic Disease (CMD)
1782735402.jpg,3,Cassava Mosaic Disease (CMD)
413920422.jpg,3,Cassava Mosaic Disease (CMD)
913567043.jpg,1,Cassava Brown Streak Disease (CBSD)
873720819.jpg,3,Cassava Mosaic Disease (CMD)
3223218079.jpg,3,Cassava Mosaic Disease (CMD)
3392805793.jpg,1,Cassava Brown Streak Disease (CBSD)
730367123.jpg,3,Cassava Mosaic Disease (CMD)
3883619228.jpg,3,Cassava Mosaic Disease (CMD)
919479322.jpg,4,Healthy
444715052.jpg,4,Healthy
4024428406.jpg,3,Cassava Mosaic Disease (CMD)
2779684221.jpg,3,Cassava Mosaic Disease (CMD)
184295852.jpg,3,Cassava Mosaic Disease (CMD)
214640752.jpg,3,Cassava Mosaic Disease (CMD)
936775758.jpg,3,Cassava Mosaic Disease (CMD)
459715600.jpg,3,Cassava Mosaic Disease (CMD)
907434734.jpg,2,Cassava Green Mottle (CGM)
2532502018.jpg,3,Cassava Mosaic Disease (CMD)
2149582263.jpg,3,Cassava Mosaic Disease (CMD)
2690070450.jpg,3,Cassava Mosaic Disease (CMD)
2098910919.jpg,3,Cassava Mosaic Disease (CMD)
327962413.jpg,3,Cassava Mosaic Disease (CMD)
62457077.jpg,3,Cassava Mosaic Disease (CMD)
1918913284.jpg,3,Cassava Mosaic Disease (CMD)
433273878.jpg,2,Cassava Green Mottle (CGM)
813744167.jpg,4,Healthy
197416826.jpg,4,Healthy
3518069486.jpg,3,Cassava Mosaic Disease (CMD)
3069603925.jpg,3,Cassava Mosaic Disease (CMD)
3656334422.jpg,3,Cassava Mosaic Disease (CMD)
4164175215.jpg,3,Cassava Mosaic Disease (CMD)
2070808203.jpg,3,Cassava Mosaic Disease (CMD)
1859833344.jpg,1,Cassava Brown Streak Disease (CBSD)
4098206524.jpg,3,Cassava Mosaic Disease (CMD)
3401755120.jpg,4,Healthy
64732457.jpg,3,Cassava Mosaic Disease (CMD)
2347169881.jpg,3,Cassava Mosaic Disease (CMD)
3601095535.jpg,4,Healthy
4064710747.jpg,3,Cassava Mosaic Disease (CMD)
3395726663.jpg,4,Healthy
832387974.jpg,3,Cassava Mosaic Disease (CMD)
57149651.jpg,4,Healthy
4200969502.jpg,3,Cassava Mosaic Disease (CMD)
504875275.jpg,3,Cassava Mosaic Disease (CMD)
2851597071.jpg,1,Cassava Brown Streak Disease (CBSD)
2188547728.jpg,3,Cassava Mosaic Disease (CMD)
2931187107.jpg,3,Cassava Mosaic Disease (CMD)
582120514.jpg,2,Cassava Green Mottle (CGM)
2333536768.jpg,3,Cassava Mosaic Disease (CMD)
16980960.jpg,3,Cassava Mosaic Disease (CMD)
3063664576.jpg,4,Healthy
3330242957.jpg,3,Cassava Mosaic Disease (CMD)
3818300635.jpg,0,Cassava Bacterial Blight (CBB)
362383094.jpg,1,Cassava Brown Streak Disease (CBSD)
76026574.jpg,1,Cassava Brown Streak Disease (CBSD)
4113975266.jpg,1,Cassava Brown Streak Disease (CBSD)
3164095616.jpg,3,Cassava Mosaic Disease (CMD)
3689405740.jpg,3,Cassava Mosaic Disease (CMD)
297915316.jpg,4,Healthy
3813361373.jpg,3,Cassava Mosaic Disease (CMD)
3459217743.jpg,3,Cassava Mosaic Disease (CMD)
2886129044.jpg,3,Cassava Mosaic Disease (CMD)
2411688047.jpg,3,Cassava Mosaic Disease (CMD)
1748426485.jpg,3,Cassava Mosaic Disease (CMD)
3660965690.jpg,2,Cassava Green Mottle (CGM)
3468766688.jpg,2,Cassava Green Mottle (CGM)
847187108.jpg,1,Cassava Brown Streak Disease (CBSD)
2417340627.jpg,2,Cassava Green Mottle (CGM)
2573573471.jpg,2,Cassava Green Mottle (CGM)
3649693860.jpg,0,Cassava Bacterial Blight (CBB)
3646752638.jpg,3,Cassava Mosaic Disease (CMD)
226533928.jpg,1,Cassava Brown Streak Disease (CBSD)
2409259827.jpg,1,Cassava Brown Streak Disease (CBSD)
3736581727.jpg,0,Cassava Bacterial Blight (CBB)
3860607414.jpg,0,Cassava Bacterial Blight (CBB)
175215603.jpg,3,Cassava Mosaic Disease (CMD)
4018367133.jpg,3,Cassava Mosaic Disease (CMD)
2887416940.jpg,3,Cassava Mosaic Disease (CMD)
3987528887.jpg,3,Cassava Mosaic Disease (CMD)
427669101.jpg,3,Cassava Mosaic Disease (CMD)
3011135246.jpg,2,Cassava Green Mottle (CGM)
2106075610.jpg,3,Cassava Mosaic Disease (CMD)
772651285.jpg,3,Cassava Mosaic Disease (CMD)
3691870719.jpg,3,Cassava Mosaic Disease (CMD)
2092629811.jpg,3,Cassava Mosaic Disease (CMD)
1704903171.jpg,3,Cassava Mosaic Disease (CMD)
3468269081.jpg,3,Cassava Mosaic Disease (CMD)
2998136552.jpg,0,Cassava Bacterial Blight (CBB)
3054970749.jpg,3,Cassava Mosaic Disease (CMD)
3453138674.jpg,3,Cassava Mosaic Disease (CMD)
824321777.jpg,3,Cassava Mosaic Disease (CMD)
3929583160.jpg,3,Cassava Mosaic Disease (CMD)
2102230404.jpg,3,Cassava Mosaic Disease (CMD)
2935393677.jpg,3,Cassava Mosaic Disease (CMD)
2945964157.jpg,0,Cassava Bacterial Blight (CBB)
2316207756.jpg,3,Cassava Mosaic Disease (CMD)
2977510459.jpg,3,Cassava Mosaic Disease (CMD)
2043349328.jpg,3,Cassava Mosaic Disease (CMD)
3659739302.jpg,2,Cassava Green Mottle (CGM)
1983422244.jpg,1,Cassava Brown Streak Disease (CBSD)
229671896.jpg,3,Cassava Mosaic Disease (CMD)
3099476363.jpg,3,Cassava Mosaic Disease (CMD)
2588644224.jpg,2,Cassava Green Mottle (CGM)
224577938.jpg,3,Cassava Mosaic Disease (CMD)
302115319.jpg,4,Healthy
719913445.jpg,3,Cassava Mosaic Disease (CMD)
4192202317.jpg,3,Cassava Mosaic Disease (CMD)
1653427093.jpg,3,Cassava Mosaic Disease (CMD)
4261199097.jpg,1,Cassava Brown Streak Disease (CBSD)
730431773.jpg,1,Cassava Brown Streak Disease (CBSD)
2277667632.jpg,3,Cassava Mosaic Disease (CMD)
2843047377.jpg,3,Cassava Mosaic Disease (CMD)
2703475066.jpg,0,Cassava Bacterial Blight (CBB)
652624585.jpg,3,Cassava Mosaic Disease (CMD)
71913940.jpg,3,Cassava Mosaic Disease (CMD)
868275841.jpg,0,Cassava Bacterial Blight (CBB)
336032005.jpg,3,Cassava Mosaic Disease (CMD)
484219848.jpg,3,Cassava Mosaic Disease (CMD)
1824992309.jpg,0,Cassava Bacterial Blight (CBB)
3778551901.jpg,3,Cassava Mosaic Disease (CMD)
2310387550.jpg,1,Cassava Brown Streak Disease (CBSD)
1876922129.jpg,0,Cassava Bacterial Blight (CBB)
3814472451.jpg,3,Cassava Mosaic Disease (CMD)
680852379.jpg,3,Cassava Mosaic Disease (CMD)
92439956.jpg,3,Cassava Mosaic Disease (CMD)
4060450564.jpg,3,Cassava Mosaic Disease (CMD)
181778346.jpg,3,Cassava Mosaic Disease (CMD)
3747721675.jpg,3,Cassava Mosaic Disease (CMD)
3234532653.jpg,4,Healthy
871044756.jpg,3,Cassava Mosaic Disease (CMD)
2698895843.jpg,3,Cassava Mosaic Disease (CMD)
2586069156.jpg,1,Cassava Brown Streak Disease (CBSD)
53025412.jpg,3,Cassava Mosaic Disease (CMD)
4285755413.jpg,3,Cassava Mosaic Disease (CMD)
2392144549.jpg,3,Cassava Mosaic Disease (CMD)
3517179673.jpg,1,Cassava Brown Streak Disease (CBSD)
263155450.jpg,3,Cassava Mosaic Disease (CMD)
3232686403.jpg,4,Healthy
4169894391.jpg,3,Cassava Mosaic Disease (CMD)
2281344885.jpg,3,Cassava Mosaic Disease (CMD)
26102442.jpg,3,Cassava Mosaic Disease (CMD)
1772478144.jpg,3,Cassava Mosaic Disease (CMD)
3018222933.jpg,3,Cassava Mosaic Disease (CMD)
3995459350.jpg,2,Cassava Green Mottle (CGM)
919127864.jpg,1,Cassava Brown Streak Disease (CBSD)
645748752.jpg,4,Healthy
4221969635.jpg,3,Cassava Mosaic Disease (CMD)
2497079238.jpg,3,Cassava Mosaic Disease (CMD)
781490175.jpg,1,Cassava Brown Streak Disease (CBSD)
2429667636.jpg,2,Cassava Green Mottle (CGM)
532692632.jpg,3,Cassava Mosaic Disease (CMD)
2221302395.jpg,3,Cassava Mosaic Disease (CMD)
2571058084.jpg,3,Cassava Mosaic Disease (CMD)
788479472.jpg,3,Cassava Mosaic Disease (CMD)
3189096196.jpg,3,Cassava Mosaic Disease (CMD)
1963206223.jpg,4,Healthy
2864870143.jpg,3,Cassava Mosaic Disease (CMD)
3527846650.jpg,3,Cassava Mosaic Disease (CMD)
3365979055.jpg,3,Cassava Mosaic Disease (CMD)
827134808.jpg,0,Cassava Bacterial Blight (CBB)
1726210111.jpg,3,Cassava Mosaic Disease (CMD)
2937341797.jpg,3,Cassava Mosaic Disease (CMD)
2477858047.jpg,3,Cassava Mosaic Disease (CMD)
3253305739.jpg,0,Cassava Bacterial Blight (CBB)
3813835902.jpg,2,Cassava Green Mottle (CGM)
1690581200.jpg,3,Cassava Mosaic Disease (CMD)
875836279.jpg,3,Cassava Mosaic Disease (CMD)
4292377658.jpg,3,Cassava Mosaic Disease (CMD)
2908034482.jpg,4,Healthy
3267697264.jpg,3,Cassava Mosaic Disease (CMD)
1952120040.jpg,3,Cassava Mosaic Disease (CMD)
1600762531.jpg,3,Cassava Mosaic Disease (CMD)
4202436858.jpg,3,Cassava Mosaic Disease (CMD)
454637792.jpg,3,Cassava Mosaic Disease (CMD)
2775246580.jpg,3,Cassava Mosaic Disease (CMD)
2226045745.jpg,3,Cassava Mosaic Disease (CMD)
1664825517.jpg,3,Cassava Mosaic Disease (CMD)
3843497153.jpg,3,Cassava Mosaic Disease (CMD)
2740620801.jpg,2,Cassava Green Mottle (CGM)
1708791164.jpg,3,Cassava Mosaic Disease (CMD)
2406398124.jpg,4,Healthy
3043785326.jpg,3,Cassava Mosaic Disease (CMD)
2588147420.jpg,4,Healthy
3636948632.jpg,2,Cassava Green Mottle (CGM)
69803851.jpg,1,Cassava Brown Streak Disease (CBSD)
3536435427.jpg,0,Cassava Bacterial Blight (CBB)
2238900239.jpg,3,Cassava Mosaic Disease (CMD)
4151450216.jpg,3,Cassava Mosaic Disease (CMD)
2286469795.jpg,2,Cassava Green Mottle (CGM)
3022004374.jpg,3,Cassava Mosaic Disease (CMD)
2659998553.jpg,3,Cassava Mosaic Disease (CMD)
4002980483.jpg,3,Cassava Mosaic Disease (CMD)
2342424711.jpg,2,Cassava Green Mottle (CGM)
527474755.jpg,3,Cassava Mosaic Disease (CMD)
2774649873.jpg,3,Cassava Mosaic Disease (CMD)
1907138537.jpg,3,Cassava Mosaic Disease (CMD)
2618673566.jpg,3,Cassava Mosaic Disease (CMD)
3475929309.jpg,3,Cassava Mosaic Disease (CMD)
897745173.jpg,3,Cassava Mosaic Disease (CMD)
3858873251.jpg,0,Cassava Bacterial Blight (CBB)
851063850.jpg,3,Cassava Mosaic Disease (CMD)
759626803.jpg,3,Cassava Mosaic Disease (CMD)
3060813275.jpg,3,Cassava Mosaic Disease (CMD)
2123282382.jpg,1,Cassava Brown Streak Disease (CBSD)
1973400842.jpg,2,Cassava Green Mottle (CGM)
3497274935.jpg,1,Cassava Brown Streak Disease (CBSD)
1738664148.jpg,3,Cassava Mosaic Disease (CMD)
2422831222.jpg,3,Cassava Mosaic Disease (CMD)
2837350283.jpg,3,Cassava Mosaic Disease (CMD)
3276656729.jpg,4,Healthy
3152994734.jpg,3,Cassava Mosaic Disease (CMD)
3708133019.jpg,3,Cassava Mosaic Disease (CMD)
2314927699.jpg,3,Cassava Mosaic Disease (CMD)
1610293163.jpg,3,Cassava Mosaic Disease (CMD)
2002337945.jpg,4,Healthy
2789670576.jpg,3,Cassava Mosaic Disease (CMD)
1700921498.jpg,3,Cassava Mosaic Disease (CMD)
4254533142.jpg,3,Cassava Mosaic Disease (CMD)
2763304605.jpg,1,Cassava Brown Streak Disease (CBSD)
3882458242.jpg,3,Cassava Mosaic Disease (CMD)
3084391599.jpg,3,Cassava Mosaic Disease (CMD)
2999955709.jpg,3,Cassava Mosaic Disease (CMD)
3219569392.jpg,4,Healthy
4052896742.jpg,3,Cassava Mosaic Disease (CMD)
3143201252.jpg,4,Healthy
3567720440.jpg,3,Cassava Mosaic Disease (CMD)
2016669057.jpg,3,Cassava Mosaic Disease (CMD)
774942626.jpg,3,Cassava Mosaic Disease (CMD)
2781629169.jpg,3,Cassava Mosaic Disease (CMD)
1649961148.jpg,4,Healthy
3729595157.jpg,3,Cassava Mosaic Disease (CMD)
3039373303.jpg,2,Cassava Green Mottle (CGM)
181857749.jpg,2,Cassava Green Mottle (CGM)
549830599.jpg,3,Cassava Mosaic Disease (CMD)
2367376740.jpg,3,Cassava Mosaic Disease (CMD)
3558082230.jpg,3,Cassava Mosaic Disease (CMD)
3176098048.jpg,3,Cassava Mosaic Disease (CMD)
857934902.jpg,4,Healthy
3613193696.jpg,3,Cassava Mosaic Disease (CMD)
448026259.jpg,3,Cassava Mosaic Disease (CMD)
2170455392.jpg,3,Cassava Mosaic Disease (CMD)
3380508499.jpg,3,Cassava Mosaic Disease (CMD)
565367936.jpg,4,Healthy
2123719792.jpg,4,Healthy
650372735.jpg,3,Cassava Mosaic Disease (CMD)
2263561616.jpg,2,Cassava Green Mottle (CGM)
1666228761.jpg,3,Cassava Mosaic Disease (CMD)
1846052077.jpg,3,Cassava Mosaic Disease (CMD)
685844269.jpg,2,Cassava Green Mottle (CGM)
3185750323.jpg,2,Cassava Green Mottle (CGM)
2675081726.jpg,3,Cassava Mosaic Disease (CMD)
3808126182.jpg,3,Cassava Mosaic Disease (CMD)
2240905108.jpg,4,Healthy
2266461434.jpg,3,Cassava Mosaic Disease (CMD)
4278349650.jpg,3,Cassava Mosaic Disease (CMD)
3223559298.jpg,3,Cassava Mosaic Disease (CMD)
1947542350.jpg,2,Cassava Green Mottle (CGM)
3031817409.jpg,4,Healthy
2194549987.jpg,2,Cassava Green Mottle (CGM)
737753256.jpg,3,Cassava Mosaic Disease (CMD)
384265557.jpg,4,Healthy
3294433487.jpg,1,Cassava Brown Streak Disease (CBSD)
3054647341.jpg,2,Cassava Green Mottle (CGM)
4214126617.jpg,2,Cassava Green Mottle (CGM)
602912992.jpg,3,Cassava Mosaic Disease (CMD)
3331063078.jpg,3,Cassava Mosaic Disease (CMD)
3392953344.jpg,3,Cassava Mosaic Disease (CMD)
3497908336.jpg,4,Healthy
2205809644.jpg,3,Cassava Mosaic Disease (CMD)
889052134.jpg,3,Cassava Mosaic Disease (CMD)
1765947311.jpg,3,Cassava Mosaic Disease (CMD)
2019072714.jpg,4,Healthy
1973726786.jpg,3,Cassava Mosaic Disease (CMD)
2270276513.jpg,3,Cassava Mosaic Disease (CMD)
3699866059.jpg,0,Cassava Bacterial Blight (CBB)
2338929096.jpg,3,Cassava Mosaic Disease (CMD)
2561018646.jpg,3,Cassava Mosaic Disease (CMD)
2105418108.jpg,3,Cassava Mosaic Disease (CMD)
4159206286.jpg,3,Cassava Mosaic Disease (CMD)
543908014.jpg,0,Cassava Bacterial Blight (CBB)
216472220.jpg,3,Cassava Mosaic Disease (CMD)
3821632962.jpg,2,Cassava Green Mottle (CGM)
920702050.jpg,3,Cassava Mosaic Disease (CMD)
278460610.jpg,3,Cassava Mosaic Disease (CMD)
4101440622.jpg,2,Cassava Green Mottle (CGM)
3465822891.jpg,3,Cassava Mosaic Disease (CMD)
607008468.jpg,3,Cassava Mosaic Disease (CMD)
741358374.jpg,3,Cassava Mosaic Disease (CMD)
459069338.jpg,3,Cassava Mosaic Disease (CMD)
1924319462.jpg,3,Cassava Mosaic Disease (CMD)
349583210.jpg,4,Healthy
3021177990.jpg,3,Cassava Mosaic Disease (CMD)
2378878506.jpg,3,Cassava Mosaic Disease (CMD)
328959114.jpg,2,Cassava Green Mottle (CGM)
2607049365.jpg,3,Cassava Mosaic Disease (CMD)
2956931145.jpg,3,Cassava Mosaic Disease (CMD)
1965467529.jpg,1,Cassava Brown Streak Disease (CBSD)
2246807690.jpg,0,Cassava Bacterial Blight (CBB)
3006201002.jpg,3,Cassava Mosaic Disease (CMD)
2557422012.jpg,3,Cassava Mosaic Disease (CMD)
4245177289.jpg,3,Cassava Mosaic Disease (CMD)
2152051451.jpg,3,Cassava Mosaic Disease (CMD)
4267414655.jpg,1,Cassava Brown Streak Disease (CBSD)
865580599.jpg,3,Cassava Mosaic Disease (CMD)
1677241180.jpg,3,Cassava Mosaic Disease (CMD)
284270936.jpg,4,Healthy
3858664861.jpg,2,Cassava Green Mottle (CGM)
4074847622.jpg,3,Cassava Mosaic Disease (CMD)
2257731439.jpg,3,Cassava Mosaic Disease (CMD)
3400218369.jpg,3,Cassava Mosaic Disease (CMD)
362517802.jpg,3,Cassava Mosaic Disease (CMD)
2175645585.jpg,3,Cassava Mosaic Disease (CMD)
2295305746.jpg,3,Cassava Mosaic Disease (CMD)
3676852204.jpg,1,Cassava Brown Streak Disease (CBSD)
2312397172.jpg,4,Healthy
2684757873.jpg,2,Cassava Green Mottle (CGM)
4075412353.jpg,2,Cassava Green Mottle (CGM)
3495378844.jpg,3,Cassava Mosaic Disease (CMD)
2011886920.jpg,1,Cassava Brown Streak Disease (CBSD)
2556155582.jpg,3,Cassava Mosaic Disease (CMD)
1969657862.jpg,3,Cassava Mosaic Disease (CMD)
2241498976.jpg,3,Cassava Mosaic Disease (CMD)
2278439713.jpg,1,Cassava Brown Streak Disease (CBSD)
2679360984.jpg,3,Cassava Mosaic Disease (CMD)
1961471399.jpg,3,Cassava Mosaic Disease (CMD)
2840988158.jpg,3,Cassava Mosaic Disease (CMD)
3342824780.jpg,3,Cassava Mosaic Disease (CMD)
2516864757.jpg,3,Cassava Mosaic Disease (CMD)
328706922.jpg,3,Cassava Mosaic Disease (CMD)
451922996.jpg,3,Cassava Mosaic Disease (CMD)
1891937724.jpg,3,Cassava Mosaic Disease (CMD)
335513070.jpg,4,Healthy
2008729929.jpg,2,Cassava Green Mottle (CGM)
2420114493.jpg,4,Healthy
307174382.jpg,3,Cassava Mosaic Disease (CMD)
4169866451.jpg,2,Cassava Green Mottle (CGM)
3509094717.jpg,3,Cassava Mosaic Disease (CMD)
1970877091.jpg,4,Healthy
181157076.jpg,4,Healthy
2634977381.jpg,3,Cassava Mosaic Disease (CMD)
2467507498.jpg,3,Cassava Mosaic Disease (CMD)
726108789.jpg,1,Cassava Brown Streak Disease (CBSD)
84878474.jpg,3,Cassava Mosaic Disease (CMD)
3298994120.jpg,0,Cassava Bacterial Blight (CBB)
208832652.jpg,3,Cassava Mosaic Disease (CMD)
3636648343.jpg,3,Cassava Mosaic Disease (CMD)
2263722184.jpg,3,Cassava Mosaic Disease (CMD)
2913981436.jpg,1,Cassava Brown Streak Disease (CBSD)
978877878.jpg,3,Cassava Mosaic Disease (CMD)
3498042875.jpg,3,Cassava Mosaic Disease (CMD)
3476081387.jpg,0,Cassava Bacterial Blight (CBB)
2139098348.jpg,3,Cassava Mosaic Disease (CMD)
1889645110.jpg,3,Cassava Mosaic Disease (CMD)
1950600545.jpg,3,Cassava Mosaic Disease (CMD)
3942244753.jpg,3,Cassava Mosaic Disease (CMD)
4057831785.jpg,3,Cassava Mosaic Disease (CMD)
2993551637.jpg,3,Cassava Mosaic Disease (CMD)
779704473.jpg,3,Cassava Mosaic Disease (CMD)
4227756572.jpg,3,Cassava Mosaic Disease (CMD)
3647297248.jpg,3,Cassava Mosaic Disease (CMD)
3884189662.jpg,1,Cassava Brown Streak Disease (CBSD)
234496003.jpg,3,Cassava Mosaic Disease (CMD)
3208777969.jpg,3,Cassava Mosaic Disease (CMD)
2690440092.jpg,3,Cassava Mosaic Disease (CMD)
3722009865.jpg,2,Cassava Green Mottle (CGM)
3594689734.jpg,1,Cassava Brown Streak Disease (CBSD)
1708792236.jpg,2,Cassava Green Mottle (CGM)
376083914.jpg,3,Cassava Mosaic Disease (CMD)
2114705493.jpg,3,Cassava Mosaic Disease (CMD)
3891613214.jpg,3,Cassava Mosaic Disease (CMD)
2970264073.jpg,4,Healthy
631607680.jpg,4,Healthy
2759146229.jpg,1,Cassava Brown Streak Disease (CBSD)
187887606.jpg,3,Cassava Mosaic Disease (CMD)
2377529094.jpg,3,Cassava Mosaic Disease (CMD)
2049510277.jpg,3,Cassava Mosaic Disease (CMD)
2174889455.jpg,1,Cassava Brown Streak Disease (CBSD)
2322452117.jpg,3,Cassava Mosaic Disease (CMD)
828383067.jpg,3,Cassava Mosaic Disease (CMD)
1931631736.jpg,3,Cassava Mosaic Disease (CMD)
3962294427.jpg,3,Cassava Mosaic Disease (CMD)
4212642108.jpg,3,Cassava Mosaic Disease (CMD)
307876354.jpg,3,Cassava Mosaic Disease (CMD)
738338306.jpg,2,Cassava Green Mottle (CGM)
1893029476.jpg,2,Cassava Green Mottle (CGM)
3079888701.jpg,4,Healthy
3112551122.jpg,3,Cassava Mosaic Disease (CMD)
2689481411.jpg,2,Cassava Green Mottle (CGM)
3335580523.jpg,3,Cassava Mosaic Disease (CMD)
2877032779.jpg,3,Cassava Mosaic Disease (CMD)
611507457.jpg,3,Cassava Mosaic Disease (CMD)
385046246.jpg,4,Healthy
3327540813.jpg,3,Cassava Mosaic Disease (CMD)
2555433348.jpg,0,Cassava Bacterial Blight (CBB)
4225259568.jpg,2,Cassava Green Mottle (CGM)
489859226.jpg,3,Cassava Mosaic Disease (CMD)
3287300042.jpg,3,Cassava Mosaic Disease (CMD)
3851259457.jpg,3,Cassava Mosaic Disease (CMD)
4126019985.jpg,3,Cassava Mosaic Disease (CMD)
392932902.jpg,3,Cassava Mosaic Disease (CMD)
270386050.jpg,1,Cassava Brown Streak Disease (CBSD)
2032441634.jpg,3,Cassava Mosaic Disease (CMD)
662783465.jpg,2,Cassava Green Mottle (CGM)
631746612.jpg,3,Cassava Mosaic Disease (CMD)
3778585395.jpg,0,Cassava Bacterial Blight (CBB)
271724485.jpg,3,Cassava Mosaic Disease (CMD)
731084892.jpg,3,Cassava Mosaic Disease (CMD)
4202098451.jpg,3,Cassava Mosaic Disease (CMD)
2474385687.jpg,2,Cassava Green Mottle (CGM)
2653092878.jpg,1,Cassava Brown Streak Disease (CBSD)
2837017211.jpg,3,Cassava Mosaic Disease (CMD)
2763501516.jpg,4,Healthy
3455944883.jpg,3,Cassava Mosaic Disease (CMD)
3656932751.jpg,3,Cassava Mosaic Disease (CMD)
1654717395.jpg,1,Cassava Brown Streak Disease (CBSD)
3414355940.jpg,3,Cassava Mosaic Disease (CMD)
3412879833.jpg,3,Cassava Mosaic Disease (CMD)
2003717343.jpg,3,Cassava Mosaic Disease (CMD)
2350937039.jpg,3,Cassava Mosaic Disease (CMD)
4192503187.jpg,4,Healthy
1860286879.jpg,3,Cassava Mosaic Disease (CMD)
3706807921.jpg,3,Cassava Mosaic Disease (CMD)
491516744.jpg,3,Cassava Mosaic Disease (CMD)
386509907.jpg,3,Cassava Mosaic Disease (CMD)
3537549143.jpg,2,Cassava Green Mottle (CGM)
738403041.jpg,3,Cassava Mosaic Disease (CMD)
2963193428.jpg,2,Cassava Green Mottle (CGM)
3251464072.jpg,0,Cassava Bacterial Blight (CBB)
458078692.jpg,2,Cassava Green Mottle (CGM)
787914923.jpg,3,Cassava Mosaic Disease (CMD)
787415998.jpg,3,Cassava Mosaic Disease (CMD)
652381513.jpg,4,Healthy
428641617.jpg,3,Cassava Mosaic Disease (CMD)
2550504430.jpg,3,Cassava Mosaic Disease (CMD)
3111312039.jpg,0,Cassava Bacterial Blight (CBB)
3837168774.jpg,3,Cassava Mosaic Disease (CMD)
3390815225.jpg,3,Cassava Mosaic Disease (CMD)
3785398427.jpg,3,Cassava Mosaic Disease (CMD)
3283953318.jpg,3,Cassava Mosaic Disease (CMD)
3315868108.jpg,2,Cassava Green Mottle (CGM)
2315547753.jpg,3,Cassava Mosaic Disease (CMD)
4166481906.jpg,3,Cassava Mosaic Disease (CMD)
2964319583.jpg,2,Cassava Green Mottle (CGM)
1668517699.jpg,3,Cassava Mosaic Disease (CMD)
2796965333.jpg,2,Cassava Green Mottle (CGM)
4179147529.jpg,2,Cassava Green Mottle (CGM)
3993385288.jpg,3,Cassava Mosaic Disease (CMD)
3727711580.jpg,0,Cassava Bacterial Blight (CBB)
511993936.jpg,3,Cassava Mosaic Disease (CMD)
2380213593.jpg,3,Cassava Mosaic Disease (CMD)
2797119560.jpg,1,Cassava Brown Streak Disease (CBSD)
1703706380.jpg,3,Cassava Mosaic Disease (CMD)
395071544.jpg,3,Cassava Mosaic Disease (CMD)
284703051.jpg,3,Cassava Mosaic Disease (CMD)
4210262767.jpg,3,Cassava Mosaic Disease (CMD)
2874755913.jpg,1,Cassava Brown Streak Disease (CBSD)
3151771502.jpg,4,Healthy
1786966899.jpg,2,Cassava Green Mottle (CGM)
2419833907.jpg,3,Cassava Mosaic Disease (CMD)
3100925014.jpg,2,Cassava Green Mottle (CGM)
2247714957.jpg,3,Cassava Mosaic Disease (CMD)
178880482.jpg,1,Cassava Brown Streak Disease (CBSD)
3210631434.jpg,3,Cassava Mosaic Disease (CMD)
2484133186.jpg,3,Cassava Mosaic Disease (CMD)
2345756157.jpg,3,Cassava Mosaic Disease (CMD)
4077296935.jpg,3,Cassava Mosaic Disease (CMD)
523005537.jpg,2,Cassava Green Mottle (CGM)
3420596297.jpg,3,Cassava Mosaic Disease (CMD)
3766633636.jpg,3,Cassava Mosaic Disease (CMD)
384188814.jpg,3,Cassava Mosaic Disease (CMD)
2405788205.jpg,3,Cassava Mosaic Disease (CMD)
3410127077.jpg,3,Cassava Mosaic Disease (CMD)
731638651.jpg,1,Cassava Brown Streak Disease (CBSD)
1633915236.jpg,3,Cassava Mosaic Disease (CMD)
2504999167.jpg,2,Cassava Green Mottle (CGM)
887146964.jpg,3,Cassava Mosaic Disease (CMD)
718497528.jpg,3,Cassava Mosaic Disease (CMD)
2375481276.jpg,3,Cassava Mosaic Disease (CMD)
2655421163.jpg,3,Cassava Mosaic Disease (CMD)
1867813812.jpg,3,Cassava Mosaic Disease (CMD)
3393105874.jpg,3,Cassava Mosaic Disease (CMD)
2851303164.jpg,3,Cassava Mosaic Disease (CMD)
3672037226.jpg,3,Cassava Mosaic Disease (CMD)
271476436.jpg,2,Cassava Green Mottle (CGM)
448572806.jpg,3,Cassava Mosaic Disease (CMD)
275483010.jpg,2,Cassava Green Mottle (CGM)
2856023827.jpg,4,Healthy
1672278080.jpg,1,Cassava Brown Streak Disease (CBSD)
608264330.jpg,3,Cassava Mosaic Disease (CMD)
3354660448.jpg,2,Cassava Green Mottle (CGM)
2020316651.jpg,1,Cassava Brown Streak Disease (CBSD)
752076516.jpg,1,Cassava Brown Streak Disease (CBSD)
858147094.jpg,3,Cassava Mosaic Disease (CMD)
4083644073.jpg,3,Cassava Mosaic Disease (CMD)
3025655144.jpg,3,Cassava Mosaic Disease (CMD)
347892415.jpg,2,Cassava Green Mottle (CGM)
364372778.jpg,2,Cassava Green Mottle (CGM)
600110842.jpg,4,Healthy
787314434.jpg,3,Cassava Mosaic Disease (CMD)
189256302.jpg,1,Cassava Brown Streak Disease (CBSD)
701698487.jpg,3,Cassava Mosaic Disease (CMD)
99056821.jpg,4,Healthy
2244163823.jpg,3,Cassava Mosaic Disease (CMD)
3995498206.jpg,3,Cassava Mosaic Disease (CMD)
4070631340.jpg,3,Cassava Mosaic Disease (CMD)
863550761.jpg,3,Cassava Mosaic Disease (CMD)
2658720625.jpg,3,Cassava Mosaic Disease (CMD)
2811111039.jpg,1,Cassava Brown Streak Disease (CBSD)
166688569.jpg,3,Cassava Mosaic Disease (CMD)
3912538989.jpg,2,Cassava Green Mottle (CGM)
3123708158.jpg,3,Cassava Mosaic Disease (CMD)
2868204767.jpg,4,Healthy
2974509713.jpg,2,Cassava Green Mottle (CGM)
3283916939.jpg,3,Cassava Mosaic Disease (CMD)
350584113.jpg,4,Healthy
3555472303.jpg,3,Cassava Mosaic Disease (CMD)
3904151501.jpg,3,Cassava Mosaic Disease (CMD)
3181362955.jpg,3,Cassava Mosaic Disease (CMD)
2717912597.jpg,4,Healthy
4126694609.jpg,2,Cassava Green Mottle (CGM)
4243068188.jpg,4,Healthy
4177200098.jpg,3,Cassava Mosaic Disease (CMD)
3278317596.jpg,3,Cassava Mosaic Disease (CMD)
1983700574.jpg,3,Cassava Mosaic Disease (CMD)
2919968611.jpg,3,Cassava Mosaic Disease (CMD)
3269939470.jpg,1,Cassava Brown Streak Disease (CBSD)
2611538307.jpg,3,Cassava Mosaic Disease (CMD)
2216965382.jpg,3,Cassava Mosaic Disease (CMD)
418261395.jpg,3,Cassava Mosaic Disease (CMD)
552242420.jpg,0,Cassava Bacterial Blight (CBB)
3442647074.jpg,3,Cassava Mosaic Disease (CMD)
2115515085.jpg,3,Cassava Mosaic Disease (CMD)
2467873111.jpg,3,Cassava Mosaic Disease (CMD)
4048519217.jpg,1,Cassava Brown Streak Disease (CBSD)
3188367087.jpg,4,Healthy
3855787297.jpg,4,Healthy
78106943.jpg,3,Cassava Mosaic Disease (CMD)
3440654667.jpg,3,Cassava Mosaic Disease (CMD)
3813128079.jpg,0,Cassava Bacterial Blight (CBB)
253418223.jpg,0,Cassava Bacterial Blight (CBB)
2211468159.jpg,3,Cassava Mosaic Disease (CMD)
1622568975.jpg,1,Cassava Brown Streak Disease (CBSD)
673868311.jpg,4,Healthy
208826492.jpg,3,Cassava Mosaic Disease (CMD)
2569914912.jpg,3,Cassava Mosaic Disease (CMD)
295276903.jpg,3,Cassava Mosaic Disease (CMD)
846734911.jpg,3,Cassava Mosaic Disease (CMD)
508678905.jpg,1,Cassava Brown Streak Disease (CBSD)
3956077728.jpg,1,Cassava Brown Streak Disease (CBSD)
1773462617.jpg,3,Cassava Mosaic Disease (CMD)
1690647938.jpg,3,Cassava Mosaic Disease (CMD)
465394840.jpg,1,Cassava Brown Streak Disease (CBSD)
1962633596.jpg,1,Cassava Brown Streak Disease (CBSD)
3189838386.jpg,3,Cassava Mosaic Disease (CMD)
2280080909.jpg,2,Cassava Green Mottle (CGM)
1784226798.jpg,3,Cassava Mosaic Disease (CMD)
3725011137.jpg,3,Cassava Mosaic Disease (CMD)
4045015795.jpg,2,Cassava Green Mottle (CGM)
1720615877.jpg,3,Cassava Mosaic Disease (CMD)
4121034467.jpg,3,Cassava Mosaic Disease (CMD)
2791972986.jpg,1,Cassava Brown Streak Disease (CBSD)
3548238505.jpg,1,Cassava Brown Streak Disease (CBSD)
3176671585.jpg,0,Cassava Bacterial Blight (CBB)
3491318122.jpg,4,Healthy
846141770.jpg,2,Cassava Green Mottle (CGM)
2084139110.jpg,1,Cassava Brown Streak Disease (CBSD)
729230062.jpg,4,Healthy
3605939235.jpg,3,Cassava Mosaic Disease (CMD)
3338591847.jpg,3,Cassava Mosaic Disease (CMD)
440065824.jpg,3,Cassava Mosaic Disease (CMD)
180953127.jpg,3,Cassava Mosaic Disease (CMD)
4288369732.jpg,0,Cassava Bacterial Blight (CBB)
3151426165.jpg,3,Cassava Mosaic Disease (CMD)
2603692394.jpg,2,Cassava Green Mottle (CGM)
4144053251.jpg,4,Healthy
3315347026.jpg,3,Cassava Mosaic Disease (CMD)
3225508752.jpg,3,Cassava Mosaic Disease (CMD)
3136225085.jpg,2,Cassava Green Mottle (CGM)
1798415301.jpg,3,Cassava Mosaic Disease (CMD)
3927648973.jpg,3,Cassava Mosaic Disease (CMD)
1889796065.jpg,4,Healthy
2260280582.jpg,3,Cassava Mosaic Disease (CMD)
3252199883.jpg,3,Cassava Mosaic Disease (CMD)
636948047.jpg,4,Healthy
3273515631.jpg,3,Cassava Mosaic Disease (CMD)
3008507747.jpg,3,Cassava Mosaic Disease (CMD)
346303870.jpg,0,Cassava Bacterial Blight (CBB)
1999385559.jpg,3,Cassava Mosaic Disease (CMD)
343243475.jpg,3,Cassava Mosaic Disease (CMD)
2908850591.jpg,4,Healthy
3685763970.jpg,3,Cassava Mosaic Disease (CMD)
302050048.jpg,3,Cassava Mosaic Disease (CMD)
210587421.jpg,3,Cassava Mosaic Disease (CMD)
2855378475.jpg,3,Cassava Mosaic Disease (CMD)
337193250.jpg,0,Cassava Bacterial Blight (CBB)
1720740860.jpg,3,Cassava Mosaic Disease (CMD)
4124483418.jpg,3,Cassava Mosaic Disease (CMD)
884360889.jpg,3,Cassava Mosaic Disease (CMD)
3124629951.jpg,3,Cassava Mosaic Disease (CMD)
1778392170.jpg,2,Cassava Green Mottle (CGM)
2618036565.jpg,3,Cassava Mosaic Disease (CMD)
4256968855.jpg,3,Cassava Mosaic Disease (CMD)
872771572.jpg,2,Cassava Green Mottle (CGM)
1738379259.jpg,4,Healthy
2249361509.jpg,4,Healthy
779284958.jpg,3,Cassava Mosaic Disease (CMD)
742410118.jpg,3,Cassava Mosaic Disease (CMD)
215365070.jpg,3,Cassava Mosaic Disease (CMD)
2059987520.jpg,3,Cassava Mosaic Disease (CMD)
564364376.jpg,3,Cassava Mosaic Disease (CMD)
2272862732.jpg,3,Cassava Mosaic Disease (CMD)
566469674.jpg,2,Cassava Green Mottle (CGM)
725248159.jpg,3,Cassava Mosaic Disease (CMD)
3080597260.jpg,2,Cassava Green Mottle (CGM)
4034495674.jpg,1,Cassava Brown Streak Disease (CBSD)
3719137724.jpg,3,Cassava Mosaic Disease (CMD)
226557134.jpg,3,Cassava Mosaic Disease (CMD)
3290949725.jpg,0,Cassava Bacterial Blight (CBB)
2265156316.jpg,0,Cassava Bacterial Blight (CBB)
1632258226.jpg,3,Cassava Mosaic Disease (CMD)
1845187403.jpg,3,Cassava Mosaic Disease (CMD)
1990916295.jpg,0,Cassava Bacterial Blight (CBB)
760603911.jpg,3,Cassava Mosaic Disease (CMD)
1969745118.jpg,3,Cassava Mosaic Disease (CMD)
476858432.jpg,0,Cassava Bacterial Blight (CBB)
2989225122.jpg,3,Cassava Mosaic Disease (CMD)
2986003040.jpg,3,Cassava Mosaic Disease (CMD)
3434116989.jpg,4,Healthy
940055437.jpg,4,Healthy
872856215.jpg,3,Cassava Mosaic Disease (CMD)
2087904046.jpg,3,Cassava Mosaic Disease (CMD)
2062422141.jpg,3,Cassava Mosaic Disease (CMD)
3773184372.jpg,4,Healthy
2113987713.jpg,3,Cassava Mosaic Disease (CMD)
4144134428.jpg,3,Cassava Mosaic Disease (CMD)
4119019208.jpg,3,Cassava Mosaic Disease (CMD)
997485103.jpg,3,Cassava Mosaic Disease (CMD)
3435885572.jpg,0,Cassava Bacterial Blight (CBB)
1659081680.jpg,3,Cassava Mosaic Disease (CMD)
3068359463.jpg,3,Cassava Mosaic Disease (CMD)
3816763003.jpg,3,Cassava Mosaic Disease (CMD)
3645381564.jpg,4,Healthy
3638291703.jpg,3,Cassava Mosaic Disease (CMD)
3633084327.jpg,3,Cassava Mosaic Disease (CMD)
3537514783.jpg,3,Cassava Mosaic Disease (CMD)
2536523120.jpg,2,Cassava Green Mottle (CGM)
1774492072.jpg,0,Cassava Bacterial Blight (CBB)
2351109421.jpg,3,Cassava Mosaic Disease (CMD)
1991311917.jpg,4,Healthy
3880993061.jpg,3,Cassava Mosaic Disease (CMD)
3701326787.jpg,3,Cassava Mosaic Disease (CMD)
2902102449.jpg,3,Cassava Mosaic Disease (CMD)
3218230383.jpg,2,Cassava Green Mottle (CGM)
1881994461.jpg,0,Cassava Bacterial Blight (CBB)
3213202083.jpg,3,Cassava Mosaic Disease (CMD)
1855207168.jpg,3,Cassava Mosaic Disease (CMD)
2118257089.jpg,3,Cassava Mosaic Disease (CMD)
2028754685.jpg,1,Cassava Brown Streak Disease (CBSD)
645203852.jpg,2,Cassava Green Mottle (CGM)
2428200462.jpg,3,Cassava Mosaic Disease (CMD)
863348541.jpg,3,Cassava Mosaic Disease (CMD)
3977320696.jpg,1,Cassava Brown Streak Disease (CBSD)
4077418003.jpg,3,Cassava Mosaic Disease (CMD)
2551245450.jpg,4,Healthy
743721638.jpg,3,Cassava Mosaic Disease (CMD)
1654496299.jpg,2,Cassava Green Mottle (CGM)
2561181055.jpg,3,Cassava Mosaic Disease (CMD)
45753456.jpg,3,Cassava Mosaic Disease (CMD)
514376645.jpg,3,Cassava Mosaic Disease (CMD)
4284057693.jpg,3,Cassava Mosaic Disease (CMD)
3671497223.jpg,3,Cassava Mosaic Disease (CMD)
4223297410.jpg,2,Cassava Green Mottle (CGM)
936438569.jpg,1,Cassava Brown Streak Disease (CBSD)
839547710.jpg,3,Cassava Mosaic Disease (CMD)
3452368233.jpg,3,Cassava Mosaic Disease (CMD)
940080842.jpg,3,Cassava Mosaic Disease (CMD)
3482378150.jpg,3,Cassava Mosaic Disease (CMD)
447847284.jpg,2,Cassava Green Mottle (CGM)
3656419119.jpg,0,Cassava Bacterial Blight (CBB)
2468056909.jpg,3,Cassava Mosaic Disease (CMD)
2462086186.jpg,3,Cassava Mosaic Disease (CMD)
339511319.jpg,1,Cassava Brown Streak Disease (CBSD)
3131524704.jpg,1,Cassava Brown Streak Disease (CBSD)
3013359895.jpg,3,Cassava Mosaic Disease (CMD)
2505962456.jpg,3,Cassava Mosaic Disease (CMD)
35835458.jpg,3,Cassava Mosaic Disease (CMD)
408355226.jpg,3,Cassava Mosaic Disease (CMD)
1593622565.jpg,3,Cassava Mosaic Disease (CMD)
854018271.jpg,1,Cassava Brown Streak Disease (CBSD)
1650313956.jpg,3,Cassava Mosaic Disease (CMD)
2663554074.jpg,3,Cassava Mosaic Disease (CMD)
3996218398.jpg,3,Cassava Mosaic Disease (CMD)
3554706720.jpg,1,Cassava Brown Streak Disease (CBSD)
4038344014.jpg,3,Cassava Mosaic Disease (CMD)
897739604.jpg,3,Cassava Mosaic Disease (CMD)
3301808128.jpg,3,Cassava Mosaic Disease (CMD)
2727099306.jpg,3,Cassava Mosaic Disease (CMD)
1878603606.jpg,3,Cassava Mosaic Disease (CMD)
3596852477.jpg,3,Cassava Mosaic Disease (CMD)
3670635448.jpg,2,Cassava Green Mottle (CGM)
421638370.jpg,3,Cassava Mosaic Disease (CMD)
4059009090.jpg,0,Cassava Bacterial Blight (CBB)
2294882999.jpg,3,Cassava Mosaic Disease (CMD)
2270358342.jpg,3,Cassava Mosaic Disease (CMD)
1716624232.jpg,3,Cassava Mosaic Disease (CMD)
3498150363.jpg,2,Cassava Green Mottle (CGM)
2446390105.jpg,3,Cassava Mosaic Disease (CMD)
898753077.jpg,3,Cassava Mosaic Disease (CMD)
2351469518.jpg,3,Cassava Mosaic Disease (CMD)
686958649.jpg,1,Cassava Brown Streak Disease (CBSD)
746746526.jpg,1,Cassava Brown Streak Disease (CBSD)
2278166989.jpg,1,Cassava Brown Streak Disease (CBSD)
823280173.jpg,3,Cassava Mosaic Disease (CMD)
4194395982.jpg,3,Cassava Mosaic Disease (CMD)
2457404086.jpg,3,Cassava Mosaic Disease (CMD)
2242503873.jpg,3,Cassava Mosaic Disease (CMD)
3816188384.jpg,3,Cassava Mosaic Disease (CMD)
29080398.jpg,3,Cassava Mosaic Disease (CMD)
2848007232.jpg,3,Cassava Mosaic Disease (CMD)
1622070201.jpg,2,Cassava Green Mottle (CGM)
884573629.jpg,3,Cassava Mosaic Disease (CMD)
4251608120.jpg,2,Cassava Green Mottle (CGM)
511472935.jpg,4,Healthy
461517299.jpg,3,Cassava Mosaic Disease (CMD)
3419496365.jpg,3,Cassava Mosaic Disease (CMD)
694387219.jpg,1,Cassava Brown Streak Disease (CBSD)
203075136.jpg,2,Cassava Green Mottle (CGM)
833453231.jpg,3,Cassava Mosaic Disease (CMD)
2676091424.jpg,3,Cassava Mosaic Disease (CMD)
3376371946.jpg,3,Cassava Mosaic Disease (CMD)
3751970579.jpg,3,Cassava Mosaic Disease (CMD)
2481691686.jpg,3,Cassava Mosaic Disease (CMD)
814185128.jpg,3,Cassava Mosaic Disease (CMD)
4186901068.jpg,3,Cassava Mosaic Disease (CMD)
3519042554.jpg,3,Cassava Mosaic Disease (CMD)
4279357084.jpg,3,Cassava Mosaic Disease (CMD)
2425385872.jpg,3,Cassava Mosaic Disease (CMD)
2064529851.jpg,4,Healthy
3138454359.jpg,1,Cassava Brown Streak Disease (CBSD)
2453131075.jpg,3,Cassava Mosaic Disease (CMD)
4204029505.jpg,1,Cassava Brown Streak Disease (CBSD)
2192563382.jpg,1,Cassava Brown Streak Disease (CBSD)
3345615928.jpg,4,Healthy
2221731773.jpg,3,Cassava Mosaic Disease (CMD)
3934500328.jpg,3,Cassava Mosaic Disease (CMD)
1812865076.jpg,3,Cassava Mosaic Disease (CMD)
3660503479.jpg,3,Cassava Mosaic Disease (CMD)
3517084381.jpg,3,Cassava Mosaic Disease (CMD)
744619434.jpg,2,Cassava Green Mottle (CGM)
3118711567.jpg,3,Cassava Mosaic Disease (CMD)
3319706331.jpg,3,Cassava Mosaic Disease (CMD)
3513397687.jpg,4,Healthy
3365043679.jpg,3,Cassava Mosaic Disease (CMD)
4145595052.jpg,0,Cassava Bacterial Blight (CBB)
2358788534.jpg,3,Cassava Mosaic Disease (CMD)
632697564.jpg,4,Healthy
3065261099.jpg,3,Cassava Mosaic Disease (CMD)
3767375469.jpg,3,Cassava Mosaic Disease (CMD)
2629586169.jpg,3,Cassava Mosaic Disease (CMD)
950886267.jpg,3,Cassava Mosaic Disease (CMD)
4007234267.jpg,4,Healthy
2884361.jpg,3,Cassava Mosaic Disease (CMD)
2818838950.jpg,4,Healthy
2220363674.jpg,3,Cassava Mosaic Disease (CMD)
1609127882.jpg,3,Cassava Mosaic Disease (CMD)
2875803913.jpg,4,Healthy
184050144.jpg,3,Cassava Mosaic Disease (CMD)
435404397.jpg,3,Cassava Mosaic Disease (CMD)
2761769890.jpg,0,Cassava Bacterial Blight (CBB)
369451134.jpg,3,Cassava Mosaic Disease (CMD)
3739533156.jpg,3,Cassava Mosaic Disease (CMD)
2637371791.jpg,3,Cassava Mosaic Disease (CMD)
2944944834.jpg,1,Cassava Brown Streak Disease (CBSD)
1952962919.jpg,3,Cassava Mosaic Disease (CMD)
3674440571.jpg,3,Cassava Mosaic Disease (CMD)
3456366970.jpg,3,Cassava Mosaic Disease (CMD)
838136657.jpg,1,Cassava Brown Streak Disease (CBSD)
3885060393.jpg,3,Cassava Mosaic Disease (CMD)
3776477330.jpg,3,Cassava Mosaic Disease (CMD)
2565456267.jpg,3,Cassava Mosaic Disease (CMD)
4077715021.jpg,3,Cassava Mosaic Disease (CMD)
425031851.jpg,1,Cassava Brown Streak Disease (CBSD)
501394346.jpg,3,Cassava Mosaic Disease (CMD)
2690529206.jpg,3,Cassava Mosaic Disease (CMD)
2773760127.jpg,3,Cassava Mosaic Disease (CMD)
2085145602.jpg,3,Cassava Mosaic Disease (CMD)
980401006.jpg,1,Cassava Brown Streak Disease (CBSD)
4029027750.jpg,1,Cassava Brown Streak Disease (CBSD)
287277313.jpg,3,Cassava Mosaic Disease (CMD)
1613469030.jpg,3,Cassava Mosaic Disease (CMD)
3115512885.jpg,3,Cassava Mosaic Disease (CMD)
2252494012.jpg,3,Cassava Mosaic Disease (CMD)
2941619919.jpg,1,Cassava Brown Streak Disease (CBSD)
171546937.jpg,0,Cassava Bacterial Blight (CBB)
3580388018.jpg,3,Cassava Mosaic Disease (CMD)
3563080812.jpg,3,Cassava Mosaic Disease (CMD)
3847276001.jpg,3,Cassava Mosaic Disease (CMD)
3924598099.jpg,4,Healthy
2199495585.jpg,3,Cassava Mosaic Disease (CMD)
730246469.jpg,3,Cassava Mosaic Disease (CMD)
498928968.jpg,3,Cassava Mosaic Disease (CMD)
3973123989.jpg,4,Healthy
1784587371.jpg,3,Cassava Mosaic Disease (CMD)
1860121418.jpg,0,Cassava Bacterial Blight (CBB)
1940940893.jpg,3,Cassava Mosaic Disease (CMD)
2773454167.jpg,3,Cassava Mosaic Disease (CMD)
3963917355.jpg,4,Healthy
259935954.jpg,3,Cassava Mosaic Disease (CMD)
3214730186.jpg,0,Cassava Bacterial Blight (CBB)
3318141754.jpg,3,Cassava Mosaic Disease (CMD)
399652571.jpg,3,Cassava Mosaic Disease (CMD)
4077473431.jpg,3,Cassava Mosaic Disease (CMD)
2182290921.jpg,3,Cassava Mosaic Disease (CMD)
3346469766.jpg,0,Cassava Bacterial Blight (CBB)
2200310457.jpg,3,Cassava Mosaic Disease (CMD)
2580494027.jpg,3,Cassava Mosaic Disease (CMD)
2501317997.jpg,3,Cassava Mosaic Disease (CMD)
1995081893.jpg,3,Cassava Mosaic Disease (CMD)
800250438.jpg,2,Cassava Green Mottle (CGM)
1667611388.jpg,3,Cassava Mosaic Disease (CMD)
1800555547.jpg,4,Healthy
65235972.jpg,3,Cassava Mosaic Disease (CMD)
2548685396.jpg,3,Cassava Mosaic Disease (CMD)
2985727517.jpg,1,Cassava Brown Streak Disease (CBSD)
4250210058.jpg,0,Cassava Bacterial Blight (CBB)
3533888163.jpg,1,Cassava Brown Streak Disease (CBSD)
168669351.jpg,2,Cassava Green Mottle (CGM)
2439590243.jpg,3,Cassava Mosaic Disease (CMD)
3298030379.jpg,3,Cassava Mosaic Disease (CMD)
2517886077.jpg,3,Cassava Mosaic Disease (CMD)
3850927712.jpg,3,Cassava Mosaic Disease (CMD)
2012036161.jpg,0,Cassava Bacterial Blight (CBB)
625604215.jpg,3,Cassava Mosaic Disease (CMD)
1765114818.jpg,2,Cassava Green Mottle (CGM)
2646034653.jpg,4,Healthy
2190269149.jpg,3,Cassava Mosaic Disease (CMD)
2514027748.jpg,3,Cassava Mosaic Disease (CMD)
4089661162.jpg,3,Cassava Mosaic Disease (CMD)
3489692619.jpg,0,Cassava Bacterial Blight (CBB)
2571196275.jpg,3,Cassava Mosaic Disease (CMD)
769621297.jpg,2,Cassava Green Mottle (CGM)
3704210007.jpg,4,Healthy
776814328.jpg,3,Cassava Mosaic Disease (CMD)
810720134.jpg,3,Cassava Mosaic Disease (CMD)
3732297086.jpg,3,Cassava Mosaic Disease (CMD)
3077943702.jpg,3,Cassava Mosaic Disease (CMD)
3464808111.jpg,1,Cassava Brown Streak Disease (CBSD)
1983581913.jpg,1,Cassava Brown Streak Disease (CBSD)
2111990467.jpg,1,Cassava Brown Streak Disease (CBSD)
2118210458.jpg,3,Cassava Mosaic Disease (CMD)
2947901337.jpg,3,Cassava Mosaic Disease (CMD)
3912822365.jpg,3,Cassava Mosaic Disease (CMD)
3781411547.jpg,1,Cassava Brown Streak Disease (CBSD)
3924533072.jpg,3,Cassava Mosaic Disease (CMD)
1765374655.jpg,2,Cassava Green Mottle (CGM)
179052943.jpg,3,Cassava Mosaic Disease (CMD)
2166665213.jpg,3,Cassava Mosaic Disease (CMD)
3160420933.jpg,3,Cassava Mosaic Disease (CMD)
1599665158.jpg,4,Healthy
4218379987.jpg,2,Cassava Green Mottle (CGM)
313005954.jpg,3,Cassava Mosaic Disease (CMD)
4098892948.jpg,3,Cassava Mosaic Disease (CMD)
3166562991.jpg,3,Cassava Mosaic Disease (CMD)
1600742587.jpg,2,Cassava Green Mottle (CGM)
910870110.jpg,4,Healthy
790473247.jpg,2,Cassava Green Mottle (CGM)
3738618109.jpg,4,Healthy
2120206845.jpg,4,Healthy
2795551857.jpg,3,Cassava Mosaic Disease (CMD)
1816728195.jpg,3,Cassava Mosaic Disease (CMD)
3445006321.jpg,2,Cassava Green Mottle (CGM)
2813586418.jpg,1,Cassava Brown Streak Disease (CBSD)
952303505.jpg,4,Healthy
4084209845.jpg,3,Cassava Mosaic Disease (CMD)
27376313.jpg,3,Cassava Mosaic Disease (CMD)
3471100023.jpg,3,Cassava Mosaic Disease (CMD)
4088770277.jpg,0,Cassava Bacterial Blight (CBB)
845926406.jpg,2,Cassava Green Mottle (CGM)
425678500.jpg,1,Cassava Brown Streak Disease (CBSD)
3643017082.jpg,4,Healthy
779799514.jpg,4,Healthy
2618441199.jpg,4,Healthy
16429963.jpg,3,Cassava Mosaic Disease (CMD)
3809986981.jpg,3,Cassava Mosaic Disease (CMD)
3469950332.jpg,3,Cassava Mosaic Disease (CMD)
2800998571.jpg,3,Cassava Mosaic Disease (CMD)
3732078716.jpg,3,Cassava Mosaic Disease (CMD)
87653700.jpg,3,Cassava Mosaic Disease (CMD)
230143861.jpg,3,Cassava Mosaic Disease (CMD)
469627647.jpg,3,Cassava Mosaic Disease (CMD)
348412624.jpg,3,Cassava Mosaic Disease (CMD)
516331845.jpg,4,Healthy
210902208.jpg,3,Cassava Mosaic Disease (CMD)
3586867158.jpg,3,Cassava Mosaic Disease (CMD)
409474529.jpg,3,Cassava Mosaic Disease (CMD)
3336095258.jpg,4,Healthy
3439535328.jpg,3,Cassava Mosaic Disease (CMD)
4056695916.jpg,4,Healthy
2481096927.jpg,2,Cassava Green Mottle (CGM)
1946046925.jpg,3,Cassava Mosaic Disease (CMD)
1866140496.jpg,3,Cassava Mosaic Disease (CMD)
2411287433.jpg,3,Cassava Mosaic Disease (CMD)
3931486036.jpg,3,Cassava Mosaic Disease (CMD)
2405303005.jpg,3,Cassava Mosaic Disease (CMD)
3624585.jpg,4,Healthy
4028806922.jpg,3,Cassava Mosaic Disease (CMD)
4170665280.jpg,3,Cassava Mosaic Disease (CMD)
2722061896.jpg,3,Cassava Mosaic Disease (CMD)
79867712.jpg,0,Cassava Bacterial Blight (CBB)
2569151619.jpg,3,Cassava Mosaic Disease (CMD)
3203913963.jpg,3,Cassava Mosaic Disease (CMD)
1649683387.jpg,1,Cassava Brown Streak Disease (CBSD)
1930611889.jpg,4,Healthy
3184759653.jpg,0,Cassava Bacterial Blight (CBB)
3204065904.jpg,3,Cassava Mosaic Disease (CMD)
2310151729.jpg,3,Cassava Mosaic Disease (CMD)
2620708986.jpg,3,Cassava Mosaic Disease (CMD)
3063789590.jpg,4,Healthy
3031973712.jpg,4,Healthy
3844964952.jpg,1,Cassava Brown Streak Disease (CBSD)
212528266.jpg,3,Cassava Mosaic Disease (CMD)
1730671477.jpg,2,Cassava Green Mottle (CGM)
2275987073.jpg,3,Cassava Mosaic Disease (CMD)
3465555642.jpg,0,Cassava Bacterial Blight (CBB)
324471712.jpg,3,Cassava Mosaic Disease (CMD)
441408374.jpg,3,Cassava Mosaic Disease (CMD)
2358762057.jpg,3,Cassava Mosaic Disease (CMD)
522854384.jpg,3,Cassava Mosaic Disease (CMD)
2984964143.jpg,2,Cassava Green Mottle (CGM)
3398058834.jpg,3,Cassava Mosaic Disease (CMD)
3888625899.jpg,1,Cassava Brown Streak Disease (CBSD)
636890802.jpg,3,Cassava Mosaic Disease (CMD)
3534426782.jpg,3,Cassava Mosaic Disease (CMD)
1997488168.jpg,3,Cassava Mosaic Disease (CMD)
3687069352.jpg,1,Cassava Brown Streak Disease (CBSD)
3755850035.jpg,2,Cassava Green Mottle (CGM)
3488764658.jpg,3,Cassava Mosaic Disease (CMD)
2430831157.jpg,3,Cassava Mosaic Disease (CMD)
3271077588.jpg,3,Cassava Mosaic Disease (CMD)
424168659.jpg,3,Cassava Mosaic Disease (CMD)
2079838648.jpg,4,Healthy
2868211687.jpg,4,Healthy
1836493445.jpg,3,Cassava Mosaic Disease (CMD)
167313296.jpg,0,Cassava Bacterial Blight (CBB)
2130944221.jpg,3,Cassava Mosaic Disease (CMD)
3802954808.jpg,3,Cassava Mosaic Disease (CMD)
3022052260.jpg,1,Cassava Brown Streak Disease (CBSD)
963168720.jpg,3,Cassava Mosaic Disease (CMD)
2623778604.jpg,3,Cassava Mosaic Disease (CMD)
728024398.jpg,4,Healthy
1975167712.jpg,2,Cassava Green Mottle (CGM)
3152107203.jpg,3,Cassava Mosaic Disease (CMD)
3308428199.jpg,2,Cassava Green Mottle (CGM)
2761327617.jpg,4,Healthy
3117063498.jpg,3,Cassava Mosaic Disease (CMD)
3786326071.jpg,3,Cassava Mosaic Disease (CMD)
4054194563.jpg,3,Cassava Mosaic Disease (CMD)
2406862248.jpg,3,Cassava Mosaic Disease (CMD)
1690277956.jpg,1,Cassava Brown Streak Disease (CBSD)
3846071178.jpg,2,Cassava Green Mottle (CGM)
680707413.jpg,4,Healthy
875582353.jpg,3,Cassava Mosaic Disease (CMD)
2506070849.jpg,2,Cassava Green Mottle (CGM)
254949924.jpg,3,Cassava Mosaic Disease (CMD)
2202131582.jpg,4,Healthy
2495314990.jpg,3,Cassava Mosaic Disease (CMD)
3008060354.jpg,3,Cassava Mosaic Disease (CMD)
792213146.jpg,3,Cassava Mosaic Disease (CMD)
2591214173.jpg,3,Cassava Mosaic Disease (CMD)
2429816530.jpg,0,Cassava Bacterial Blight (CBB)
2450545291.jpg,3,Cassava Mosaic Disease (CMD)
2059847463.jpg,3,Cassava Mosaic Disease (CMD)
94157515.jpg,3,Cassava Mosaic Disease (CMD)
354915584.jpg,3,Cassava Mosaic Disease (CMD)
61901680.jpg,3,Cassava Mosaic Disease (CMD)
4252192689.jpg,4,Healthy
218377.jpg,1,Cassava Brown Streak Disease (CBSD)
1938824069.jpg,2,Cassava Green Mottle (CGM)
943096902.jpg,3,Cassava Mosaic Disease (CMD)
2436022080.jpg,3,Cassava Mosaic Disease (CMD)
2028027958.jpg,4,Healthy
2534462886.jpg,3,Cassava Mosaic Disease (CMD)
2582401533.jpg,3,Cassava Mosaic Disease (CMD)
3762101778.jpg,3,Cassava Mosaic Disease (CMD)
2933422175.jpg,3,Cassava Mosaic Disease (CMD)
384773120.jpg,4,Healthy
2670985369.jpg,3,Cassava Mosaic Disease (CMD)
2764125609.jpg,2,Cassava Green Mottle (CGM)
2548839038.jpg,1,Cassava Brown Streak Disease (CBSD)
3131606113.jpg,4,Healthy
2984202132.jpg,3,Cassava Mosaic Disease (CMD)
3931679914.jpg,4,Healthy
3811396790.jpg,2,Cassava Green Mottle (CGM)
2186658480.jpg,2,Cassava Green Mottle (CGM)
944726140.jpg,3,Cassava Mosaic Disease (CMD)
2105027380.jpg,3,Cassava Mosaic Disease (CMD)
3652439351.jpg,3,Cassava Mosaic Disease (CMD)
2531023045.jpg,4,Healthy
3236314013.jpg,3,Cassava Mosaic Disease (CMD)
3047654615.jpg,3,Cassava Mosaic Disease (CMD)
1640860200.jpg,2,Cassava Green Mottle (CGM)
2704528948.jpg,2,Cassava Green Mottle (CGM)
3296434764.jpg,3,Cassava Mosaic Disease (CMD)
852886751.jpg,3,Cassava Mosaic Disease (CMD)
2948942886.jpg,1,Cassava Brown Streak Disease (CBSD)
2271308515.jpg,2,Cassava Green Mottle (CGM)
2137484049.jpg,3,Cassava Mosaic Disease (CMD)
472370398.jpg,3,Cassava Mosaic Disease (CMD)
924036255.jpg,4,Healthy
2948432936.jpg,2,Cassava Green Mottle (CGM)
846591139.jpg,4,Healthy
3308311414.jpg,3,Cassava Mosaic Disease (CMD)
2758929090.jpg,2,Cassava Green Mottle (CGM)
26592350.jpg,1,Cassava Brown Streak Disease (CBSD)
251711364.jpg,0,Cassava Bacterial Blight (CBB)
3799141039.jpg,3,Cassava Mosaic Disease (CMD)
4230970262.jpg,3,Cassava Mosaic Disease (CMD)
4057082743.jpg,4,Healthy
612054401.jpg,3,Cassava Mosaic Disease (CMD)
2421492761.jpg,3,Cassava Mosaic Disease (CMD)
2006215409.jpg,3,Cassava Mosaic Disease (CMD)
4008495271.jpg,3,Cassava Mosaic Disease (CMD)
4161605185.jpg,3,Cassava Mosaic Disease (CMD)
1831075447.jpg,4,Healthy
728194146.jpg,4,Healthy
1941569739.jpg,1,Cassava Brown Streak Disease (CBSD)
2627681219.jpg,1,Cassava Brown Streak Disease (CBSD)
2375839480.jpg,3,Cassava Mosaic Disease (CMD)
2174309008.jpg,3,Cassava Mosaic Disease (CMD)
1701525099.jpg,3,Cassava Mosaic Disease (CMD)
475756576.jpg,3,Cassava Mosaic Disease (CMD)
2886939236.jpg,3,Cassava Mosaic Disease (CMD)
461042131.jpg,2,Cassava Green Mottle (CGM)
3181988739.jpg,3,Cassava Mosaic Disease (CMD)
3919902591.jpg,3,Cassava Mosaic Disease (CMD)
4201637914.jpg,2,Cassava Green Mottle (CGM)
1831635820.jpg,3,Cassava Mosaic Disease (CMD)
2382410530.jpg,4,Healthy
3921833845.jpg,4,Healthy
2747068344.jpg,2,Cassava Green Mottle (CGM)
645139700.jpg,3,Cassava Mosaic Disease (CMD)
616718743.jpg,1,Cassava Brown Streak Disease (CBSD)
2653833670.jpg,2,Cassava Green Mottle (CGM)
3497832029.jpg,3,Cassava Mosaic Disease (CMD)
4280091186.jpg,4,Healthy
3154183706.jpg,3,Cassava Mosaic Disease (CMD)
2710440557.jpg,3,Cassava Mosaic Disease (CMD)
446913360.jpg,3,Cassava Mosaic Disease (CMD)
1681135049.jpg,1,Cassava Brown Streak Disease (CBSD)
2756294703.jpg,3,Cassava Mosaic Disease (CMD)
413051976.jpg,3,Cassava Mosaic Disease (CMD)
3116498490.jpg,0,Cassava Bacterial Blight (CBB)
3135673078.jpg,3,Cassava Mosaic Disease (CMD)
2318861045.jpg,2,Cassava Green Mottle (CGM)
2885001903.jpg,3,Cassava Mosaic Disease (CMD)
3762841948.jpg,3,Cassava Mosaic Disease (CMD)
2218126314.jpg,3,Cassava Mosaic Disease (CMD)
2735914869.jpg,1,Cassava Brown Streak Disease (CBSD)
2013853837.jpg,3,Cassava Mosaic Disease (CMD)
708185327.jpg,3,Cassava Mosaic Disease (CMD)
1971706918.jpg,1,Cassava Brown Streak Disease (CBSD)
550691642.jpg,0,Cassava Bacterial Blight (CBB)
3807708050.jpg,3,Cassava Mosaic Disease (CMD)
3122262785.jpg,3,Cassava Mosaic Disease (CMD)
4171475132.jpg,3,Cassava Mosaic Disease (CMD)
987636835.jpg,1,Cassava Brown Streak Disease (CBSD)
3683714600.jpg,2,Cassava Green Mottle (CGM)
1911215310.jpg,3,Cassava Mosaic Disease (CMD)
2294615213.jpg,1,Cassava Brown Streak Disease (CBSD)
4166602274.jpg,3,Cassava Mosaic Disease (CMD)
2142120980.jpg,0,Cassava Bacterial Blight (CBB)
1907583116.jpg,3,Cassava Mosaic Disease (CMD)
3120465337.jpg,3,Cassava Mosaic Disease (CMD)
1704973107.jpg,3,Cassava Mosaic Disease (CMD)
3937945582.jpg,3,Cassava Mosaic Disease (CMD)
255319476.jpg,3,Cassava Mosaic Disease (CMD)
3043620749.jpg,2,Cassava Green Mottle (CGM)
675325967.jpg,2,Cassava Green Mottle (CGM)
2709298961.jpg,3,Cassava Mosaic Disease (CMD)
2350808762.jpg,3,Cassava Mosaic Disease (CMD)
2909683622.jpg,3,Cassava Mosaic Disease (CMD)
1780272683.jpg,3,Cassava Mosaic Disease (CMD)
1621255319.jpg,2,Cassava Green Mottle (CGM)
2409691318.jpg,3,Cassava Mosaic Disease (CMD)
3855835688.jpg,3,Cassava Mosaic Disease (CMD)
670363237.jpg,2,Cassava Green Mottle (CGM)
1929151368.jpg,2,Cassava Green Mottle (CGM)
2864298311.jpg,3,Cassava Mosaic Disease (CMD)
1957906452.jpg,3,Cassava Mosaic Disease (CMD)
1795446246.jpg,3,Cassava Mosaic Disease (CMD)
3451817748.jpg,4,Healthy
3439001168.jpg,4,Healthy
2301947677.jpg,3,Cassava Mosaic Disease (CMD)
2227373462.jpg,3,Cassava Mosaic Disease (CMD)
2454143099.jpg,3,Cassava Mosaic Disease (CMD)
1872997067.jpg,3,Cassava Mosaic Disease (CMD)
2047003483.jpg,2,Cassava Green Mottle (CGM)
374033272.jpg,4,Healthy
2485868532.jpg,2,Cassava Green Mottle (CGM)
3924372198.jpg,0,Cassava Bacterial Blight (CBB)
3937884194.jpg,3,Cassava Mosaic Disease (CMD)
3867608934.jpg,2,Cassava Green Mottle (CGM)
972793378.jpg,3,Cassava Mosaic Disease (CMD)
2409113043.jpg,3,Cassava Mosaic Disease (CMD)
2509491848.jpg,4,Healthy
1702776814.jpg,3,Cassava Mosaic Disease (CMD)
516333196.jpg,3,Cassava Mosaic Disease (CMD)
2268584645.jpg,3,Cassava Mosaic Disease (CMD)
443656391.jpg,4,Healthy
4175864678.jpg,1,Cassava Brown Streak Disease (CBSD)
3269539876.jpg,1,Cassava Brown Streak Disease (CBSD)
3153794511.jpg,4,Healthy
1765190680.jpg,1,Cassava Brown Streak Disease (CBSD)
3002558863.jpg,3,Cassava Mosaic Disease (CMD)
3458620243.jpg,3,Cassava Mosaic Disease (CMD)
179049535.jpg,3,Cassava Mosaic Disease (CMD)
3361498980.jpg,1,Cassava Brown Streak Disease (CBSD)
3877698675.jpg,3,Cassava Mosaic Disease (CMD)
3637314147.jpg,3,Cassava Mosaic Disease (CMD)
671949861.jpg,1,Cassava Brown Streak Disease (CBSD)
4108340746.jpg,3,Cassava Mosaic Disease (CMD)
4068404919.jpg,2,Cassava Green Mottle (CGM)
3684621874.jpg,0,Cassava Bacterial Blight (CBB)
2855318421.jpg,3,Cassava Mosaic Disease (CMD)
571328280.jpg,3,Cassava Mosaic Disease (CMD)
3782909126.jpg,2,Cassava Green Mottle (CGM)
702121018.jpg,1,Cassava Brown Streak Disease (CBSD)
542067115.jpg,2,Cassava Green Mottle (CGM)
920623788.jpg,3,Cassava Mosaic Disease (CMD)
3978296365.jpg,0,Cassava Bacterial Blight (CBB)
3512385051.jpg,4,Healthy
478688374.jpg,3,Cassava Mosaic Disease (CMD)
343990809.jpg,1,Cassava Brown Streak Disease (CBSD)
501052709.jpg,3,Cassava Mosaic Disease (CMD)
353746186.jpg,0,Cassava Bacterial Blight (CBB)
80488129.jpg,3,Cassava Mosaic Disease (CMD)
1820254127.jpg,0,Cassava Bacterial Blight (CBB)
2542872391.jpg,3,Cassava Mosaic Disease (CMD)
2571739382.jpg,3,Cassava Mosaic Disease (CMD)
3421898013.jpg,3,Cassava Mosaic Disease (CMD)
1631620098.jpg,3,Cassava Mosaic Disease (CMD)
203315270.jpg,3,Cassava Mosaic Disease (CMD)
826288261.jpg,3,Cassava Mosaic Disease (CMD)
2292786340.jpg,3,Cassava Mosaic Disease (CMD)
1855401853.jpg,3,Cassava Mosaic Disease (CMD)
3524134049.jpg,3,Cassava Mosaic Disease (CMD)
1971179233.jpg,3,Cassava Mosaic Disease (CMD)
1729679057.jpg,3,Cassava Mosaic Disease (CMD)
3608836660.jpg,4,Healthy
707347112.jpg,3,Cassava Mosaic Disease (CMD)
2983534701.jpg,3,Cassava Mosaic Disease (CMD)
2385298843.jpg,3,Cassava Mosaic Disease (CMD)
3099115140.jpg,3,Cassava Mosaic Disease (CMD)
2079104179.jpg,3,Cassava Mosaic Disease (CMD)
2291601784.jpg,3,Cassava Mosaic Disease (CMD)
4136137862.jpg,4,Healthy
2276509518.jpg,1,Cassava Brown Streak Disease (CBSD)
2401213513.jpg,4,Healthy
32222018.jpg,3,Cassava Mosaic Disease (CMD)
3511444147.jpg,4,Healthy
3272245508.jpg,3,Cassava Mosaic Disease (CMD)
3913384912.jpg,0,Cassava Bacterial Blight (CBB)
84024270.jpg,3,Cassava Mosaic Disease (CMD)
4029880572.jpg,3,Cassava Mosaic Disease (CMD)
368337049.jpg,3,Cassava Mosaic Disease (CMD)
2633999116.jpg,3,Cassava Mosaic Disease (CMD)
326251894.jpg,3,Cassava Mosaic Disease (CMD)
18547180.jpg,2,Cassava Green Mottle (CGM)
199900096.jpg,3,Cassava Mosaic Disease (CMD)
3778007109.jpg,3,Cassava Mosaic Disease (CMD)
2103659900.jpg,3,Cassava Mosaic Disease (CMD)
437121347.jpg,3,Cassava Mosaic Disease (CMD)
2326873533.jpg,4,Healthy
2200762237.jpg,3,Cassava Mosaic Disease (CMD)
591792170.jpg,1,Cassava Brown Streak Disease (CBSD)
2348826586.jpg,4,Healthy
2280389729.jpg,4,Healthy
2156370083.jpg,3,Cassava Mosaic Disease (CMD)
2535169951.jpg,3,Cassava Mosaic Disease (CMD)
3489780896.jpg,0,Cassava Bacterial Blight (CBB)
3656044201.jpg,3,Cassava Mosaic Disease (CMD)
42968835.jpg,3,Cassava Mosaic Disease (CMD)
4175374809.jpg,2,Cassava Green Mottle (CGM)
3101160997.jpg,3,Cassava Mosaic Disease (CMD)
2027047978.jpg,3,Cassava Mosaic Disease (CMD)
2823557191.jpg,1,Cassava Brown Streak Disease (CBSD)
7288550.jpg,1,Cassava Brown Streak Disease (CBSD)
2139984567.jpg,3,Cassava Mosaic Disease (CMD)
803715275.jpg,2,Cassava Green Mottle (CGM)
2654538230.jpg,3,Cassava Mosaic Disease (CMD)
3798348479.jpg,0,Cassava Bacterial Blight (CBB)
2437547294.jpg,1,Cassava Brown Streak Disease (CBSD)
996947690.jpg,2,Cassava Green Mottle (CGM)
4142424247.jpg,3,Cassava Mosaic Disease (CMD)
3428113072.jpg,4,Healthy
2045367383.jpg,4,Healthy
3692595571.jpg,4,Healthy
1860324672.jpg,3,Cassava Mosaic Disease (CMD)
625159901.jpg,1,Cassava Brown Streak Disease (CBSD)
2776639568.jpg,3,Cassava Mosaic Disease (CMD)
3381235013.jpg,3,Cassava Mosaic Disease (CMD)
979717744.jpg,3,Cassava Mosaic Disease (CMD)
718245684.jpg,3,Cassava Mosaic Disease (CMD)
324493951.jpg,1,Cassava Brown Streak Disease (CBSD)
95322868.jpg,4,Healthy
825551560.jpg,2,Cassava Green Mottle (CGM)
4265695955.jpg,2,Cassava Green Mottle (CGM)
3725380699.jpg,3,Cassava Mosaic Disease (CMD)
997179968.jpg,3,Cassava Mosaic Disease (CMD)
328474315.jpg,3,Cassava Mosaic Disease (CMD)
427487173.jpg,2,Cassava Green Mottle (CGM)
2647544506.jpg,3,Cassava Mosaic Disease (CMD)
3123589236.jpg,3,Cassava Mosaic Disease (CMD)
2772180787.jpg,3,Cassava Mosaic Disease (CMD)
720072964.jpg,3,Cassava Mosaic Disease (CMD)
3621652754.jpg,2,Cassava Green Mottle (CGM)
829746450.jpg,3,Cassava Mosaic Disease (CMD)
811026048.jpg,1,Cassava Brown Streak Disease (CBSD)
2051048628.jpg,3,Cassava Mosaic Disease (CMD)
4061670540.jpg,3,Cassava Mosaic Disease (CMD)
3848558113.jpg,3,Cassava Mosaic Disease (CMD)
490649765.jpg,1,Cassava Brown Streak Disease (CBSD)
4062679165.jpg,3,Cassava Mosaic Disease (CMD)
2011856234.jpg,3,Cassava Mosaic Disease (CMD)
3149092029.jpg,2,Cassava Green Mottle (CGM)
529641068.jpg,2,Cassava Green Mottle (CGM)
4220488715.jpg,0,Cassava Bacterial Blight (CBB)
3672364441.jpg,3,Cassava Mosaic Disease (CMD)
1815643293.jpg,4,Healthy
2148261179.jpg,3,Cassava Mosaic Disease (CMD)
2546131574.jpg,3,Cassava Mosaic Disease (CMD)
48153077.jpg,3,Cassava Mosaic Disease (CMD)
4073523035.jpg,0,Cassava Bacterial Blight (CBB)
1909948307.jpg,3,Cassava Mosaic Disease (CMD)
2321358067.jpg,0,Cassava Bacterial Blight (CBB)
1700321410.jpg,3,Cassava Mosaic Disease (CMD)
2213265918.jpg,3,Cassava Mosaic Disease (CMD)
618257527.jpg,4,Healthy
3269859452.jpg,3,Cassava Mosaic Disease (CMD)
87295869.jpg,2,Cassava Green Mottle (CGM)
4017387228.jpg,4,Healthy
2986944495.jpg,3,Cassava Mosaic Disease (CMD)
1631562521.jpg,3,Cassava Mosaic Disease (CMD)
2206285676.jpg,3,Cassava Mosaic Disease (CMD)
3591786089.jpg,3,Cassava Mosaic Disease (CMD)
510749381.jpg,3,Cassava Mosaic Disease (CMD)
333668754.jpg,3,Cassava Mosaic Disease (CMD)
777180004.jpg,2,Cassava Green Mottle (CGM)
2907281169.jpg,3,Cassava Mosaic Disease (CMD)
3937975751.jpg,3,Cassava Mosaic Disease (CMD)
2187115434.jpg,3,Cassava Mosaic Disease (CMD)
2339078999.jpg,3,Cassava Mosaic Disease (CMD)
3779724069.jpg,3,Cassava Mosaic Disease (CMD)
808870213.jpg,3,Cassava Mosaic Disease (CMD)
3022473954.jpg,3,Cassava Mosaic Disease (CMD)
3737858095.jpg,3,Cassava Mosaic Disease (CMD)
2922796130.jpg,3,Cassava Mosaic Disease (CMD)
1841856969.jpg,3,Cassava Mosaic Disease (CMD)
3644897265.jpg,3,Cassava Mosaic Disease (CMD)
938396942.jpg,3,Cassava Mosaic Disease (CMD)
3910162936.jpg,4,Healthy
1971423032.jpg,4,Healthy
3837689204.jpg,3,Cassava Mosaic Disease (CMD)
3154245721.jpg,3,Cassava Mosaic Disease (CMD)
274319857.jpg,3,Cassava Mosaic Disease (CMD)
614350420.jpg,3,Cassava Mosaic Disease (CMD)
3849865547.jpg,3,Cassava Mosaic Disease (CMD)
717332289.jpg,3,Cassava Mosaic Disease (CMD)
241015444.jpg,4,Healthy
2969226797.jpg,3,Cassava Mosaic Disease (CMD)
3585245374.jpg,3,Cassava Mosaic Disease (CMD)
3419507688.jpg,3,Cassava Mosaic Disease (CMD)
2371237551.jpg,1,Cassava Brown Streak Disease (CBSD)
2818289247.jpg,3,Cassava Mosaic Disease (CMD)
718198849.jpg,1,Cassava Brown Streak Disease (CBSD)
3251863915.jpg,3,Cassava Mosaic Disease (CMD)
502783701.jpg,3,Cassava Mosaic Disease (CMD)
2781831798.jpg,4,Healthy
84598209.jpg,3,Cassava Mosaic Disease (CMD)
2938513116.jpg,3,Cassava Mosaic Disease (CMD)
2134759369.jpg,4,Healthy
378056459.jpg,3,Cassava Mosaic Disease (CMD)
2824583085.jpg,1,Cassava Brown Streak Disease (CBSD)
3364800512.jpg,3,Cassava Mosaic Disease (CMD)
1726864717.jpg,3,Cassava Mosaic Disease (CMD)
2509784000.jpg,3,Cassava Mosaic Disease (CMD)
3479361153.jpg,1,Cassava Brown Streak Disease (CBSD)
3118866660.jpg,1,Cassava Brown Streak Disease (CBSD)
2099754293.jpg,1,Cassava Brown Streak Disease (CBSD)
3250010085.jpg,0,Cassava Bacterial Blight (CBB)
2344567219.jpg,0,Cassava Bacterial Blight (CBB)
3088191583.jpg,4,Healthy
2252903610.jpg,3,Cassava Mosaic Disease (CMD)
2585168553.jpg,3,Cassava Mosaic Disease (CMD)
3769064815.jpg,2,Cassava Green Mottle (CGM)
2827166552.jpg,4,Healthy
492151497.jpg,3,Cassava Mosaic Disease (CMD)
4216173282.jpg,1,Cassava Brown Streak Disease (CBSD)
4212381540.jpg,2,Cassava Green Mottle (CGM)
2202135584.jpg,3,Cassava Mosaic Disease (CMD)
3855857289.jpg,2,Cassava Green Mottle (CGM)
577275229.jpg,3,Cassava Mosaic Disease (CMD)
2078445415.jpg,3,Cassava Mosaic Disease (CMD)
596572459.jpg,4,Healthy
2881921977.jpg,0,Cassava Bacterial Blight (CBB)
2138796022.jpg,3,Cassava Mosaic Disease (CMD)
4046649903.jpg,3,Cassava Mosaic Disease (CMD)
4180626813.jpg,3,Cassava Mosaic Disease (CMD)
1731591176.jpg,3,Cassava Mosaic Disease (CMD)
3141978286.jpg,3,Cassava Mosaic Disease (CMD)
3924666081.jpg,4,Healthy
3626187971.jpg,3,Cassava Mosaic Disease (CMD)
3701689199.jpg,3,Cassava Mosaic Disease (CMD)
677816697.jpg,3,Cassava Mosaic Disease (CMD)
4031374252.jpg,2,Cassava Green Mottle (CGM)
2359291077.jpg,3,Cassava Mosaic Disease (CMD)
2452042158.jpg,0,Cassava Bacterial Blight (CBB)
2847670157.jpg,3,Cassava Mosaic Disease (CMD)
3084217364.jpg,3,Cassava Mosaic Disease (CMD)
986854149.jpg,3,Cassava Mosaic Disease (CMD)
755912815.jpg,4,Healthy
3735226910.jpg,3,Cassava Mosaic Disease (CMD)
2198388199.jpg,0,Cassava Bacterial Blight (CBB)
3019940112.jpg,3,Cassava Mosaic Disease (CMD)
218298419.jpg,4,Healthy
585209164.jpg,2,Cassava Green Mottle (CGM)
3312551187.jpg,1,Cassava Brown Streak Disease (CBSD)
3500950357.jpg,1,Cassava Brown Streak Disease (CBSD)
2956431693.jpg,3,Cassava Mosaic Disease (CMD)
2213062056.jpg,3,Cassava Mosaic Disease (CMD)
512651880.jpg,3,Cassava Mosaic Disease (CMD)
1613859560.jpg,3,Cassava Mosaic Disease (CMD)
3976765860.jpg,3,Cassava Mosaic Disease (CMD)
4102442898.jpg,3,Cassava Mosaic Disease (CMD)
3971676147.jpg,3,Cassava Mosaic Disease (CMD)
1768671156.jpg,3,Cassava Mosaic Disease (CMD)
1646856477.jpg,3,Cassava Mosaic Disease (CMD)
4275245124.jpg,3,Cassava Mosaic Disease (CMD)
932971696.jpg,3,Cassava Mosaic Disease (CMD)
3473517572.jpg,3,Cassava Mosaic Disease (CMD)
3728053314.jpg,3,Cassava Mosaic Disease (CMD)
89393849.jpg,3,Cassava Mosaic Disease (CMD)
4152813711.jpg,3,Cassava Mosaic Disease (CMD)
3535670903.jpg,3,Cassava Mosaic Disease (CMD)
3370579462.jpg,2,Cassava Green Mottle (CGM)
466809222.jpg,3,Cassava Mosaic Disease (CMD)
397242175.jpg,2,Cassava Green Mottle (CGM)
4092163942.jpg,3,Cassava Mosaic Disease (CMD)
2227639831.jpg,2,Cassava Green Mottle (CGM)
3731510435.jpg,3,Cassava Mosaic Disease (CMD)
620741082.jpg,3,Cassava Mosaic Disease (CMD)
2569050922.jpg,3,Cassava Mosaic Disease (CMD)
2433522898.jpg,3,Cassava Mosaic Disease (CMD)
2943326345.jpg,3,Cassava Mosaic Disease (CMD)
790756634.jpg,3,Cassava Mosaic Disease (CMD)
613608531.jpg,3,Cassava Mosaic Disease (CMD)
497483114.jpg,3,Cassava Mosaic Disease (CMD)
3570668460.jpg,3,Cassava Mosaic Disease (CMD)
3349715326.jpg,3,Cassava Mosaic Disease (CMD)
2474336811.jpg,1,Cassava Brown Streak Disease (CBSD)
3737986834.jpg,4,Healthy
3896971387.jpg,3,Cassava Mosaic Disease (CMD)
4266856745.jpg,1,Cassava Brown Streak Disease (CBSD)
2141976873.jpg,2,Cassava Green Mottle (CGM)
3944566717.jpg,3,Cassava Mosaic Disease (CMD)
2951433753.jpg,3,Cassava Mosaic Disease (CMD)
3516603497.jpg,0,Cassava Bacterial Blight (CBB)
3694251978.jpg,4,Healthy
3656627426.jpg,3,Cassava Mosaic Disease (CMD)
2319634865.jpg,2,Cassava Green Mottle (CGM)
2847484620.jpg,3,Cassava Mosaic Disease (CMD)
3616608533.jpg,3,Cassava Mosaic Disease (CMD)
2012639155.jpg,4,Healthy
2070090664.jpg,3,Cassava Mosaic Disease (CMD)
3338201201.jpg,3,Cassava Mosaic Disease (CMD)
2680320967.jpg,4,Healthy
2557274516.jpg,3,Cassava Mosaic Disease (CMD)
442646143.jpg,3,Cassava Mosaic Disease (CMD)
762372916.jpg,3,Cassava Mosaic Disease (CMD)
2875351329.jpg,2,Cassava Green Mottle (CGM)
2668129635.jpg,3,Cassava Mosaic Disease (CMD)
4261141445.jpg,3,Cassava Mosaic Disease (CMD)
3934403227.jpg,4,Healthy
2949112902.jpg,3,Cassava Mosaic Disease (CMD)
2131418781.jpg,3,Cassava Mosaic Disease (CMD)
3405477653.jpg,3,Cassava Mosaic Disease (CMD)
3520858185.jpg,3,Cassava Mosaic Disease (CMD)
1959890279.jpg,3,Cassava Mosaic Disease (CMD)
2976631036.jpg,1,Cassava Brown Streak Disease (CBSD)
958879588.jpg,1,Cassava Brown Streak Disease (CBSD)
547866885.jpg,4,Healthy
2608196195.jpg,3,Cassava Mosaic Disease (CMD)
870679029.jpg,2,Cassava Green Mottle (CGM)
2076460439.jpg,3,Cassava Mosaic Disease (CMD)
3977561724.jpg,3,Cassava Mosaic Disease (CMD)
2094357697.jpg,3,Cassava Mosaic Disease (CMD)
876666484.jpg,3,Cassava Mosaic Disease (CMD)
2884234372.jpg,2,Cassava Green Mottle (CGM)
2106660107.jpg,3,Cassava Mosaic Disease (CMD)
3506364620.jpg,1,Cassava Brown Streak Disease (CBSD)
1708591810.jpg,3,Cassava Mosaic Disease (CMD)
339933006.jpg,1,Cassava Brown Streak Disease (CBSD)
2690493912.jpg,1,Cassava Brown Streak Disease (CBSD)
1761893158.jpg,3,Cassava Mosaic Disease (CMD)
2105186227.jpg,0,Cassava Bacterial Blight (CBB)
3412688501.jpg,3,Cassava Mosaic Disease (CMD)
4215422065.jpg,3,Cassava Mosaic Disease (CMD)
2086436188.jpg,3,Cassava Mosaic Disease (CMD)
2934115703.jpg,4,Healthy
3088622958.jpg,0,Cassava Bacterial Blight (CBB)
2518036553.jpg,4,Healthy
1892079469.jpg,3,Cassava Mosaic Disease (CMD)
2035397744.jpg,3,Cassava Mosaic Disease (CMD)
559984441.jpg,3,Cassava Mosaic Disease (CMD)
3529056691.jpg,3,Cassava Mosaic Disease (CMD)
2937880643.jpg,3,Cassava Mosaic Disease (CMD)
77896504.jpg,3,Cassava Mosaic Disease (CMD)
3609301419.jpg,4,Healthy
258253519.jpg,3,Cassava Mosaic Disease (CMD)
4019214613.jpg,3,Cassava Mosaic Disease (CMD)
834601546.jpg,3,Cassava Mosaic Disease (CMD)
2554138947.jpg,3,Cassava Mosaic Disease (CMD)
2194170986.jpg,3,Cassava Mosaic Disease (CMD)
4049438636.jpg,3,Cassava Mosaic Disease (CMD)
4082694328.jpg,3,Cassava Mosaic Disease (CMD)
1627787371.jpg,3,Cassava Mosaic Disease (CMD)
1909520119.jpg,3,Cassava Mosaic Disease (CMD)
1656709823.jpg,1,Cassava Brown Streak Disease (CBSD)
3261335812.jpg,3,Cassava Mosaic Disease (CMD)
881020012.jpg,4,Healthy
3357707292.jpg,4,Healthy
2092954094.jpg,3,Cassava Mosaic Disease (CMD)
3108053126.jpg,2,Cassava Green Mottle (CGM)
812408252.jpg,3,Cassava Mosaic Disease (CMD)
939109747.jpg,4,Healthy
385391871.jpg,3,Cassava Mosaic Disease (CMD)
3490253996.jpg,1,Cassava Brown Streak Disease (CBSD)
3394985928.jpg,3,Cassava Mosaic Disease (CMD)
56784677.jpg,3,Cassava Mosaic Disease (CMD)
1961893968.jpg,2,Cassava Green Mottle (CGM)
3865486183.jpg,3,Cassava Mosaic Disease (CMD)
4271963761.jpg,2,Cassava Green Mottle (CGM)
1948688497.jpg,4,Healthy
4222895181.jpg,3,Cassava Mosaic Disease (CMD)
478757157.jpg,0,Cassava Bacterial Blight (CBB)
3488960155.jpg,4,Healthy
3364571008.jpg,3,Cassava Mosaic Disease (CMD)
688243919.jpg,3,Cassava Mosaic Disease (CMD)
3637332157.jpg,3,Cassava Mosaic Disease (CMD)
3058026608.jpg,3,Cassava Mosaic Disease (CMD)
3070718584.jpg,3,Cassava Mosaic Disease (CMD)
1970290195.jpg,2,Cassava Green Mottle (CGM)
3963919295.jpg,1,Cassava Brown Streak Disease (CBSD)
4178594597.jpg,3,Cassava Mosaic Disease (CMD)
517170612.jpg,4,Healthy
1649500149.jpg,4,Healthy
4022871563.jpg,3,Cassava Mosaic Disease (CMD)
851313778.jpg,2,Cassava Green Mottle (CGM)
3682147172.jpg,3,Cassava Mosaic Disease (CMD)
1875533805.jpg,1,Cassava Brown Streak Disease (CBSD)
1928387839.jpg,3,Cassava Mosaic Disease (CMD)
432371484.jpg,4,Healthy
2217792341.jpg,1,Cassava Brown Streak Disease (CBSD)
2276911457.jpg,3,Cassava Mosaic Disease (CMD)
458083471.jpg,3,Cassava Mosaic Disease (CMD)
2739275233.jpg,1,Cassava Brown Streak Disease (CBSD)
3873395164.jpg,2,Cassava Green Mottle (CGM)
1625461178.jpg,2,Cassava Green Mottle (CGM)
307148103.jpg,3,Cassava Mosaic Disease (CMD)
431233168.jpg,3,Cassava Mosaic Disease (CMD)
1766960814.jpg,3,Cassava Mosaic Disease (CMD)
383656390.jpg,3,Cassava Mosaic Disease (CMD)
3623375685.jpg,2,Cassava Green Mottle (CGM)
471808107.jpg,3,Cassava Mosaic Disease (CMD)
846824837.jpg,4,Healthy
3574007533.jpg,3,Cassava Mosaic Disease (CMD)
782489487.jpg,3,Cassava Mosaic Disease (CMD)
3915770795.jpg,4,Healthy
4173430293.jpg,1,Cassava Brown Streak Disease (CBSD)
318991539.jpg,3,Cassava Mosaic Disease (CMD)
400576594.jpg,3,Cassava Mosaic Disease (CMD)
2349669668.jpg,3,Cassava Mosaic Disease (CMD)
888355689.jpg,0,Cassava Bacterial Blight (CBB)
351896540.jpg,3,Cassava Mosaic Disease (CMD)
717745388.jpg,3,Cassava Mosaic Disease (CMD)
921779789.jpg,3,Cassava Mosaic Disease (CMD)
2859329046.jpg,3,Cassava Mosaic Disease (CMD)
972840038.jpg,2,Cassava Green Mottle (CGM)
3781173616.jpg,3,Cassava Mosaic Disease (CMD)
3636744360.jpg,3,Cassava Mosaic Disease (CMD)
2173342901.jpg,3,Cassava Mosaic Disease (CMD)
3728202577.jpg,1,Cassava Brown Streak Disease (CBSD)
3083613226.jpg,3,Cassava Mosaic Disease (CMD)
3110572972.jpg,3,Cassava Mosaic Disease (CMD)
1759147122.jpg,3,Cassava Mosaic Disease (CMD)
293469170.jpg,3,Cassava Mosaic Disease (CMD)
3516111318.jpg,3,Cassava Mosaic Disease (CMD)
4022972553.jpg,4,Healthy
3171724304.jpg,3,Cassava Mosaic Disease (CMD)
2971198259.jpg,4,Healthy
2644006691.jpg,3,Cassava Mosaic Disease (CMD)
2803736374.jpg,2,Cassava Green Mottle (CGM)
493667259.jpg,3,Cassava Mosaic Disease (CMD)
3984082727.jpg,3,Cassava Mosaic Disease (CMD)
2857852888.jpg,4,Healthy
1928537678.jpg,3,Cassava Mosaic Disease (CMD)
3472250799.jpg,1,Cassava Brown Streak Disease (CBSD)
1691598037.jpg,3,Cassava Mosaic Disease (CMD)
21016852.jpg,3,Cassava Mosaic Disease (CMD)
753116208.jpg,3,Cassava Mosaic Disease (CMD)
2202750916.jpg,3,Cassava Mosaic Disease (CMD)
4224712607.jpg,3,Cassava Mosaic Disease (CMD)
556624815.jpg,3,Cassava Mosaic Disease (CMD)
3253718766.jpg,3,Cassava Mosaic Disease (CMD)
2426272316.jpg,3,Cassava Mosaic Disease (CMD)
4132381633.jpg,2,Cassava Green Mottle (CGM)
472839300.jpg,0,Cassava Bacterial Blight (CBB)
2087367640.jpg,1,Cassava Brown Streak Disease (CBSD)
4207597104.jpg,3,Cassava Mosaic Disease (CMD)
1773210221.jpg,3,Cassava Mosaic Disease (CMD)
3463628642.jpg,3,Cassava Mosaic Disease (CMD)
3661246371.jpg,3,Cassava Mosaic Disease (CMD)
3481061190.jpg,3,Cassava Mosaic Disease (CMD)
2640224764.jpg,3,Cassava Mosaic Disease (CMD)
3398807044.jpg,3,Cassava Mosaic Disease (CMD)
894286115.jpg,3,Cassava Mosaic Disease (CMD)
293090840.jpg,1,Cassava Brown Streak Disease (CBSD)
2220656958.jpg,2,Cassava Green Mottle (CGM)
2604878350.jpg,4,Healthy
2482951138.jpg,3,Cassava Mosaic Disease (CMD)
3359054351.jpg,1,Cassava Brown Streak Disease (CBSD)
3551024298.jpg,3,Cassava Mosaic Disease (CMD)
198858011.jpg,3,Cassava Mosaic Disease (CMD)
651635547.jpg,4,Healthy
545499966.jpg,0,Cassava Bacterial Blight (CBB)
2095589836.jpg,4,Healthy
459183399.jpg,3,Cassava Mosaic Disease (CMD)
2628555515.jpg,3,Cassava Mosaic Disease (CMD)
2589213351.jpg,3,Cassava Mosaic Disease (CMD)
2532378110.jpg,3,Cassava Mosaic Disease (CMD)
3508895074.jpg,3,Cassava Mosaic Disease (CMD)
721245068.jpg,3,Cassava Mosaic Disease (CMD)
592098292.jpg,3,Cassava Mosaic Disease (CMD)
4063216337.jpg,4,Healthy
328826135.jpg,2,Cassava Green Mottle (CGM)
463033778.jpg,3,Cassava Mosaic Disease (CMD)
4102968836.jpg,3,Cassava Mosaic Disease (CMD)
3995611401.jpg,3,Cassava Mosaic Disease (CMD)
3610667873.jpg,3,Cassava Mosaic Disease (CMD)
2879960954.jpg,3,Cassava Mosaic Disease (CMD)
2872979804.jpg,0,Cassava Bacterial Blight (CBB)
1964957251.jpg,3,Cassava Mosaic Disease (CMD)
851274376.jpg,1,Cassava Brown Streak Disease (CBSD)
451482977.jpg,3,Cassava Mosaic Disease (CMD)
3123503769.jpg,3,Cassava Mosaic Disease (CMD)
2016371750.jpg,3,Cassava Mosaic Disease (CMD)
3061399544.jpg,1,Cassava Brown Streak Disease (CBSD)
3873044793.jpg,3,Cassava Mosaic Disease (CMD)
3034275498.jpg,3,Cassava Mosaic Disease (CMD)
2382793101.jpg,3,Cassava Mosaic Disease (CMD)
1685786396.jpg,3,Cassava Mosaic Disease (CMD)
3360020335.jpg,3,Cassava Mosaic Disease (CMD)
3442029144.jpg,3,Cassava Mosaic Disease (CMD)
231478617.jpg,3,Cassava Mosaic Disease (CMD)
3837192356.jpg,3,Cassava Mosaic Disease (CMD)
4144868742.jpg,3,Cassava Mosaic Disease (CMD)
4118708857.jpg,3,Cassava Mosaic Disease (CMD)
2463031919.jpg,3,Cassava Mosaic Disease (CMD)
163947288.jpg,1,Cassava Brown Streak Disease (CBSD)
3521051310.jpg,4,Healthy
1636356850.jpg,3,Cassava Mosaic Disease (CMD)
3716704922.jpg,2,Cassava Green Mottle (CGM)
93658953.jpg,1,Cassava Brown Streak Disease (CBSD)
2863474549.jpg,3,Cassava Mosaic Disease (CMD)
1794787864.jpg,3,Cassava Mosaic Disease (CMD)
222987451.jpg,2,Cassava Green Mottle (CGM)
262744528.jpg,3,Cassava Mosaic Disease (CMD)
3931118111.jpg,2,Cassava Green Mottle (CGM)
464299112.jpg,1,Cassava Brown Streak Disease (CBSD)
1924884608.jpg,3,Cassava Mosaic Disease (CMD)
2560941741.jpg,3,Cassava Mosaic Disease (CMD)
2569150875.jpg,3,Cassava Mosaic Disease (CMD)
3402201686.jpg,4,Healthy
4075237855.jpg,4,Healthy
3736449337.jpg,1,Cassava Brown Streak Disease (CBSD)
2318962607.jpg,3,Cassava Mosaic Disease (CMD)
2689546990.jpg,2,Cassava Green Mottle (CGM)
3802953509.jpg,3,Cassava Mosaic Disease (CMD)
4156615923.jpg,4,Healthy
1755522975.jpg,3,Cassava Mosaic Disease (CMD)
423907510.jpg,4,Healthy
2318255553.jpg,0,Cassava Bacterial Blight (CBB)
2216672463.jpg,3,Cassava Mosaic Disease (CMD)
2175090546.jpg,3,Cassava Mosaic Disease (CMD)
3953530273.jpg,3,Cassava Mosaic Disease (CMD)
2328599167.jpg,3,Cassava Mosaic Disease (CMD)
3349562972.jpg,3,Cassava Mosaic Disease (CMD)
2652514070.jpg,3,Cassava Mosaic Disease (CMD)
2073650843.jpg,3,Cassava Mosaic Disease (CMD)
923499439.jpg,3,Cassava Mosaic Disease (CMD)
2218943916.jpg,1,Cassava Brown Streak Disease (CBSD)
1873100849.jpg,3,Cassava Mosaic Disease (CMD)
2487617248.jpg,2,Cassava Green Mottle (CGM)
2781120997.jpg,3,Cassava Mosaic Disease (CMD)
3704692183.jpg,2,Cassava Green Mottle (CGM)
2801727274.jpg,2,Cassava Green Mottle (CGM)
2282957832.jpg,4,Healthy
4005310479.jpg,0,Cassava Bacterial Blight (CBB)
2663749229.jpg,3,Cassava Mosaic Disease (CMD)
3443403628.jpg,3,Cassava Mosaic Disease (CMD)
2278360992.jpg,3,Cassava Mosaic Disease (CMD)
3934839031.jpg,0,Cassava Bacterial Blight (CBB)
4084470563.jpg,3,Cassava Mosaic Disease (CMD)
208435588.jpg,4,Healthy
623631977.jpg,4,Healthy
3365524748.jpg,3,Cassava Mosaic Disease (CMD)
497021480.jpg,3,Cassava Mosaic Disease (CMD)
2641322486.jpg,3,Cassava Mosaic Disease (CMD)
2008790859.jpg,3,Cassava Mosaic Disease (CMD)
243035153.jpg,3,Cassava Mosaic Disease (CMD)
723119750.jpg,3,Cassava Mosaic Disease (CMD)
2084868828.jpg,1,Cassava Brown Streak Disease (CBSD)
2343533524.jpg,2,Cassava Green Mottle (CGM)
416350020.jpg,3,Cassava Mosaic Disease (CMD)
6103.jpg,3,Cassava Mosaic Disease (CMD)
4171117342.jpg,1,Cassava Brown Streak Disease (CBSD)
2070436674.jpg,3,Cassava Mosaic Disease (CMD)
3160784712.jpg,3,Cassava Mosaic Disease (CMD)
3003064955.jpg,3,Cassava Mosaic Disease (CMD)
2407402081.jpg,4,Healthy
865733342.jpg,4,Healthy
2907707282.jpg,3,Cassava Mosaic Disease (CMD)
2861545981.jpg,2,Cassava Green Mottle (CGM)
2219671077.jpg,1,Cassava Brown Streak Disease (CBSD)
2125771324.jpg,2,Cassava Green Mottle (CGM)
940947597.jpg,3,Cassava Mosaic Disease (CMD)
1966999074.jpg,3,Cassava Mosaic Disease (CMD)
1903608739.jpg,3,Cassava Mosaic Disease (CMD)
3017649667.jpg,2,Cassava Green Mottle (CGM)
3567421807.jpg,4,Healthy
3845948976.jpg,1,Cassava Brown Streak Disease (CBSD)
311754983.jpg,3,Cassava Mosaic Disease (CMD)
39509515.jpg,2,Cassava Green Mottle (CGM)
3371952476.jpg,3,Cassava Mosaic Disease (CMD)
4213496821.jpg,3,Cassava Mosaic Disease (CMD)
2558359987.jpg,3,Cassava Mosaic Disease (CMD)
1948966957.jpg,3,Cassava Mosaic Disease (CMD)
925707812.jpg,0,Cassava Bacterial Blight (CBB)
445879019.jpg,3,Cassava Mosaic Disease (CMD)
1998118528.jpg,4,Healthy
4147565807.jpg,3,Cassava Mosaic Disease (CMD)
3142476527.jpg,3,Cassava Mosaic Disease (CMD)
2375799345.jpg,3,Cassava Mosaic Disease (CMD)
4279868467.jpg,3,Cassava Mosaic Disease (CMD)
3640609321.jpg,3,Cassava Mosaic Disease (CMD)
2729497796.jpg,3,Cassava Mosaic Disease (CMD)
362190021.jpg,2,Cassava Green Mottle (CGM)
3204117363.jpg,3,Cassava Mosaic Disease (CMD)
3026594115.jpg,3,Cassava Mosaic Disease (CMD)
664996949.jpg,3,Cassava Mosaic Disease (CMD)
2000558365.jpg,3,Cassava Mosaic Disease (CMD)
2941744909.jpg,2,Cassava Green Mottle (CGM)
2163630051.jpg,3,Cassava Mosaic Disease (CMD)
575338550.jpg,3,Cassava Mosaic Disease (CMD)
4012298941.jpg,3,Cassava Mosaic Disease (CMD)
1848945988.jpg,4,Healthy
2776235541.jpg,0,Cassava Bacterial Blight (CBB)
2572982969.jpg,2,Cassava Green Mottle (CGM)
2917909181.jpg,3,Cassava Mosaic Disease (CMD)
2208909764.jpg,3,Cassava Mosaic Disease (CMD)
876588489.jpg,3,Cassava Mosaic Disease (CMD)
3010523551.jpg,3,Cassava Mosaic Disease (CMD)
1922566301.jpg,3,Cassava Mosaic Disease (CMD)
2457737762.jpg,3,Cassava Mosaic Disease (CMD)
276467432.jpg,4,Healthy
396042395.jpg,3,Cassava Mosaic Disease (CMD)
4252015282.jpg,4,Healthy
2287869401.jpg,3,Cassava Mosaic Disease (CMD)
469109506.jpg,3,Cassava Mosaic Disease (CMD)
3588363246.jpg,4,Healthy
254865851.jpg,3,Cassava Mosaic Disease (CMD)
2130031461.jpg,4,Healthy
1951865515.jpg,2,Cassava Green Mottle (CGM)
4246281634.jpg,3,Cassava Mosaic Disease (CMD)
947245045.jpg,3,Cassava Mosaic Disease (CMD)
1668838224.jpg,0,Cassava Bacterial Blight (CBB)
1729214658.jpg,3,Cassava Mosaic Disease (CMD)
1920198241.jpg,1,Cassava Brown Streak Disease (CBSD)
2468769812.jpg,3,Cassava Mosaic Disease (CMD)
2150118983.jpg,4,Healthy
1603131722.jpg,3,Cassava Mosaic Disease (CMD)
1892210616.jpg,3,Cassava Mosaic Disease (CMD)
2574290066.jpg,3,Cassava Mosaic Disease (CMD)
2882936489.jpg,3,Cassava Mosaic Disease (CMD)
794333846.jpg,3,Cassava Mosaic Disease (CMD)
9548002.jpg,3,Cassava Mosaic Disease (CMD)
3093126312.jpg,3,Cassava Mosaic Disease (CMD)
1898437154.jpg,3,Cassava Mosaic Disease (CMD)
3628996963.jpg,4,Healthy
473737593.jpg,4,Healthy
165230387.jpg,3,Cassava Mosaic Disease (CMD)
1818510196.jpg,1,Cassava Brown Streak Disease (CBSD)
951448683.jpg,3,Cassava Mosaic Disease (CMD)
3398915024.jpg,3,Cassava Mosaic Disease (CMD)
956315464.jpg,3,Cassava Mosaic Disease (CMD)
75598343.jpg,3,Cassava Mosaic Disease (CMD)
4169428267.jpg,1,Cassava Brown Streak Disease (CBSD)
3913823345.jpg,3,Cassava Mosaic Disease (CMD)
2601706592.jpg,3,Cassava Mosaic Disease (CMD)
2953439703.jpg,4,Healthy
560477016.jpg,3,Cassava Mosaic Disease (CMD)
3995611090.jpg,3,Cassava Mosaic Disease (CMD)
1666729521.jpg,3,Cassava Mosaic Disease (CMD)
4010091989.jpg,3,Cassava Mosaic Disease (CMD)
2810787386.jpg,2,Cassava Green Mottle (CGM)
3819965975.jpg,3,Cassava Mosaic Disease (CMD)
2699275892.jpg,4,Healthy
4141721005.jpg,2,Cassava Green Mottle (CGM)
2484471054.jpg,3,Cassava Mosaic Disease (CMD)
618916143.jpg,1,Cassava Brown Streak Disease (CBSD)
942994246.jpg,0,Cassava Bacterial Blight (CBB)
3623486148.jpg,3,Cassava Mosaic Disease (CMD)
3359731885.jpg,3,Cassava Mosaic Disease (CMD)
456001532.jpg,3,Cassava Mosaic Disease (CMD)
2236610037.jpg,3,Cassava Mosaic Disease (CMD)
67417136.jpg,3,Cassava Mosaic Disease (CMD)
1641280501.jpg,3,Cassava Mosaic Disease (CMD)
2538012199.jpg,0,Cassava Bacterial Blight (CBB)
940939729.jpg,4,Healthy
424543130.jpg,2,Cassava Green Mottle (CGM)
595909449.jpg,1,Cassava Brown Streak Disease (CBSD)
1617179127.jpg,3,Cassava Mosaic Disease (CMD)
992964459.jpg,4,Healthy
2204928031.jpg,4,Healthy
507004978.jpg,3,Cassava Mosaic Disease (CMD)
2335483518.jpg,3,Cassava Mosaic Disease (CMD)
94882276.jpg,3,Cassava Mosaic Disease (CMD)
3916273768.jpg,3,Cassava Mosaic Disease (CMD)
4127132722.jpg,3,Cassava Mosaic Disease (CMD)
3973452259.jpg,4,Healthy
3871723794.jpg,3,Cassava Mosaic Disease (CMD)
3852521.jpg,1,Cassava Brown Streak Disease (CBSD)
1729836525.jpg,4,Healthy
4169133281.jpg,3,Cassava Mosaic Disease (CMD)
424538562.jpg,3,Cassava Mosaic Disease (CMD)
2373077253.jpg,3,Cassava Mosaic Disease (CMD)
1993626674.jpg,3,Cassava Mosaic Disease (CMD)
2454633080.jpg,4,Healthy
2361163425.jpg,2,Cassava Green Mottle (CGM)
3924935731.jpg,3,Cassava Mosaic Disease (CMD)
3194870771.jpg,3,Cassava Mosaic Disease (CMD)
2635765924.jpg,3,Cassava Mosaic Disease (CMD)
2833869009.jpg,3,Cassava Mosaic Disease (CMD)
173970359.jpg,3,Cassava Mosaic Disease (CMD)
4034653549.jpg,3,Cassava Mosaic Disease (CMD)
639060341.jpg,1,Cassava Brown Streak Disease (CBSD)
522209459.jpg,3,Cassava Mosaic Disease (CMD)
482335767.jpg,2,Cassava Green Mottle (CGM)
3598862913.jpg,3,Cassava Mosaic Disease (CMD)
708732298.jpg,3,Cassava Mosaic Disease (CMD)
4044222946.jpg,3,Cassava Mosaic Disease (CMD)
3399565382.jpg,2,Cassava Green Mottle (CGM)
3022069387.jpg,2,Cassava Green Mottle (CGM)
3777171083.jpg,3,Cassava Mosaic Disease (CMD)
302604113.jpg,3,Cassava Mosaic Disease (CMD)
4013991367.jpg,3,Cassava Mosaic Disease (CMD)
1807238206.jpg,2,Cassava Green Mottle (CGM)
3852080973.jpg,3,Cassava Mosaic Disease (CMD)
514282454.jpg,3,Cassava Mosaic Disease (CMD)
2231704125.jpg,2,Cassava Green Mottle (CGM)
863369540.jpg,3,Cassava Mosaic Disease (CMD)
847288162.jpg,3,Cassava Mosaic Disease (CMD)
2437048705.jpg,3,Cassava Mosaic Disease (CMD)
1858722965.jpg,3,Cassava Mosaic Disease (CMD)
3413335395.jpg,3,Cassava Mosaic Disease (CMD)
944255811.jpg,0,Cassava Bacterial Blight (CBB)
1615919700.jpg,1,Cassava Brown Streak Disease (CBSD)
3622844742.jpg,3,Cassava Mosaic Disease (CMD)
2377945699.jpg,3,Cassava Mosaic Disease (CMD)
3416720700.jpg,4,Healthy
3019847736.jpg,3,Cassava Mosaic Disease (CMD)
2823249481.jpg,3,Cassava Mosaic Disease (CMD)
644617197.jpg,4,Healthy
2348678150.jpg,3,Cassava Mosaic Disease (CMD)
2411989112.jpg,2,Cassava Green Mottle (CGM)
2178037336.jpg,3,Cassava Mosaic Disease (CMD)
4113552103.jpg,4,Healthy
3059062669.jpg,4,Healthy
395853907.jpg,3,Cassava Mosaic Disease (CMD)
3621162819.jpg,3,Cassava Mosaic Disease (CMD)
1829519358.jpg,3,Cassava Mosaic Disease (CMD)
657935270.jpg,3,Cassava Mosaic Disease (CMD)
384112103.jpg,4,Healthy
2072186015.jpg,3,Cassava Mosaic Disease (CMD)
284886635.jpg,3,Cassava Mosaic Disease (CMD)
3337726252.jpg,1,Cassava Brown Streak Disease (CBSD)
3424798095.jpg,1,Cassava Brown Streak Disease (CBSD)
2367836541.jpg,3,Cassava Mosaic Disease (CMD)
3783039310.jpg,4,Healthy
2935901261.jpg,3,Cassava Mosaic Disease (CMD)
650458335.jpg,3,Cassava Mosaic Disease (CMD)
3365094524.jpg,3,Cassava Mosaic Disease (CMD)
1645330578.jpg,3,Cassava Mosaic Disease (CMD)
298056095.jpg,4,Healthy
380002014.jpg,2,Cassava Green Mottle (CGM)
1697848076.jpg,2,Cassava Green Mottle (CGM)
4117129692.jpg,2,Cassava Green Mottle (CGM)
2353499787.jpg,3,Cassava Mosaic Disease (CMD)
3429167683.jpg,3,Cassava Mosaic Disease (CMD)
616067166.jpg,3,Cassava Mosaic Disease (CMD)
3998485682.jpg,2,Cassava Green Mottle (CGM)
3844847869.jpg,2,Cassava Green Mottle (CGM)
4154571034.jpg,3,Cassava Mosaic Disease (CMD)
607886591.jpg,3,Cassava Mosaic Disease (CMD)
1883419936.jpg,4,Healthy
1715574145.jpg,3,Cassava Mosaic Disease (CMD)
3345325515.jpg,3,Cassava Mosaic Disease (CMD)
3703652563.jpg,3,Cassava Mosaic Disease (CMD)
2954235355.jpg,3,Cassava Mosaic Disease (CMD)
2582937466.jpg,1,Cassava Brown Streak Disease (CBSD)
3522543975.jpg,2,Cassava Green Mottle (CGM)
2765430336.jpg,3,Cassava Mosaic Disease (CMD)
4275116781.jpg,0,Cassava Bacterial Blight (CBB)
457376738.jpg,3,Cassava Mosaic Disease (CMD)
2517952963.jpg,3,Cassava Mosaic Disease (CMD)
785755916.jpg,3,Cassava Mosaic Disease (CMD)
2979455354.jpg,3,Cassava Mosaic Disease (CMD)
2415642544.jpg,1,Cassava Brown Streak Disease (CBSD)
3702249794.jpg,1,Cassava Brown Streak Disease (CBSD)
3460216646.jpg,3,Cassava Mosaic Disease (CMD)
921975951.jpg,3,Cassava Mosaic Disease (CMD)
2703114057.jpg,3,Cassava Mosaic Disease (CMD)
2636455936.jpg,3,Cassava Mosaic Disease (CMD)
3197552229.jpg,3,Cassava Mosaic Disease (CMD)
2209356814.jpg,3,Cassava Mosaic Disease (CMD)
817545586.jpg,1,Cassava Brown Streak Disease (CBSD)
2428798135.jpg,3,Cassava Mosaic Disease (CMD)
3642529029.jpg,3,Cassava Mosaic Disease (CMD)
3148313410.jpg,3,Cassava Mosaic Disease (CMD)
1595085512.jpg,3,Cassava Mosaic Disease (CMD)
197942022.jpg,3,Cassava Mosaic Disease (CMD)
1915044107.jpg,4,Healthy
1792694473.jpg,4,Healthy
2498122689.jpg,2,Cassava Green Mottle (CGM)
3712064465.jpg,3,Cassava Mosaic Disease (CMD)
424650710.jpg,3,Cassava Mosaic Disease (CMD)
2689732222.jpg,3,Cassava Mosaic Disease (CMD)
403910552.jpg,3,Cassava Mosaic Disease (CMD)
2545001925.jpg,1,Cassava Brown Streak Disease (CBSD)
90333661.jpg,4,Healthy
4223217189.jpg,3,Cassava Mosaic Disease (CMD)
787756871.jpg,3,Cassava Mosaic Disease (CMD)
3959151804.jpg,3,Cassava Mosaic Disease (CMD)
3260576372.jpg,3,Cassava Mosaic Disease (CMD)
2341588461.jpg,3,Cassava Mosaic Disease (CMD)
2099207221.jpg,2,Cassava Green Mottle (CGM)
3380920477.jpg,3,Cassava Mosaic Disease (CMD)
1999233979.jpg,3,Cassava Mosaic Disease (CMD)
76610968.jpg,1,Cassava Brown Streak Disease (CBSD)
2856404486.jpg,2,Cassava Green Mottle (CGM)
1849667123.jpg,3,Cassava Mosaic Disease (CMD)
2908562046.jpg,3,Cassava Mosaic Disease (CMD)
3420855674.jpg,2,Cassava Green Mottle (CGM)
4058131705.jpg,3,Cassava Mosaic Disease (CMD)
700664783.jpg,4,Healthy
780806888.jpg,3,Cassava Mosaic Disease (CMD)
1773381712.jpg,1,Cassava Brown Streak Disease (CBSD)
269106077.jpg,3,Cassava Mosaic Disease (CMD)
720749489.jpg,3,Cassava Mosaic Disease (CMD)
781215669.jpg,3,Cassava Mosaic Disease (CMD)
2468469374.jpg,0,Cassava Bacterial Blight (CBB)
340296463.jpg,2,Cassava Green Mottle (CGM)
4072800453.jpg,3,Cassava Mosaic Disease (CMD)
3205165267.jpg,3,Cassava Mosaic Disease (CMD)
740035863.jpg,3,Cassava Mosaic Disease (CMD)
1648797663.jpg,3,Cassava Mosaic Disease (CMD)
215895607.jpg,4,Healthy
2024328143.jpg,3,Cassava Mosaic Disease (CMD)
3010280604.jpg,0,Cassava Bacterial Blight (CBB)
2998324131.jpg,3,Cassava Mosaic Disease (CMD)
3118293114.jpg,4,Healthy
2853035567.jpg,3,Cassava Mosaic Disease (CMD)
2425413365.jpg,1,Cassava Brown Streak Disease (CBSD)
4213479544.jpg,3,Cassava Mosaic Disease (CMD)
718269749.jpg,3,Cassava Mosaic Disease (CMD)
1834175690.jpg,3,Cassava Mosaic Disease (CMD)
3783300400.jpg,3,Cassava Mosaic Disease (CMD)
2192898846.jpg,3,Cassava Mosaic Disease (CMD)
1834604055.jpg,3,Cassava Mosaic Disease (CMD)
2408092711.jpg,3,Cassava Mosaic Disease (CMD)
2663709463.jpg,3,Cassava Mosaic Disease (CMD)
671677199.jpg,4,Healthy
2012232814.jpg,3,Cassava Mosaic Disease (CMD)
870659549.jpg,1,Cassava Brown Streak Disease (CBSD)
3592412479.jpg,2,Cassava Green Mottle (CGM)
2600531939.jpg,3,Cassava Mosaic Disease (CMD)
4030345152.jpg,1,Cassava Brown Streak Disease (CBSD)
2736444451.jpg,3,Cassava Mosaic Disease (CMD)
1837309847.jpg,3,Cassava Mosaic Disease (CMD)
3268189172.jpg,3,Cassava Mosaic Disease (CMD)
677537252.jpg,3,Cassava Mosaic Disease (CMD)
364424510.jpg,3,Cassava Mosaic Disease (CMD)
3204119669.jpg,3,Cassava Mosaic Disease (CMD)
4255738008.jpg,2,Cassava Green Mottle (CGM)
3985545704.jpg,2,Cassava Green Mottle (CGM)
3315504598.jpg,2,Cassava Green Mottle (CGM)
3110923866.jpg,3,Cassava Mosaic Disease (CMD)
871035730.jpg,3,Cassava Mosaic Disease (CMD)
403293009.jpg,3,Cassava Mosaic Disease (CMD)
2252541083.jpg,3,Cassava Mosaic Disease (CMD)
2225362356.jpg,2,Cassava Green Mottle (CGM)
2061733689.jpg,2,Cassava Green Mottle (CGM)
1959856523.jpg,3,Cassava Mosaic Disease (CMD)
3995905691.jpg,3,Cassava Mosaic Disease (CMD)
2905433618.jpg,4,Healthy
3807251262.jpg,3,Cassava Mosaic Disease (CMD)
3260683685.jpg,3,Cassava Mosaic Disease (CMD)
2593681769.jpg,3,Cassava Mosaic Disease (CMD)
2806814131.jpg,3,Cassava Mosaic Disease (CMD)
2707769947.jpg,2,Cassava Green Mottle (CGM)
2216772761.jpg,4,Healthy
3843771801.jpg,3,Cassava Mosaic Disease (CMD)
461654762.jpg,1,Cassava Brown Streak Disease (CBSD)
3257181321.jpg,3,Cassava Mosaic Disease (CMD)
4181351157.jpg,0,Cassava Bacterial Blight (CBB)
3814123340.jpg,3,Cassava Mosaic Disease (CMD)
2480935122.jpg,2,Cassava Green Mottle (CGM)
3816048744.jpg,4,Healthy
3740043778.jpg,4,Healthy
3470374968.jpg,4,Healthy
3892133252.jpg,2,Cassava Green Mottle (CGM)
2572379995.jpg,3,Cassava Mosaic Disease (CMD)
2243019094.jpg,0,Cassava Bacterial Blight (CBB)
1744145648.jpg,3,Cassava Mosaic Disease (CMD)
2368100826.jpg,2,Cassava Green Mottle (CGM)
2851517936.jpg,3,Cassava Mosaic Disease (CMD)
3035716224.jpg,4,Healthy
3775296196.jpg,3,Cassava Mosaic Disease (CMD)
4176726961.jpg,3,Cassava Mosaic Disease (CMD)
2225851641.jpg,2,Cassava Green Mottle (CGM)
2165907459.jpg,3,Cassava Mosaic Disease (CMD)
387047396.jpg,3,Cassava Mosaic Disease (CMD)
604445173.jpg,3,Cassava Mosaic Disease (CMD)
714791504.jpg,4,Healthy
606101170.jpg,3,Cassava Mosaic Disease (CMD)
2302273705.jpg,3,Cassava Mosaic Disease (CMD)
3829413649.jpg,3,Cassava Mosaic Disease (CMD)
953375887.jpg,3,Cassava Mosaic Disease (CMD)
1969371877.jpg,3,Cassava Mosaic Disease (CMD)
2945652044.jpg,0,Cassava Bacterial Blight (CBB)
2019763598.jpg,3,Cassava Mosaic Disease (CMD)
798065416.jpg,3,Cassava Mosaic Disease (CMD)
2940769797.jpg,4,Healthy
544785304.jpg,3,Cassava Mosaic Disease (CMD)
591721064.jpg,3,Cassava Mosaic Disease (CMD)
4242194730.jpg,3,Cassava Mosaic Disease (CMD)
3508836759.jpg,1,Cassava Brown Streak Disease (CBSD)
4108766138.jpg,3,Cassava Mosaic Disease (CMD)
2538957278.jpg,3,Cassava Mosaic Disease (CMD)
2156691234.jpg,3,Cassava Mosaic Disease (CMD)
1795774689.jpg,0,Cassava Bacterial Blight (CBB)
852377476.jpg,3,Cassava Mosaic Disease (CMD)
1631499336.jpg,3,Cassava Mosaic Disease (CMD)
3363323405.jpg,3,Cassava Mosaic Disease (CMD)
203200781.jpg,3,Cassava Mosaic Disease (CMD)
3287884137.jpg,3,Cassava Mosaic Disease (CMD)
3700174408.jpg,3,Cassava Mosaic Disease (CMD)
2329782169.jpg,3,Cassava Mosaic Disease (CMD)
580111608.jpg,1,Cassava Brown Streak Disease (CBSD)
2999997152.jpg,2,Cassava Green Mottle (CGM)
1844847808.jpg,0,Cassava Bacterial Blight (CBB)
550429661.jpg,3,Cassava Mosaic Disease (CMD)
943110824.jpg,3,Cassava Mosaic Disease (CMD)
2359855528.jpg,4,Healthy
33138536.jpg,0,Cassava Bacterial Blight (CBB)
2378730150.jpg,3,Cassava Mosaic Disease (CMD)
2871112358.jpg,3,Cassava Mosaic Disease (CMD)
3568561283.jpg,2,Cassava Green Mottle (CGM)
3468269778.jpg,4,Healthy
2829293396.jpg,2,Cassava Green Mottle (CGM)
605921029.jpg,3,Cassava Mosaic Disease (CMD)
3470652629.jpg,4,Healthy
3014951191.jpg,3,Cassava Mosaic Disease (CMD)
198179397.jpg,1,Cassava Brown Streak Disease (CBSD)
581749808.jpg,4,Healthy
923880010.jpg,3,Cassava Mosaic Disease (CMD)
2927770833.jpg,0,Cassava Bacterial Blight (CBB)
3909196241.jpg,3,Cassava Mosaic Disease (CMD)
2532608819.jpg,3,Cassava Mosaic Disease (CMD)
3217226349.jpg,2,Cassava Green Mottle (CGM)
248109965.jpg,3,Cassava Mosaic Disease (CMD)
4165966394.jpg,2,Cassava Green Mottle (CGM)
2101057157.jpg,3,Cassava Mosaic Disease (CMD)
3826910731.jpg,3,Cassava Mosaic Disease (CMD)
2347232613.jpg,3,Cassava Mosaic Disease (CMD)
3316783738.jpg,3,Cassava Mosaic Disease (CMD)
4004943921.jpg,3,Cassava Mosaic Disease (CMD)
3293593485.jpg,0,Cassava Bacterial Blight (CBB)
1833189586.jpg,3,Cassava Mosaic Disease (CMD)
2462876995.jpg,3,Cassava Mosaic Disease (CMD)
4267171540.jpg,3,Cassava Mosaic Disease (CMD)
4176445921.jpg,4,Healthy
3273250592.jpg,3,Cassava Mosaic Disease (CMD)
700464495.jpg,3,Cassava Mosaic Disease (CMD)
1938725653.jpg,3,Cassava Mosaic Disease (CMD)
1817648564.jpg,3,Cassava Mosaic Disease (CMD)
4022128079.jpg,0,Cassava Bacterial Blight (CBB)
580293785.jpg,3,Cassava Mosaic Disease (CMD)
2987785704.jpg,1,Cassava Brown Streak Disease (CBSD)
3899465597.jpg,3,Cassava Mosaic Disease (CMD)
1908512219.jpg,2,Cassava Green Mottle (CGM)
1709443342.jpg,3,Cassava Mosaic Disease (CMD)
257165521.jpg,0,Cassava Bacterial Blight (CBB)
2448870532.jpg,1,Cassava Brown Streak Disease (CBSD)
2936917961.jpg,3,Cassava Mosaic Disease (CMD)
83870062.jpg,4,Healthy
27622239.jpg,3,Cassava Mosaic Disease (CMD)
2259763259.jpg,3,Cassava Mosaic Disease (CMD)
2351967303.jpg,3,Cassava Mosaic Disease (CMD)
3862884454.jpg,2,Cassava Green Mottle (CGM)
2944536503.jpg,0,Cassava Bacterial Blight (CBB)
2534666222.jpg,1,Cassava Brown Streak Disease (CBSD)
3747399639.jpg,3,Cassava Mosaic Disease (CMD)
2479163539.jpg,2,Cassava Green Mottle (CGM)
1993274456.jpg,3,Cassava Mosaic Disease (CMD)
2028087473.jpg,0,Cassava Bacterial Blight (CBB)
1949993802.jpg,3,Cassava Mosaic Disease (CMD)
313266547.jpg,0,Cassava Bacterial Blight (CBB)
352475125.jpg,3,Cassava Mosaic Disease (CMD)
926848319.jpg,0,Cassava Bacterial Blight (CBB)
1982356944.jpg,3,Cassava Mosaic Disease (CMD)
2530320825.jpg,0,Cassava Bacterial Blight (CBB)
3234915269.jpg,0,Cassava Bacterial Blight (CBB)
4232966905.jpg,3,Cassava Mosaic Disease (CMD)
1920538853.jpg,3,Cassava Mosaic Disease (CMD)
635122883.jpg,2,Cassava Green Mottle (CGM)
3964816822.jpg,3,Cassava Mosaic Disease (CMD)
2694971765.jpg,3,Cassava Mosaic Disease (CMD)
400686072.jpg,3,Cassava Mosaic Disease (CMD)
552389666.jpg,3,Cassava Mosaic Disease (CMD)
3152106744.jpg,3,Cassava Mosaic Disease (CMD)
1770197152.jpg,4,Healthy
3514103579.jpg,3,Cassava Mosaic Disease (CMD)
2021948804.jpg,4,Healthy
2031634119.jpg,4,Healthy
4040452479.jpg,4,Healthy
190928103.jpg,2,Cassava Green Mottle (CGM)
3057285715.jpg,1,Cassava Brown Streak Disease (CBSD)
3815703262.jpg,3,Cassava Mosaic Disease (CMD)
3218913875.jpg,3,Cassava Mosaic Disease (CMD)
3299026258.jpg,3,Cassava Mosaic Disease (CMD)
3589151807.jpg,3,Cassava Mosaic Disease (CMD)
880178968.jpg,4,Healthy
4247589581.jpg,1,Cassava Brown Streak Disease (CBSD)
336804409.jpg,3,Cassava Mosaic Disease (CMD)
4275284230.jpg,3,Cassava Mosaic Disease (CMD)
2016905138.jpg,3,Cassava Mosaic Disease (CMD)
2199980417.jpg,3,Cassava Mosaic Disease (CMD)
442989383.jpg,3,Cassava Mosaic Disease (CMD)
2062313198.jpg,3,Cassava Mosaic Disease (CMD)
2543156984.jpg,3,Cassava Mosaic Disease (CMD)
459018171.jpg,4,Healthy
1673505213.jpg,3,Cassava Mosaic Disease (CMD)
620927832.jpg,2,Cassava Green Mottle (CGM)
711417337.jpg,3,Cassava Mosaic Disease (CMD)
2751784473.jpg,3,Cassava Mosaic Disease (CMD)
2016389925.jpg,1,Cassava Brown Streak Disease (CBSD)
2966278497.jpg,3,Cassava Mosaic Disease (CMD)
2447058144.jpg,3,Cassava Mosaic Disease (CMD)
3675527864.jpg,3,Cassava Mosaic Disease (CMD)
2058684347.jpg,2,Cassava Green Mottle (CGM)
3943961452.jpg,3,Cassava Mosaic Disease (CMD)
3159607599.jpg,3,Cassava Mosaic Disease (CMD)
504400425.jpg,2,Cassava Green Mottle (CGM)
2791609705.jpg,3,Cassava Mosaic Disease (CMD)
3028047509.jpg,3,Cassava Mosaic Disease (CMD)
2026049227.jpg,3,Cassava Mosaic Disease (CMD)
641590483.jpg,3,Cassava Mosaic Disease (CMD)
880947570.jpg,3,Cassava Mosaic Disease (CMD)
2831815684.jpg,3,Cassava Mosaic Disease (CMD)
2154840872.jpg,3,Cassava Mosaic Disease (CMD)
397477697.jpg,2,Cassava Green Mottle (CGM)
977106252.jpg,3,Cassava Mosaic Disease (CMD)
3743115520.jpg,3,Cassava Mosaic Disease (CMD)
1643316247.jpg,2,Cassava Green Mottle (CGM)
3402404465.jpg,2,Cassava Green Mottle (CGM)
3419650756.jpg,2,Cassava Green Mottle (CGM)
4029728754.jpg,4,Healthy
2815381590.jpg,3,Cassava Mosaic Disease (CMD)
2643209244.jpg,4,Healthy
2828211930.jpg,3,Cassava Mosaic Disease (CMD)
16538618.jpg,3,Cassava Mosaic Disease (CMD)
2748770173.jpg,4,Healthy
992748624.jpg,1,Cassava Brown Streak Disease (CBSD)
987159645.jpg,1,Cassava Brown Streak Disease (CBSD)
2319458311.jpg,3,Cassava Mosaic Disease (CMD)
2893109230.jpg,3,Cassava Mosaic Disease (CMD)
736957194.jpg,3,Cassava Mosaic Disease (CMD)
2306710719.jpg,2,Cassava Green Mottle (CGM)
795110663.jpg,3,Cassava Mosaic Disease (CMD)
2466811174.jpg,3,Cassava Mosaic Disease (CMD)
3163759153.jpg,3,Cassava Mosaic Disease (CMD)
1896666370.jpg,3,Cassava Mosaic Disease (CMD)
3878478005.jpg,2,Cassava Green Mottle (CGM)
3467700084.jpg,3,Cassava Mosaic Disease (CMD)
1716263265.jpg,3,Cassava Mosaic Disease (CMD)
2136740315.jpg,3,Cassava Mosaic Disease (CMD)
3532532206.jpg,4,Healthy
945272909.jpg,2,Cassava Green Mottle (CGM)
2753152635.jpg,2,Cassava Green Mottle (CGM)
2261494787.jpg,4,Healthy
2360058086.jpg,3,Cassava Mosaic Disease (CMD)
1744132907.jpg,2,Cassava Green Mottle (CGM)
3615279906.jpg,3,Cassava Mosaic Disease (CMD)
3035525365.jpg,3,Cassava Mosaic Disease (CMD)
3709879391.jpg,3,Cassava Mosaic Disease (CMD)
2901223259.jpg,4,Healthy
2699398200.jpg,3,Cassava Mosaic Disease (CMD)
3325973632.jpg,4,Healthy
2429254958.jpg,4,Healthy
2448969787.jpg,0,Cassava Bacterial Blight (CBB)
3936277260.jpg,3,Cassava Mosaic Disease (CMD)
1836048821.jpg,0,Cassava Bacterial Blight (CBB)
365554294.jpg,2,Cassava Green Mottle (CGM)
364494537.jpg,3,Cassava Mosaic Disease (CMD)
3273537907.jpg,3,Cassava Mosaic Disease (CMD)
739320335.jpg,3,Cassava Mosaic Disease (CMD)
3614486203.jpg,1,Cassava Brown Streak Disease (CBSD)
3895832332.jpg,3,Cassava Mosaic Disease (CMD)
2145830339.jpg,3,Cassava Mosaic Disease (CMD)
2278416618.jpg,4,Healthy
921425159.jpg,3,Cassava Mosaic Disease (CMD)
2146338076.jpg,3,Cassava Mosaic Disease (CMD)
2643505151.jpg,1,Cassava Brown Streak Disease (CBSD)
3714119135.jpg,3,Cassava Mosaic Disease (CMD)
4119371139.jpg,1,Cassava Brown Streak Disease (CBSD)
3542289007.jpg,4,Healthy
1696364421.jpg,2,Cassava Green Mottle (CGM)
4092816326.jpg,3,Cassava Mosaic Disease (CMD)
2966301769.jpg,3,Cassava Mosaic Disease (CMD)
3474356023.jpg,2,Cassava Green Mottle (CGM)
1749259802.jpg,3,Cassava Mosaic Disease (CMD)
816584530.jpg,3,Cassava Mosaic Disease (CMD)
2060856128.jpg,2,Cassava Green Mottle (CGM)
578106393.jpg,2,Cassava Green Mottle (CGM)
2938739855.jpg,4,Healthy
429071612.jpg,3,Cassava Mosaic Disease (CMD)
2394854086.jpg,1,Cassava Brown Streak Disease (CBSD)
1820017071.jpg,3,Cassava Mosaic Disease (CMD)
2249556134.jpg,2,Cassava Green Mottle (CGM)
266508251.jpg,3,Cassava Mosaic Disease (CMD)
3702701044.jpg,3,Cassava Mosaic Disease (CMD)
472465250.jpg,1,Cassava Brown Streak Disease (CBSD)
4294756187.jpg,2,Cassava Green Mottle (CGM)
733445038.jpg,3,Cassava Mosaic Disease (CMD)
3257111209.jpg,3,Cassava Mosaic Disease (CMD)
2258343852.jpg,3,Cassava Mosaic Disease (CMD)
3395212339.jpg,4,Healthy
3018835388.jpg,3,Cassava Mosaic Disease (CMD)
873125819.jpg,3,Cassava Mosaic Disease (CMD)
3821014554.jpg,3,Cassava Mosaic Disease (CMD)
302428207.jpg,3,Cassava Mosaic Disease (CMD)
2570786789.jpg,1,Cassava Brown Streak Disease (CBSD)
2968554628.jpg,2,Cassava Green Mottle (CGM)
3956075690.jpg,3,Cassava Mosaic Disease (CMD)
2367220832.jpg,3,Cassava Mosaic Disease (CMD)
693711677.jpg,3,Cassava Mosaic Disease (CMD)
640668148.jpg,3,Cassava Mosaic Disease (CMD)
673931298.jpg,3,Cassava Mosaic Disease (CMD)
90670123.jpg,4,Healthy
253312886.jpg,3,Cassava Mosaic Disease (CMD)
3608563385.jpg,1,Cassava Brown Streak Disease (CBSD)
2563788715.jpg,3,Cassava Mosaic Disease (CMD)
3822484793.jpg,2,Cassava Green Mottle (CGM)
4250754910.jpg,3,Cassava Mosaic Disease (CMD)
3888715055.jpg,2,Cassava Green Mottle (CGM)
2567573946.jpg,3,Cassava Mosaic Disease (CMD)
1618418212.jpg,3,Cassava Mosaic Disease (CMD)
460660800.jpg,3,Cassava Mosaic Disease (CMD)
435951726.jpg,4,Healthy
4003333385.jpg,2,Cassava Green Mottle (CGM)
2906227978.jpg,3,Cassava Mosaic Disease (CMD)
3479436986.jpg,3,Cassava Mosaic Disease (CMD)
748345018.jpg,3,Cassava Mosaic Disease (CMD)
830574932.jpg,0,Cassava Bacterial Blight (CBB)
813435800.jpg,2,Cassava Green Mottle (CGM)
3030726237.jpg,3,Cassava Mosaic Disease (CMD)
3882109848.jpg,3,Cassava Mosaic Disease (CMD)
3825350206.jpg,3,Cassava Mosaic Disease (CMD)
214204345.jpg,3,Cassava Mosaic Disease (CMD)
3791342812.jpg,3,Cassava Mosaic Disease (CMD)
405707941.jpg,2,Cassava Green Mottle (CGM)
1911975500.jpg,3,Cassava Mosaic Disease (CMD)
3101350755.jpg,3,Cassava Mosaic Disease (CMD)
4177519290.jpg,3,Cassava Mosaic Disease (CMD)
2826900039.jpg,4,Healthy
4253761974.jpg,4,Healthy
2458353661.jpg,3,Cassava Mosaic Disease (CMD)
2114639709.jpg,2,Cassava Green Mottle (CGM)
2772545038.jpg,0,Cassava Bacterial Blight (CBB)
3384944329.jpg,0,Cassava Bacterial Blight (CBB)
2276395594.jpg,2,Cassava Green Mottle (CGM)
781625622.jpg,3,Cassava Mosaic Disease (CMD)
3080481359.jpg,3,Cassava Mosaic Disease (CMD)
4286700834.jpg,4,Healthy
1882239524.jpg,3,Cassava Mosaic Disease (CMD)
3821551092.jpg,3,Cassava Mosaic Disease (CMD)
736694812.jpg,3,Cassava Mosaic Disease (CMD)
4038284250.jpg,3,Cassava Mosaic Disease (CMD)
4288554103.jpg,3,Cassava Mosaic Disease (CMD)
355609204.jpg,1,Cassava Brown Streak Disease (CBSD)
955794248.jpg,0,Cassava Bacterial Blight (CBB)
3553238343.jpg,3,Cassava Mosaic Disease (CMD)
506664858.jpg,2,Cassava Green Mottle (CGM)
3967002927.jpg,3,Cassava Mosaic Disease (CMD)
3361179403.jpg,3,Cassava Mosaic Disease (CMD)
1927956289.jpg,3,Cassava Mosaic Disease (CMD)
867855885.jpg,4,Healthy
2914654588.jpg,0,Cassava Bacterial Blight (CBB)
2899099004.jpg,3,Cassava Mosaic Disease (CMD)
95553397.jpg,2,Cassava Green Mottle (CGM)
3631173203.jpg,2,Cassava Green Mottle (CGM)
2533703139.jpg,3,Cassava Mosaic Disease (CMD)
3020582111.jpg,3,Cassava Mosaic Disease (CMD)
2903569390.jpg,3,Cassava Mosaic Disease (CMD)
400079356.jpg,3,Cassava Mosaic Disease (CMD)
2976549761.jpg,3,Cassava Mosaic Disease (CMD)
2373234051.jpg,3,Cassava Mosaic Disease (CMD)
2116662197.jpg,3,Cassava Mosaic Disease (CMD)
3299388322.jpg,2,Cassava Green Mottle (CGM)
823568510.jpg,3,Cassava Mosaic Disease (CMD)
3495064488.jpg,3,Cassava Mosaic Disease (CMD)
3141303004.jpg,3,Cassava Mosaic Disease (CMD)
3526942797.jpg,3,Cassava Mosaic Disease (CMD)
2088958100.jpg,3,Cassava Mosaic Disease (CMD)
1952239701.jpg,2,Cassava Green Mottle (CGM)
324248837.jpg,0,Cassava Bacterial Blight (CBB)
2154826200.jpg,4,Healthy
223143311.jpg,2,Cassava Green Mottle (CGM)
1896122351.jpg,3,Cassava Mosaic Disease (CMD)
2250638663.jpg,2,Cassava Green Mottle (CGM)
4223800974.jpg,2,Cassava Green Mottle (CGM)
2904534563.jpg,3,Cassava Mosaic Disease (CMD)
3249179889.jpg,0,Cassava Bacterial Blight (CBB)
995123333.jpg,4,Healthy
3758518969.jpg,3,Cassava Mosaic Disease (CMD)
3001133912.jpg,4,Healthy
2147229909.jpg,4,Healthy
2265643049.jpg,3,Cassava Mosaic Disease (CMD)
2520798009.jpg,1,Cassava Brown Streak Disease (CBSD)
2133889430.jpg,3,Cassava Mosaic Disease (CMD)
778148477.jpg,3,Cassava Mosaic Disease (CMD)
2262263316.jpg,1,Cassava Brown Streak Disease (CBSD)
3387497035.jpg,3,Cassava Mosaic Disease (CMD)
4147456412.jpg,3,Cassava Mosaic Disease (CMD)
2609946229.jpg,3,Cassava Mosaic Disease (CMD)
2756399551.jpg,3,Cassava Mosaic Disease (CMD)
3190222553.jpg,3,Cassava Mosaic Disease (CMD)
1612059624.jpg,2,Cassava Green Mottle (CGM)
2214576095.jpg,3,Cassava Mosaic Disease (CMD)
3441715093.jpg,3,Cassava Mosaic Disease (CMD)
2294284199.jpg,2,Cassava Green Mottle (CGM)
2085248098.jpg,3,Cassava Mosaic Disease (CMD)
612296656.jpg,3,Cassava Mosaic Disease (CMD)
2408821742.jpg,1,Cassava Brown Streak Disease (CBSD)
579498969.jpg,3,Cassava Mosaic Disease (CMD)
42586742.jpg,1,Cassava Brown Streak Disease (CBSD)
958074553.jpg,1,Cassava Brown Streak Disease (CBSD)
4177483982.jpg,2,Cassava Green Mottle (CGM)
546383916.jpg,4,Healthy
3457037921.jpg,3,Cassava Mosaic Disease (CMD)
3366388775.jpg,3,Cassava Mosaic Disease (CMD)
2216899710.jpg,3,Cassava Mosaic Disease (CMD)
3710070887.jpg,1,Cassava Brown Streak Disease (CBSD)
3137370333.jpg,3,Cassava Mosaic Disease (CMD)
3843185682.jpg,3,Cassava Mosaic Disease (CMD)
2417374571.jpg,3,Cassava Mosaic Disease (CMD)
3766160086.jpg,3,Cassava Mosaic Disease (CMD)
805915725.jpg,2,Cassava Green Mottle (CGM)
4228006175.jpg,0,Cassava Bacterial Blight (CBB)
3956605397.jpg,3,Cassava Mosaic Disease (CMD)
2106727602.jpg,3,Cassava Mosaic Disease (CMD)
2980049082.jpg,3,Cassava Mosaic Disease (CMD)
2680668340.jpg,3,Cassava Mosaic Disease (CMD)
4248105895.jpg,3,Cassava Mosaic Disease (CMD)
3859714996.jpg,4,Healthy
2059449835.jpg,3,Cassava Mosaic Disease (CMD)
3096075077.jpg,3,Cassava Mosaic Disease (CMD)
2399789608.jpg,2,Cassava Green Mottle (CGM)
3554938501.jpg,2,Cassava Green Mottle (CGM)
402875912.jpg,2,Cassava Green Mottle (CGM)
3549070816.jpg,1,Cassava Brown Streak Disease (CBSD)
645166434.jpg,3,Cassava Mosaic Disease (CMD)
3566652312.jpg,0,Cassava Bacterial Blight (CBB)
4136626919.jpg,3,Cassava Mosaic Disease (CMD)
3300470808.jpg,4,Healthy
556223341.jpg,3,Cassava Mosaic Disease (CMD)
1978611125.jpg,3,Cassava Mosaic Disease (CMD)
3385271207.jpg,0,Cassava Bacterial Blight (CBB)
2233774381.jpg,3,Cassava Mosaic Disease (CMD)
3542007623.jpg,3,Cassava Mosaic Disease (CMD)
791667524.jpg,2,Cassava Green Mottle (CGM)
4208333966.jpg,2,Cassava Green Mottle (CGM)
72147766.jpg,3,Cassava Mosaic Disease (CMD)
3683478663.jpg,3,Cassava Mosaic Disease (CMD)
3398785705.jpg,2,Cassava Green Mottle (CGM)
3271089723.jpg,2,Cassava Green Mottle (CGM)
3969928849.jpg,4,Healthy
3764883168.jpg,3,Cassava Mosaic Disease (CMD)
1869431598.jpg,3,Cassava Mosaic Disease (CMD)
2470712150.jpg,3,Cassava Mosaic Disease (CMD)
2365265934.jpg,3,Cassava Mosaic Disease (CMD)
3457201271.jpg,4,Healthy
3789300725.jpg,3,Cassava Mosaic Disease (CMD)
3775654350.jpg,3,Cassava Mosaic Disease (CMD)
2098674388.jpg,3,Cassava Mosaic Disease (CMD)
4013206965.jpg,1,Cassava Brown Streak Disease (CBSD)
410414425.jpg,3,Cassava Mosaic Disease (CMD)
3247545226.jpg,1,Cassava Brown Streak Disease (CBSD)
469487.jpg,1,Cassava Brown Streak Disease (CBSD)
586054705.jpg,0,Cassava Bacterial Blight (CBB)
1660278504.jpg,3,Cassava Mosaic Disease (CMD)
294242355.jpg,3,Cassava Mosaic Disease (CMD)
4031188863.jpg,3,Cassava Mosaic Disease (CMD)
1738493952.jpg,3,Cassava Mosaic Disease (CMD)
1757123102.jpg,4,Healthy
4114136102.jpg,1,Cassava Brown Streak Disease (CBSD)
168657905.jpg,4,Healthy
2720713385.jpg,3,Cassava Mosaic Disease (CMD)
3198959559.jpg,3,Cassava Mosaic Disease (CMD)
203087445.jpg,2,Cassava Green Mottle (CGM)
932462711.jpg,2,Cassava Green Mottle (CGM)
3894046689.jpg,3,Cassava Mosaic Disease (CMD)
2769467220.jpg,3,Cassava Mosaic Disease (CMD)
2885118531.jpg,1,Cassava Brown Streak Disease (CBSD)
3077845683.jpg,0,Cassava Bacterial Blight (CBB)
414320641.jpg,2,Cassava Green Mottle (CGM)
982241079.jpg,1,Cassava Brown Streak Disease (CBSD)
3785431429.jpg,3,Cassava Mosaic Disease (CMD)
2770727020.jpg,2,Cassava Green Mottle (CGM)
1782983052.jpg,3,Cassava Mosaic Disease (CMD)
3180218586.jpg,3,Cassava Mosaic Disease (CMD)
3751415933.jpg,3,Cassava Mosaic Disease (CMD)
3806158675.jpg,3,Cassava Mosaic Disease (CMD)
3589106075.jpg,3,Cassava Mosaic Disease (CMD)
3544289270.jpg,3,Cassava Mosaic Disease (CMD)
2953080290.jpg,3,Cassava Mosaic Disease (CMD)
3678230189.jpg,1,Cassava Brown Streak Disease (CBSD)
212585211.jpg,4,Healthy
3491458662.jpg,3,Cassava Mosaic Disease (CMD)
4186436193.jpg,3,Cassava Mosaic Disease (CMD)
1986334789.jpg,3,Cassava Mosaic Disease (CMD)
1989483426.jpg,1,Cassava Brown Streak Disease (CBSD)
2430068379.jpg,3,Cassava Mosaic Disease (CMD)
3213266841.jpg,3,Cassava Mosaic Disease (CMD)
3875805054.jpg,3,Cassava Mosaic Disease (CMD)
2352139413.jpg,3,Cassava Mosaic Disease (CMD)
2321669192.jpg,1,Cassava Brown Streak Disease (CBSD)
263737164.jpg,1,Cassava Brown Streak Disease (CBSD)
1629534694.jpg,0,Cassava Bacterial Blight (CBB)
2676338923.jpg,3,Cassava Mosaic Disease (CMD)
767931500.jpg,3,Cassava Mosaic Disease (CMD)
1960041118.jpg,1,Cassava Brown Streak Disease (CBSD)
4195586692.jpg,3,Cassava Mosaic Disease (CMD)
3427279599.jpg,1,Cassava Brown Streak Disease (CBSD)
1834263937.jpg,3,Cassava Mosaic Disease (CMD)
3589849323.jpg,1,Cassava Brown Streak Disease (CBSD)
2740240477.jpg,4,Healthy
2252885950.jpg,3,Cassava Mosaic Disease (CMD)
2820203229.jpg,3,Cassava Mosaic Disease (CMD)
375323961.jpg,3,Cassava Mosaic Disease (CMD)
3645775098.jpg,0,Cassava Bacterial Blight (CBB)
443817384.jpg,3,Cassava Mosaic Disease (CMD)
75207996.jpg,3,Cassava Mosaic Disease (CMD)
1684862826.jpg,3,Cassava Mosaic Disease (CMD)
3266675011.jpg,3,Cassava Mosaic Disease (CMD)
4008326221.jpg,3,Cassava Mosaic Disease (CMD)
3956778160.jpg,0,Cassava Bacterial Blight (CBB)
2534822734.jpg,3,Cassava Mosaic Disease (CMD)
396350327.jpg,3,Cassava Mosaic Disease (CMD)
2480234576.jpg,1,Cassava Brown Streak Disease (CBSD)
1814601844.jpg,4,Healthy
4041427827.jpg,4,Healthy
301330816.jpg,2,Cassava Green Mottle (CGM)
3015865216.jpg,3,Cassava Mosaic Disease (CMD)
2040980180.jpg,3,Cassava Mosaic Disease (CMD)
2188599184.jpg,3,Cassava Mosaic Disease (CMD)
1710141570.jpg,3,Cassava Mosaic Disease (CMD)
3485891168.jpg,0,Cassava Bacterial Blight (CBB)
4271208803.jpg,3,Cassava Mosaic Disease (CMD)
2910622888.jpg,3,Cassava Mosaic Disease (CMD)
2754438166.jpg,3,Cassava Mosaic Disease (CMD)
1968165864.jpg,3,Cassava Mosaic Disease (CMD)
3363529103.jpg,3,Cassava Mosaic Disease (CMD)
1840519830.jpg,3,Cassava Mosaic Disease (CMD)
1932084666.jpg,3,Cassava Mosaic Disease (CMD)
337218970.jpg,0,Cassava Bacterial Blight (CBB)
3097941467.jpg,0,Cassava Bacterial Blight (CBB)
2959379698.jpg,2,Cassava Green Mottle (CGM)
1817546498.jpg,3,Cassava Mosaic Disease (CMD)
3403536238.jpg,2,Cassava Green Mottle (CGM)
244091101.jpg,3,Cassava Mosaic Disease (CMD)
2141827751.jpg,3,Cassava Mosaic Disease (CMD)
2269834734.jpg,2,Cassava Green Mottle (CGM)
4059786587.jpg,4,Healthy
2464983758.jpg,0,Cassava Bacterial Blight (CBB)
2010109352.jpg,3,Cassava Mosaic Disease (CMD)
3937938312.jpg,3,Cassava Mosaic Disease (CMD)
3409236010.jpg,3,Cassava Mosaic Disease (CMD)
230268028.jpg,1,Cassava Brown Streak Disease (CBSD)
697032846.jpg,3,Cassava Mosaic Disease (CMD)
1782213029.jpg,3,Cassava Mosaic Disease (CMD)
4202232655.jpg,3,Cassava Mosaic Disease (CMD)
3197563521.jpg,3,Cassava Mosaic Disease (CMD)
995075067.jpg,4,Healthy
2357002405.jpg,2,Cassava Green Mottle (CGM)
815702740.jpg,3,Cassava Mosaic Disease (CMD)
3806925681.jpg,3,Cassava Mosaic Disease (CMD)
4120621808.jpg,3,Cassava Mosaic Disease (CMD)
734163390.jpg,4,Healthy
3738494351.jpg,1,Cassava Brown Streak Disease (CBSD)
3707322639.jpg,4,Healthy
3369247230.jpg,3,Cassava Mosaic Disease (CMD)
1959483554.jpg,1,Cassava Brown Streak Disease (CBSD)
3013286616.jpg,3,Cassava Mosaic Disease (CMD)
3332273342.jpg,3,Cassava Mosaic Disease (CMD)
2327226384.jpg,3,Cassava Mosaic Disease (CMD)
313737928.jpg,3,Cassava Mosaic Disease (CMD)
2415837573.jpg,1,Cassava Brown Streak Disease (CBSD)
2744104425.jpg,3,Cassava Mosaic Disease (CMD)
456224979.jpg,3,Cassava Mosaic Disease (CMD)
2243950685.jpg,4,Healthy
3454772304.jpg,0,Cassava Bacterial Blight (CBB)
842973014.jpg,2,Cassava Green Mottle (CGM)
2460157160.jpg,3,Cassava Mosaic Disease (CMD)
3538960735.jpg,2,Cassava Green Mottle (CGM)
458279026.jpg,2,Cassava Green Mottle (CGM)
3116658586.jpg,3,Cassava Mosaic Disease (CMD)
998910982.jpg,1,Cassava Brown Streak Disease (CBSD)
4093904731.jpg,1,Cassava Brown Streak Disease (CBSD)
2764505542.jpg,1,Cassava Brown Streak Disease (CBSD)
2156883044.jpg,3,Cassava Mosaic Disease (CMD)
3386180554.jpg,2,Cassava Green Mottle (CGM)
2329257679.jpg,4,Healthy
4275452291.jpg,3,Cassava Mosaic Disease (CMD)
4011347600.jpg,3,Cassava Mosaic Disease (CMD)
4195244088.jpg,3,Cassava Mosaic Disease (CMD)
3764673411.jpg,3,Cassava Mosaic Disease (CMD)
2869976219.jpg,3,Cassava Mosaic Disease (CMD)
1902806995.jpg,3,Cassava Mosaic Disease (CMD)
963790461.jpg,3,Cassava Mosaic Disease (CMD)
693609543.jpg,4,Healthy
1866858066.jpg,3,Cassava Mosaic Disease (CMD)
2154740842.jpg,3,Cassava Mosaic Disease (CMD)
326197492.jpg,1,Cassava Brown Streak Disease (CBSD)
2572884374.jpg,3,Cassava Mosaic Disease (CMD)
3862121693.jpg,4,Healthy
1748981350.jpg,4,Healthy
990768027.jpg,1,Cassava Brown Streak Disease (CBSD)
2541245392.jpg,3,Cassava Mosaic Disease (CMD)
2926455089.jpg,2,Cassava Green Mottle (CGM)
501634061.jpg,3,Cassava Mosaic Disease (CMD)
2454238262.jpg,2,Cassava Green Mottle (CGM)
222408445.jpg,1,Cassava Brown Streak Disease (CBSD)
408414905.jpg,3,Cassava Mosaic Disease (CMD)
4007199956.jpg,3,Cassava Mosaic Disease (CMD)
296732943.jpg,1,Cassava Brown Streak Disease (CBSD)
1889502225.jpg,3,Cassava Mosaic Disease (CMD)
2963468821.jpg,4,Healthy
210185909.jpg,3,Cassava Mosaic Disease (CMD)
2751521123.jpg,3,Cassava Mosaic Disease (CMD)
3995159118.jpg,3,Cassava Mosaic Disease (CMD)
3589976431.jpg,3,Cassava Mosaic Disease (CMD)
3968735847.jpg,3,Cassava Mosaic Disease (CMD)
1984285050.jpg,2,Cassava Green Mottle (CGM)
860380969.jpg,4,Healthy
827007782.jpg,2,Cassava Green Mottle (CGM)
3044677012.jpg,4,Healthy
2407724083.jpg,3,Cassava Mosaic Disease (CMD)
3821145878.jpg,3,Cassava Mosaic Disease (CMD)
2601538502.jpg,2,Cassava Green Mottle (CGM)
3285461264.jpg,3,Cassava Mosaic Disease (CMD)
3449482809.jpg,4,Healthy
76080816.jpg,3,Cassava Mosaic Disease (CMD)
3298543306.jpg,3,Cassava Mosaic Disease (CMD)
700772842.jpg,3,Cassava Mosaic Disease (CMD)
2225817818.jpg,2,Cassava Green Mottle (CGM)
2558884155.jpg,3,Cassava Mosaic Disease (CMD)
3949525313.jpg,3,Cassava Mosaic Disease (CMD)
3720190596.jpg,3,Cassava Mosaic Disease (CMD)
3258193135.jpg,0,Cassava Bacterial Blight (CBB)
3466589829.jpg,2,Cassava Green Mottle (CGM)
3914443109.jpg,2,Cassava Green Mottle (CGM)
491402925.jpg,3,Cassava Mosaic Disease (CMD)
3835009661.jpg,3,Cassava Mosaic Disease (CMD)
4125025056.jpg,3,Cassava Mosaic Disease (CMD)
2400136400.jpg,3,Cassava Mosaic Disease (CMD)
2821785096.jpg,3,Cassava Mosaic Disease (CMD)
1837284696.jpg,4,Healthy
984672636.jpg,3,Cassava Mosaic Disease (CMD)
301572737.jpg,1,Cassava Brown Streak Disease (CBSD)
320647422.jpg,3,Cassava Mosaic Disease (CMD)
3495104174.jpg,2,Cassava Green Mottle (CGM)
3517828847.jpg,2,Cassava Green Mottle (CGM)
2082157575.jpg,4,Healthy
2704844325.jpg,4,Healthy
2530409014.jpg,3,Cassava Mosaic Disease (CMD)
3401409874.jpg,2,Cassava Green Mottle (CGM)
2086061590.jpg,3,Cassava Mosaic Disease (CMD)
2843368967.jpg,3,Cassava Mosaic Disease (CMD)
2276075918.jpg,3,Cassava Mosaic Disease (CMD)
970899436.jpg,1,Cassava Brown Streak Disease (CBSD)
2186762771.jpg,3,Cassava Mosaic Disease (CMD)
3267434230.jpg,2,Cassava Green Mottle (CGM)
225140297.jpg,3,Cassava Mosaic Disease (CMD)
629637059.jpg,4,Healthy
1724843600.jpg,1,Cassava Brown Streak Disease (CBSD)
370523815.jpg,3,Cassava Mosaic Disease (CMD)
3914082089.jpg,2,Cassava Green Mottle (CGM)
4079437688.jpg,3,Cassava Mosaic Disease (CMD)
2832373366.jpg,3,Cassava Mosaic Disease (CMD)
2094288792.jpg,4,Healthy
1832863930.jpg,3,Cassava Mosaic Disease (CMD)
2766616797.jpg,3,Cassava Mosaic Disease (CMD)
3387521198.jpg,1,Cassava Brown Streak Disease (CBSD)
4042037111.jpg,2,Cassava Green Mottle (CGM)
3703884740.jpg,1,Cassava Brown Streak Disease (CBSD)
4172651490.jpg,3,Cassava Mosaic Disease (CMD)
4131012471.jpg,3,Cassava Mosaic Disease (CMD)
2682587481.jpg,4,Healthy
4096675395.jpg,3,Cassava Mosaic Disease (CMD)
4176018336.jpg,3,Cassava Mosaic Disease (CMD)
762338204.jpg,3,Cassava Mosaic Disease (CMD)
2657664587.jpg,3,Cassava Mosaic Disease (CMD)
496190872.jpg,3,Cassava Mosaic Disease (CMD)
742898185.jpg,3,Cassava Mosaic Disease (CMD)
2499785298.jpg,3,Cassava Mosaic Disease (CMD)
4098341362.jpg,1,Cassava Brown Streak Disease (CBSD)
2035143939.jpg,3,Cassava Mosaic Disease (CMD)
1696213009.jpg,3,Cassava Mosaic Disease (CMD)
3033568270.jpg,1,Cassava Brown Streak Disease (CBSD)
483372035.jpg,3,Cassava Mosaic Disease (CMD)
3493232417.jpg,3,Cassava Mosaic Disease (CMD)
904750787.jpg,1,Cassava Brown Streak Disease (CBSD)
1788775599.jpg,3,Cassava Mosaic Disease (CMD)
3788771379.jpg,4,Healthy
2042895796.jpg,3,Cassava Mosaic Disease (CMD)
2574815310.jpg,3,Cassava Mosaic Disease (CMD)
4290827656.jpg,3,Cassava Mosaic Disease (CMD)
3171283572.jpg,4,Healthy
3878279808.jpg,0,Cassava Bacterial Blight (CBB)
2443920111.jpg,1,Cassava Brown Streak Disease (CBSD)
824361434.jpg,3,Cassava Mosaic Disease (CMD)
442906284.jpg,3,Cassava Mosaic Disease (CMD)
2462733564.jpg,3,Cassava Mosaic Disease (CMD)
4114788959.jpg,2,Cassava Green Mottle (CGM)
3132128369.jpg,1,Cassava Brown Streak Disease (CBSD)
3225863041.jpg,3,Cassava Mosaic Disease (CMD)
3567260259.jpg,3,Cassava Mosaic Disease (CMD)
2640239935.jpg,3,Cassava Mosaic Disease (CMD)
2833208070.jpg,3,Cassava Mosaic Disease (CMD)
3671270578.jpg,3,Cassava Mosaic Disease (CMD)
304408360.jpg,3,Cassava Mosaic Disease (CMD)
3351784812.jpg,4,Healthy
2662609508.jpg,3,Cassava Mosaic Disease (CMD)
3133376122.jpg,3,Cassava Mosaic Disease (CMD)
2938887346.jpg,3,Cassava Mosaic Disease (CMD)
2854297423.jpg,3,Cassava Mosaic Disease (CMD)
479609263.jpg,3,Cassava Mosaic Disease (CMD)
3172927521.jpg,4,Healthy
451825559.jpg,0,Cassava Bacterial Blight (CBB)
3151227928.jpg,3,Cassava Mosaic Disease (CMD)
499562675.jpg,3,Cassava Mosaic Disease (CMD)
992224132.jpg,3,Cassava Mosaic Disease (CMD)
1805580430.jpg,3,Cassava Mosaic Disease (CMD)
2382642453.jpg,1,Cassava Brown Streak Disease (CBSD)
3178285037.jpg,3,Cassava Mosaic Disease (CMD)
1832098757.jpg,3,Cassava Mosaic Disease (CMD)
366475437.jpg,3,Cassava Mosaic Disease (CMD)
1701889907.jpg,3,Cassava Mosaic Disease (CMD)
469729622.jpg,1,Cassava Brown Streak Disease (CBSD)
2673819394.jpg,3,Cassava Mosaic Disease (CMD)
4009415549.jpg,3,Cassava Mosaic Disease (CMD)
4021769307.jpg,3,Cassava Mosaic Disease (CMD)
3961078700.jpg,3,Cassava Mosaic Disease (CMD)
2916644234.jpg,3,Cassava Mosaic Disease (CMD)
975560905.jpg,3,Cassava Mosaic Disease (CMD)
1758852388.jpg,3,Cassava Mosaic Disease (CMD)
1850537552.jpg,3,Cassava Mosaic Disease (CMD)
3391940260.jpg,2,Cassava Green Mottle (CGM)
2501557988.jpg,3,Cassava Mosaic Disease (CMD)
1792460758.jpg,4,Healthy
3271199232.jpg,3,Cassava Mosaic Disease (CMD)
2178423983.jpg,2,Cassava Green Mottle (CGM)
2968477250.jpg,3,Cassava Mosaic Disease (CMD)
4180192243.jpg,3,Cassava Mosaic Disease (CMD)
3945524682.jpg,3,Cassava Mosaic Disease (CMD)
770022346.jpg,4,Healthy
3878854578.jpg,2,Cassava Green Mottle (CGM)
1653382438.jpg,2,Cassava Green Mottle (CGM)
3978345491.jpg,3,Cassava Mosaic Disease (CMD)
2892116713.jpg,3,Cassava Mosaic Disease (CMD)
2985118735.jpg,3,Cassava Mosaic Disease (CMD)
1823544531.jpg,3,Cassava Mosaic Disease (CMD)
85222011.jpg,3,Cassava Mosaic Disease (CMD)
366050903.jpg,3,Cassava Mosaic Disease (CMD)
1714701345.jpg,1,Cassava Brown Streak Disease (CBSD)
429193832.jpg,3,Cassava Mosaic Disease (CMD)
2862778126.jpg,3,Cassava Mosaic Disease (CMD)
3411831481.jpg,3,Cassava Mosaic Disease (CMD)
1648724139.jpg,4,Healthy
3491811228.jpg,3,Cassava Mosaic Disease (CMD)
3913747475.jpg,1,Cassava Brown Streak Disease (CBSD)
2181413272.jpg,3,Cassava Mosaic Disease (CMD)
2009674442.jpg,3,Cassava Mosaic Disease (CMD)
2626502975.jpg,3,Cassava Mosaic Disease (CMD)
771588286.jpg,3,Cassava Mosaic Disease (CMD)
2971311269.jpg,3,Cassava Mosaic Disease (CMD)
678779380.jpg,3,Cassava Mosaic Disease (CMD)
3633769528.jpg,3,Cassava Mosaic Disease (CMD)
488621358.jpg,3,Cassava Mosaic Disease (CMD)
3846724248.jpg,3,Cassava Mosaic Disease (CMD)
2465100759.jpg,3,Cassava Mosaic Disease (CMD)
4046290790.jpg,3,Cassava Mosaic Disease (CMD)
288799887.jpg,3,Cassava Mosaic Disease (CMD)
4137525990.jpg,2,Cassava Green Mottle (CGM)
3408953915.jpg,1,Cassava Brown Streak Disease (CBSD)
2998282647.jpg,0,Cassava Bacterial Blight (CBB)
2133487069.jpg,3,Cassava Mosaic Disease (CMD)
1909574970.jpg,0,Cassava Bacterial Blight (CBB)
725027388.jpg,3,Cassava Mosaic Disease (CMD)
3658819051.jpg,3,Cassava Mosaic Disease (CMD)
3317135400.jpg,3,Cassava Mosaic Disease (CMD)
2460344945.jpg,3,Cassava Mosaic Disease (CMD)
1958104279.jpg,3,Cassava Mosaic Disease (CMD)
272796178.jpg,3,Cassava Mosaic Disease (CMD)
3735187372.jpg,3,Cassava Mosaic Disease (CMD)
433569439.jpg,2,Cassava Green Mottle (CGM)
4075320498.jpg,3,Cassava Mosaic Disease (CMD)
4025590571.jpg,3,Cassava Mosaic Disease (CMD)
4115513115.jpg,2,Cassava Green Mottle (CGM)
2278743818.jpg,4,Healthy
1613820742.jpg,4,Healthy
3978175497.jpg,4,Healthy
2288946965.jpg,1,Cassava Brown Streak Disease (CBSD)
922100024.jpg,1,Cassava Brown Streak Disease (CBSD)
3855509491.jpg,3,Cassava Mosaic Disease (CMD)
2875593813.jpg,4,Healthy
4282894767.jpg,0,Cassava Bacterial Blight (CBB)
1906649077.jpg,4,Healthy
3691200692.jpg,4,Healthy
321186710.jpg,3,Cassava Mosaic Disease (CMD)
3558515424.jpg,3,Cassava Mosaic Disease (CMD)
1712458333.jpg,2,Cassava Green Mottle (CGM)
2406261775.jpg,0,Cassava Bacterial Blight (CBB)
3944375871.jpg,3,Cassava Mosaic Disease (CMD)
4017689394.jpg,3,Cassava Mosaic Disease (CMD)
3715871015.jpg,2,Cassava Green Mottle (CGM)
678150539.jpg,4,Healthy
2255774334.jpg,0,Cassava Bacterial Blight (CBB)
2497160011.jpg,0,Cassava Bacterial Blight (CBB)
4149713617.jpg,3,Cassava Mosaic Disease (CMD)
3281399480.jpg,3,Cassava Mosaic Disease (CMD)
2213446334.jpg,3,Cassava Mosaic Disease (CMD)
2186189358.jpg,3,Cassava Mosaic Disease (CMD)
3460239592.jpg,1,Cassava Brown Streak Disease (CBSD)
2882347147.jpg,1,Cassava Brown Streak Disease (CBSD)
290867441.jpg,1,Cassava Brown Streak Disease (CBSD)
2892596636.jpg,0,Cassava Bacterial Blight (CBB)
911449508.jpg,4,Healthy
2516805400.jpg,3,Cassava Mosaic Disease (CMD)
2824560733.jpg,3,Cassava Mosaic Disease (CMD)
3008164148.jpg,2,Cassava Green Mottle (CGM)
2536929613.jpg,3,Cassava Mosaic Disease (CMD)
4000041992.jpg,2,Cassava Green Mottle (CGM)
2070022132.jpg,4,Healthy
3048984655.jpg,3,Cassava Mosaic Disease (CMD)
1919707179.jpg,3,Cassava Mosaic Disease (CMD)
3703439317.jpg,4,Healthy
4137735351.jpg,3,Cassava Mosaic Disease (CMD)
3810425289.jpg,0,Cassava Bacterial Blight (CBB)
3735941988.jpg,3,Cassava Mosaic Disease (CMD)
3899800621.jpg,4,Healthy
1902233349.jpg,3,Cassava Mosaic Disease (CMD)
2432086277.jpg,1,Cassava Brown Streak Disease (CBSD)
2716766472.jpg,3,Cassava Mosaic Disease (CMD)
3386959846.jpg,3,Cassava Mosaic Disease (CMD)
2502748604.jpg,3,Cassava Mosaic Disease (CMD)
1940582404.jpg,3,Cassava Mosaic Disease (CMD)
3307939113.jpg,2,Cassava Green Mottle (CGM)
236939570.jpg,3,Cassava Mosaic Disease (CMD)
817459754.jpg,3,Cassava Mosaic Disease (CMD)
3964124529.jpg,2,Cassava Green Mottle (CGM)
1633926971.jpg,3,Cassava Mosaic Disease (CMD)
2140927238.jpg,3,Cassava Mosaic Disease (CMD)
2278265576.jpg,2,Cassava Green Mottle (CGM)
2251583230.jpg,1,Cassava Brown Streak Disease (CBSD)
3362918699.jpg,3,Cassava Mosaic Disease (CMD)
3991445025.jpg,1,Cassava Brown Streak Disease (CBSD)
3316569726.jpg,2,Cassava Green Mottle (CGM)
2446013457.jpg,3,Cassava Mosaic Disease (CMD)
3718724098.jpg,1,Cassava Brown Streak Disease (CBSD)
2385423168.jpg,2,Cassava Green Mottle (CGM)
2188313592.jpg,3,Cassava Mosaic Disease (CMD)
4145817013.jpg,1,Cassava Brown Streak Disease (CBSD)
2852554311.jpg,1,Cassava Brown Streak Disease (CBSD)
2483366059.jpg,3,Cassava Mosaic Disease (CMD)
4279465930.jpg,3,Cassava Mosaic Disease (CMD)
2342730334.jpg,3,Cassava Mosaic Disease (CMD)
2009623499.jpg,3,Cassava Mosaic Disease (CMD)
4268549566.jpg,3,Cassava Mosaic Disease (CMD)
3606039415.jpg,3,Cassava Mosaic Disease (CMD)
3774494718.jpg,3,Cassava Mosaic Disease (CMD)
948836344.jpg,4,Healthy
2899766947.jpg,3,Cassava Mosaic Disease (CMD)
4080548789.jpg,3,Cassava Mosaic Disease (CMD)
957199549.jpg,1,Cassava Brown Streak Disease (CBSD)
4269208386.jpg,1,Cassava Brown Streak Disease (CBSD)
3141546984.jpg,3,Cassava Mosaic Disease (CMD)
4072965036.jpg,4,Healthy
1708593214.jpg,0,Cassava Bacterial Blight (CBB)
3153252617.jpg,1,Cassava Brown Streak Disease (CBSD)
2495474828.jpg,3,Cassava Mosaic Disease (CMD)
2529607609.jpg,4,Healthy
3084221499.jpg,3,Cassava Mosaic Disease (CMD)
1855389006.jpg,4,Healthy
3432358469.jpg,1,Cassava Brown Streak Disease (CBSD)
2083183851.jpg,3,Cassava Mosaic Disease (CMD)
3707541990.jpg,3,Cassava Mosaic Disease (CMD)
2824543301.jpg,3,Cassava Mosaic Disease (CMD)
2832882740.jpg,3,Cassava Mosaic Disease (CMD)
3205585005.jpg,0,Cassava Bacterial Blight (CBB)
1841269407.jpg,0,Cassava Bacterial Blight (CBB)
3939484904.jpg,1,Cassava Brown Streak Disease (CBSD)
3865170534.jpg,3,Cassava Mosaic Disease (CMD)
2342506991.jpg,2,Cassava Green Mottle (CGM)
2846421039.jpg,4,Healthy
2751319836.jpg,1,Cassava Brown Streak Disease (CBSD)
2132066482.jpg,3,Cassava Mosaic Disease (CMD)
902139572.jpg,3,Cassava Mosaic Disease (CMD)
382224277.jpg,3,Cassava Mosaic Disease (CMD)
286515278.jpg,3,Cassava Mosaic Disease (CMD)
3624802208.jpg,3,Cassava Mosaic Disease (CMD)
3412736398.jpg,3,Cassava Mosaic Disease (CMD)
844267975.jpg,2,Cassava Green Mottle (CGM)
2932008073.jpg,1,Cassava Brown Streak Disease (CBSD)
1689724096.jpg,3,Cassava Mosaic Disease (CMD)
2117358649.jpg,1,Cassava Brown Streak Disease (CBSD)
2587638393.jpg,2,Cassava Green Mottle (CGM)
321055434.jpg,1,Cassava Brown Streak Disease (CBSD)
2328106144.jpg,1,Cassava Brown Streak Disease (CBSD)
731497931.jpg,3,Cassava Mosaic Disease (CMD)
3521428910.jpg,1,Cassava Brown Streak Disease (CBSD)
3575970076.jpg,3,Cassava Mosaic Disease (CMD)
3651958252.jpg,3,Cassava Mosaic Disease (CMD)
165797964.jpg,3,Cassava Mosaic Disease (CMD)
3672292589.jpg,3,Cassava Mosaic Disease (CMD)
3858318600.jpg,2,Cassava Green Mottle (CGM)
631859689.jpg,2,Cassava Green Mottle (CGM)
1708635198.jpg,2,Cassava Green Mottle (CGM)
162248100.jpg,3,Cassava Mosaic Disease (CMD)
1906662889.jpg,3,Cassava Mosaic Disease (CMD)
301917364.jpg,2,Cassava Green Mottle (CGM)
3868197041.jpg,3,Cassava Mosaic Disease (CMD)
3007927224.jpg,4,Healthy
3865023649.jpg,2,Cassava Green Mottle (CGM)
2747174004.jpg,3,Cassava Mosaic Disease (CMD)
3197791330.jpg,3,Cassava Mosaic Disease (CMD)
3997092474.jpg,3,Cassava Mosaic Disease (CMD)
3741438822.jpg,4,Healthy
417726822.jpg,3,Cassava Mosaic Disease (CMD)
3271545920.jpg,3,Cassava Mosaic Disease (CMD)
2365989054.jpg,3,Cassava Mosaic Disease (CMD)
3654735645.jpg,1,Cassava Brown Streak Disease (CBSD)
3854645209.jpg,3,Cassava Mosaic Disease (CMD)
1697161067.jpg,0,Cassava Bacterial Blight (CBB)
793076912.jpg,1,Cassava Brown Streak Disease (CBSD)
4002359446.jpg,3,Cassava Mosaic Disease (CMD)
1874752223.jpg,2,Cassava Green Mottle (CGM)
2473286391.jpg,3,Cassava Mosaic Disease (CMD)
540817686.jpg,3,Cassava Mosaic Disease (CMD)
3401150171.jpg,2,Cassava Green Mottle (CGM)
2489350383.jpg,4,Healthy
2308841380.jpg,0,Cassava Bacterial Blight (CBB)
3356800378.jpg,3,Cassava Mosaic Disease (CMD)
3719374465.jpg,0,Cassava Bacterial Blight (CBB)
1736794140.jpg,3,Cassava Mosaic Disease (CMD)
3689152514.jpg,3,Cassava Mosaic Disease (CMD)
2948560860.jpg,3,Cassava Mosaic Disease (CMD)
266293196.jpg,3,Cassava Mosaic Disease (CMD)
478546048.jpg,4,Healthy
3446252418.jpg,3,Cassava Mosaic Disease (CMD)
3116602626.jpg,4,Healthy
2523649190.jpg,3,Cassava Mosaic Disease (CMD)
957970680.jpg,1,Cassava Brown Streak Disease (CBSD)
3723227529.jpg,4,Healthy
279235285.jpg,3,Cassava Mosaic Disease (CMD)
1724389258.jpg,3,Cassava Mosaic Disease (CMD)
3114874377.jpg,3,Cassava Mosaic Disease (CMD)
2108674538.jpg,3,Cassava Mosaic Disease (CMD)
344288315.jpg,0,Cassava Bacterial Blight (CBB)
2854111497.jpg,1,Cassava Brown Streak Disease (CBSD)
3612391519.jpg,4,Healthy
2424512992.jpg,3,Cassava Mosaic Disease (CMD)
250881112.jpg,3,Cassava Mosaic Disease (CMD)
1847878372.jpg,3,Cassava Mosaic Disease (CMD)
3301514895.jpg,3,Cassava Mosaic Disease (CMD)
401014506.jpg,3,Cassava Mosaic Disease (CMD)
938858274.jpg,0,Cassava Bacterial Blight (CBB)
1932481347.jpg,0,Cassava Bacterial Blight (CBB)
1644070487.jpg,3,Cassava Mosaic Disease (CMD)
2625055972.jpg,3,Cassava Mosaic Disease (CMD)
553294224.jpg,0,Cassava Bacterial Blight (CBB)
2038741619.jpg,3,Cassava Mosaic Disease (CMD)
74649970.jpg,3,Cassava Mosaic Disease (CMD)
3757070320.jpg,3,Cassava Mosaic Disease (CMD)
256687729.jpg,3,Cassava Mosaic Disease (CMD)
236211196.jpg,3,Cassava Mosaic Disease (CMD)
3153425687.jpg,3,Cassava Mosaic Disease (CMD)
4293817306.jpg,2,Cassava Green Mottle (CGM)
293936551.jpg,3,Cassava Mosaic Disease (CMD)
241826799.jpg,4,Healthy
3360732633.jpg,3,Cassava Mosaic Disease (CMD)
636474296.jpg,2,Cassava Green Mottle (CGM)
4065661474.jpg,3,Cassava Mosaic Disease (CMD)
2442082481.jpg,3,Cassava Mosaic Disease (CMD)
3828986510.jpg,3,Cassava Mosaic Disease (CMD)
3702802130.jpg,3,Cassava Mosaic Disease (CMD)
1759042176.jpg,2,Cassava Green Mottle (CGM)
2681075727.jpg,3,Cassava Mosaic Disease (CMD)
4242793741.jpg,3,Cassava Mosaic Disease (CMD)
2174381903.jpg,3,Cassava Mosaic Disease (CMD)
970540696.jpg,3,Cassava Mosaic Disease (CMD)
3344412896.jpg,4,Healthy
647379181.jpg,3,Cassava Mosaic Disease (CMD)
4270993331.jpg,3,Cassava Mosaic Disease (CMD)
2376480067.jpg,3,Cassava Mosaic Disease (CMD)
2605967129.jpg,3,Cassava Mosaic Disease (CMD)
3200925121.jpg,3,Cassava Mosaic Disease (CMD)
3168083400.jpg,3,Cassava Mosaic Disease (CMD)
3665275868.jpg,3,Cassava Mosaic Disease (CMD)
1939666540.jpg,3,Cassava Mosaic Disease (CMD)
2499466480.jpg,4,Healthy
2226248515.jpg,3,Cassava Mosaic Disease (CMD)
2563710464.jpg,3,Cassava Mosaic Disease (CMD)
3921328805.jpg,1,Cassava Brown Streak Disease (CBSD)
2976467043.jpg,1,Cassava Brown Streak Disease (CBSD)
2486687383.jpg,3,Cassava Mosaic Disease (CMD)
2175567661.jpg,3,Cassava Mosaic Disease (CMD)
936942979.jpg,4,Healthy
639068838.jpg,3,Cassava Mosaic Disease (CMD)
3734410646.jpg,0,Cassava Bacterial Blight (CBB)
4025247063.jpg,3,Cassava Mosaic Disease (CMD)
3312370190.jpg,3,Cassava Mosaic Disease (CMD)
2606245398.jpg,3,Cassava Mosaic Disease (CMD)
752884975.jpg,1,Cassava Brown Streak Disease (CBSD)
2021955535.jpg,3,Cassava Mosaic Disease (CMD)
3191071294.jpg,1,Cassava Brown Streak Disease (CBSD)
1873436140.jpg,3,Cassava Mosaic Disease (CMD)
976098356.jpg,3,Cassava Mosaic Disease (CMD)
77379532.jpg,3,Cassava Mosaic Disease (CMD)
3188953817.jpg,2,Cassava Green Mottle (CGM)
2693189055.jpg,3,Cassava Mosaic Disease (CMD)
1602542703.jpg,4,Healthy
2138098761.jpg,3,Cassava Mosaic Disease (CMD)
2698271190.jpg,0,Cassava Bacterial Blight (CBB)
3989761123.jpg,4,Healthy
4277729347.jpg,1,Cassava Brown Streak Disease (CBSD)
1793168454.jpg,4,Healthy
83335504.jpg,2,Cassava Green Mottle (CGM)
467965750.jpg,3,Cassava Mosaic Disease (CMD)
1935951907.jpg,3,Cassava Mosaic Disease (CMD)
619372394.jpg,3,Cassava Mosaic Disease (CMD)
1595141360.jpg,0,Cassava Bacterial Blight (CBB)
476295659.jpg,4,Healthy
2995416901.jpg,4,Healthy
3987330899.jpg,3,Cassava Mosaic Disease (CMD)
1937179259.jpg,2,Cassava Green Mottle (CGM)
2282620125.jpg,3,Cassava Mosaic Disease (CMD)
746879421.jpg,0,Cassava Bacterial Blight (CBB)
2689977524.jpg,3,Cassava Mosaic Disease (CMD)
4144515023.jpg,3,Cassava Mosaic Disease (CMD)
2876258048.jpg,1,Cassava Brown Streak Disease (CBSD)
830369134.jpg,3,Cassava Mosaic Disease (CMD)
630454798.jpg,3,Cassava Mosaic Disease (CMD)
3750531615.jpg,2,Cassava Green Mottle (CGM)
3303422256.jpg,3,Cassava Mosaic Disease (CMD)
3067487945.jpg,3,Cassava Mosaic Disease (CMD)
817366566.jpg,3,Cassava Mosaic Disease (CMD)
1712397585.jpg,1,Cassava Brown Streak Disease (CBSD)
748404648.jpg,3,Cassava Mosaic Disease (CMD)
3646458335.jpg,3,Cassava Mosaic Disease (CMD)
3035140922.jpg,4,Healthy
2962685748.jpg,3,Cassava Mosaic Disease (CMD)
1996317543.jpg,2,Cassava Green Mottle (CGM)
922802657.jpg,3,Cassava Mosaic Disease (CMD)
2509756796.jpg,3,Cassava Mosaic Disease (CMD)
364253152.jpg,4,Healthy
3018620634.jpg,3,Cassava Mosaic Disease (CMD)
234373089.jpg,3,Cassava Mosaic Disease (CMD)
3589419894.jpg,3,Cassava Mosaic Disease (CMD)
4100436529.jpg,3,Cassava Mosaic Disease (CMD)
1874912757.jpg,3,Cassava Mosaic Disease (CMD)
4036105950.jpg,3,Cassava Mosaic Disease (CMD)
3097857862.jpg,3,Cassava Mosaic Disease (CMD)
840889363.jpg,3,Cassava Mosaic Disease (CMD)
179186914.jpg,4,Healthy
2582422304.jpg,0,Cassava Bacterial Blight (CBB)
3626834994.jpg,3,Cassava Mosaic Disease (CMD)
3651348948.jpg,3,Cassava Mosaic Disease (CMD)
3508055707.jpg,1,Cassava Brown Streak Disease (CBSD)
3725405547.jpg,3,Cassava Mosaic Disease (CMD)
2521365018.jpg,4,Healthy
2255664961.jpg,0,Cassava Bacterial Blight (CBB)
3127910511.jpg,3,Cassava Mosaic Disease (CMD)
4156138691.jpg,0,Cassava Bacterial Blight (CBB)
30167147.jpg,3,Cassava Mosaic Disease (CMD)
403735844.jpg,3,Cassava Mosaic Disease (CMD)
3560558038.jpg,4,Healthy
4267085223.jpg,3,Cassava Mosaic Disease (CMD)
3936500329.jpg,1,Cassava Brown Streak Disease (CBSD)
206432986.jpg,4,Healthy
2139921753.jpg,3,Cassava Mosaic Disease (CMD)
3631281208.jpg,3,Cassava Mosaic Disease (CMD)
2302182518.jpg,3,Cassava Mosaic Disease (CMD)
4188255023.jpg,3,Cassava Mosaic Disease (CMD)
3625017880.jpg,3,Cassava Mosaic Disease (CMD)
2147795109.jpg,3,Cassava Mosaic Disease (CMD)
2809660015.jpg,2,Cassava Green Mottle (CGM)
3549527627.jpg,3,Cassava Mosaic Disease (CMD)
951326010.jpg,1,Cassava Brown Streak Disease (CBSD)
3609260930.jpg,4,Healthy
2722971247.jpg,3,Cassava Mosaic Disease (CMD)
688748124.jpg,3,Cassava Mosaic Disease (CMD)
277345208.jpg,3,Cassava Mosaic Disease (CMD)
1866368464.jpg,4,Healthy
2635668715.jpg,3,Cassava Mosaic Disease (CMD)
3946409758.jpg,4,Healthy
4160794520.jpg,3,Cassava Mosaic Disease (CMD)
1851047251.jpg,2,Cassava Green Mottle (CGM)
2690224472.jpg,4,Healthy
3606759049.jpg,1,Cassava Brown Streak Disease (CBSD)
3315174323.jpg,1,Cassava Brown Streak Disease (CBSD)
452338583.jpg,3,Cassava Mosaic Disease (CMD)
3279028248.jpg,3,Cassava Mosaic Disease (CMD)
2265583516.jpg,3,Cassava Mosaic Disease (CMD)
2259811293.jpg,4,Healthy
4054666662.jpg,4,Healthy
969069572.jpg,0,Cassava Bacterial Blight (CBB)
3649285117.jpg,1,Cassava Brown Streak Disease (CBSD)
3571158096.jpg,3,Cassava Mosaic Disease (CMD)
3945302689.jpg,3,Cassava Mosaic Disease (CMD)
3059656933.jpg,2,Cassava Green Mottle (CGM)
2596539007.jpg,3,Cassava Mosaic Disease (CMD)
651017189.jpg,3,Cassava Mosaic Disease (CMD)
3861147532.jpg,3,Cassava Mosaic Disease (CMD)
82290706.jpg,4,Healthy
3609442058.jpg,3,Cassava Mosaic Disease (CMD)
3749655520.jpg,3,Cassava Mosaic Disease (CMD)
1811474969.jpg,3,Cassava Mosaic Disease (CMD)
2536424998.jpg,1,Cassava Brown Streak Disease (CBSD)
3888912096.jpg,4,Healthy
903439156.jpg,3,Cassava Mosaic Disease (CMD)
3028069044.jpg,3,Cassava Mosaic Disease (CMD)
4279248558.jpg,3,Cassava Mosaic Disease (CMD)
691286710.jpg,3,Cassava Mosaic Disease (CMD)
4186913818.jpg,3,Cassava Mosaic Disease (CMD)
165934128.jpg,3,Cassava Mosaic Disease (CMD)
2976948645.jpg,3,Cassava Mosaic Disease (CMD)
459727273.jpg,3,Cassava Mosaic Disease (CMD)
3658421599.jpg,3,Cassava Mosaic Disease (CMD)
3658178204.jpg,3,Cassava Mosaic Disease (CMD)
478370518.jpg,4,Healthy
446986430.jpg,3,Cassava Mosaic Disease (CMD)
3462467027.jpg,3,Cassava Mosaic Disease (CMD)
702619228.jpg,2,Cassava Green Mottle (CGM)
611122414.jpg,3,Cassava Mosaic Disease (CMD)
2908769116.jpg,2,Cassava Green Mottle (CGM)
2510221236.jpg,1,Cassava Brown Streak Disease (CBSD)
3177385615.jpg,3,Cassava Mosaic Disease (CMD)
3786378837.jpg,3,Cassava Mosaic Disease (CMD)
598574502.jpg,4,Healthy
4212247949.jpg,3,Cassava Mosaic Disease (CMD)
1875934102.jpg,4,Healthy
2525296181.jpg,3,Cassava Mosaic Disease (CMD)
2696688759.jpg,3,Cassava Mosaic Disease (CMD)
499152575.jpg,3,Cassava Mosaic Disease (CMD)
372913669.jpg,2,Cassava Green Mottle (CGM)
656522898.jpg,3,Cassava Mosaic Disease (CMD)
764276739.jpg,3,Cassava Mosaic Disease (CMD)
2929669702.jpg,3,Cassava Mosaic Disease (CMD)
5664536.jpg,3,Cassava Mosaic Disease (CMD)
2322385914.jpg,3,Cassava Mosaic Disease (CMD)
3022329873.jpg,4,Healthy
371833279.jpg,3,Cassava Mosaic Disease (CMD)
1890187078.jpg,1,Cassava Brown Streak Disease (CBSD)
3951445657.jpg,0,Cassava Bacterial Blight (CBB)
50441514.jpg,3,Cassava Mosaic Disease (CMD)
2603033140.jpg,3,Cassava Mosaic Disease (CMD)
196827889.jpg,3,Cassava Mosaic Disease (CMD)
220845966.jpg,4,Healthy
3258749650.jpg,4,Healthy
1709988412.jpg,1,Cassava Brown Streak Disease (CBSD)
3451141305.jpg,4,Healthy
3485603790.jpg,0,Cassava Bacterial Blight (CBB)
2494764703.jpg,2,Cassava Green Mottle (CGM)
2047483616.jpg,3,Cassava Mosaic Disease (CMD)
3120878969.jpg,3,Cassava Mosaic Disease (CMD)
2301906836.jpg,1,Cassava Brown Streak Disease (CBSD)
2979197667.jpg,3,Cassava Mosaic Disease (CMD)
2601029045.jpg,3,Cassava Mosaic Disease (CMD)
4286158151.jpg,1,Cassava Brown Streak Disease (CBSD)
429982747.jpg,3,Cassava Mosaic Disease (CMD)
4215655540.jpg,3,Cassava Mosaic Disease (CMD)
4088464085.jpg,0,Cassava Bacterial Blight (CBB)
2315485719.jpg,0,Cassava Bacterial Blight (CBB)
3040986534.jpg,4,Healthy
2458410861.jpg,3,Cassava Mosaic Disease (CMD)
2349205235.jpg,3,Cassava Mosaic Disease (CMD)
3469093921.jpg,0,Cassava Bacterial Blight (CBB)
222467790.jpg,2,Cassava Green Mottle (CGM)
455136283.jpg,3,Cassava Mosaic Disease (CMD)
3885885091.jpg,3,Cassava Mosaic Disease (CMD)
477484606.jpg,4,Healthy
2092518082.jpg,3,Cassava Mosaic Disease (CMD)
3341399978.jpg,3,Cassava Mosaic Disease (CMD)
1695268361.jpg,1,Cassava Brown Streak Disease (CBSD)
3241593592.jpg,2,Cassava Green Mottle (CGM)
573623784.jpg,3,Cassava Mosaic Disease (CMD)
290357999.jpg,3,Cassava Mosaic Disease (CMD)
4197541916.jpg,3,Cassava Mosaic Disease (CMD)
4249699505.jpg,3,Cassava Mosaic Disease (CMD)
544530143.jpg,0,Cassava Bacterial Blight (CBB)
550742055.jpg,3,Cassava Mosaic Disease (CMD)
3402470233.jpg,3,Cassava Mosaic Disease (CMD)
3676307859.jpg,4,Healthy
2162461644.jpg,2,Cassava Green Mottle (CGM)
310418118.jpg,3,Cassava Mosaic Disease (CMD)
2261535217.jpg,3,Cassava Mosaic Disease (CMD)
1768669927.jpg,1,Cassava Brown Streak Disease (CBSD)
2156331801.jpg,1,Cassava Brown Streak Disease (CBSD)
885374983.jpg,3,Cassava Mosaic Disease (CMD)
363497551.jpg,3,Cassava Mosaic Disease (CMD)
2028419777.jpg,3,Cassava Mosaic Disease (CMD)
417059979.jpg,3,Cassava Mosaic Disease (CMD)
3227289141.jpg,4,Healthy
3767498926.jpg,2,Cassava Green Mottle (CGM)
3099904843.jpg,4,Healthy
3957562076.jpg,2,Cassava Green Mottle (CGM)
3222671567.jpg,3,Cassava Mosaic Disease (CMD)
3233610742.jpg,3,Cassava Mosaic Disease (CMD)
4124205703.jpg,3,Cassava Mosaic Disease (CMD)
1699816187.jpg,3,Cassava Mosaic Disease (CMD)
3792116184.jpg,3,Cassava Mosaic Disease (CMD)
3579768234.jpg,3,Cassava Mosaic Disease (CMD)
2098716407.jpg,3,Cassava Mosaic Disease (CMD)
1687942167.jpg,3,Cassava Mosaic Disease (CMD)
296985472.jpg,3,Cassava Mosaic Disease (CMD)
2054174491.jpg,3,Cassava Mosaic Disease (CMD)
2109198789.jpg,0,Cassava Bacterial Blight (CBB)
606006336.jpg,3,Cassava Mosaic Disease (CMD)
3687362461.jpg,3,Cassava Mosaic Disease (CMD)
3063317075.jpg,2,Cassava Green Mottle (CGM)
3767196717.jpg,0,Cassava Bacterial Blight (CBB)
2130791173.jpg,3,Cassava Mosaic Disease (CMD)
1753872657.jpg,3,Cassava Mosaic Disease (CMD)
600691544.jpg,2,Cassava Green Mottle (CGM)
166038756.jpg,3,Cassava Mosaic Disease (CMD)
3619611335.jpg,4,Healthy
723564013.jpg,1,Cassava Brown Streak Disease (CBSD)
1677901945.jpg,4,Healthy
3822294859.jpg,3,Cassava Mosaic Disease (CMD)
2983217292.jpg,3,Cassava Mosaic Disease (CMD)
2663666657.jpg,3,Cassava Mosaic Disease (CMD)
1686888779.jpg,3,Cassava Mosaic Disease (CMD)
1768676175.jpg,3,Cassava Mosaic Disease (CMD)
749454717.jpg,3,Cassava Mosaic Disease (CMD)
2083398959.jpg,3,Cassava Mosaic Disease (CMD)
4157923017.jpg,4,Healthy
772210592.jpg,3,Cassava Mosaic Disease (CMD)
296895333.jpg,3,Cassava Mosaic Disease (CMD)
750645140.jpg,2,Cassava Green Mottle (CGM)
3110947169.jpg,3,Cassava Mosaic Disease (CMD)
916221971.jpg,3,Cassava Mosaic Disease (CMD)
2768458456.jpg,3,Cassava Mosaic Disease (CMD)
3395914437.jpg,3,Cassava Mosaic Disease (CMD)
901063337.jpg,3,Cassava Mosaic Disease (CMD)
3090978952.jpg,4,Healthy
62771226.jpg,3,Cassava Mosaic Disease (CMD)
554618944.jpg,3,Cassava Mosaic Disease (CMD)
745723934.jpg,3,Cassava Mosaic Disease (CMD)
2962131870.jpg,3,Cassava Mosaic Disease (CMD)
2518535006.jpg,2,Cassava Green Mottle (CGM)
2442826642.jpg,3,Cassava Mosaic Disease (CMD)
3082980433.jpg,3,Cassava Mosaic Disease (CMD)
489562516.jpg,3,Cassava Mosaic Disease (CMD)
2920798001.jpg,4,Healthy
2354318365.jpg,3,Cassava Mosaic Disease (CMD)
2073687427.jpg,3,Cassava Mosaic Disease (CMD)
157078263.jpg,3,Cassava Mosaic Disease (CMD)
3495009786.jpg,3,Cassava Mosaic Disease (CMD)
580859644.jpg,3,Cassava Mosaic Disease (CMD)
3003520736.jpg,3,Cassava Mosaic Disease (CMD)
3653109500.jpg,3,Cassava Mosaic Disease (CMD)
661795879.jpg,1,Cassava Brown Streak Disease (CBSD)
2840067071.jpg,4,Healthy
1984779021.jpg,4,Healthy
249475993.jpg,3,Cassava Mosaic Disease (CMD)
3472675178.jpg,1,Cassava Brown Streak Disease (CBSD)
2191624068.jpg,4,Healthy
3345498406.jpg,3,Cassava Mosaic Disease (CMD)
3393956189.jpg,4,Healthy
3844780526.jpg,0,Cassava Bacterial Blight (CBB)
1955593509.jpg,1,Cassava Brown Streak Disease (CBSD)
3500765426.jpg,3,Cassava Mosaic Disease (CMD)
573039129.jpg,2,Cassava Green Mottle (CGM)
648438978.jpg,3,Cassava Mosaic Disease (CMD)
56813625.jpg,3,Cassava Mosaic Disease (CMD)
3107723023.jpg,3,Cassava Mosaic Disease (CMD)
2275462714.jpg,3,Cassava Mosaic Disease (CMD)
214682484.jpg,4,Healthy
3404947416.jpg,3,Cassava Mosaic Disease (CMD)
4134583704.jpg,1,Cassava Brown Streak Disease (CBSD)
3973759314.jpg,2,Cassava Green Mottle (CGM)
508241911.jpg,4,Healthy
3126227969.jpg,3,Cassava Mosaic Disease (CMD)
1669524287.jpg,3,Cassava Mosaic Disease (CMD)
4213221330.jpg,3,Cassava Mosaic Disease (CMD)
4014913503.jpg,3,Cassava Mosaic Disease (CMD)
1839061975.jpg,3,Cassava Mosaic Disease (CMD)
2900265052.jpg,3,Cassava Mosaic Disease (CMD)
619953066.jpg,3,Cassava Mosaic Disease (CMD)
3972035105.jpg,4,Healthy
771444014.jpg,3,Cassava Mosaic Disease (CMD)
3458199144.jpg,3,Cassava Mosaic Disease (CMD)
2500415802.jpg,3,Cassava Mosaic Disease (CMD)
881727330.jpg,4,Healthy
471126071.jpg,3,Cassava Mosaic Disease (CMD)
3867968333.jpg,3,Cassava Mosaic Disease (CMD)
196223809.jpg,3,Cassava Mosaic Disease (CMD)
519050764.jpg,0,Cassava Bacterial Blight (CBB)
1688398046.jpg,4,Healthy
3122760139.jpg,4,Healthy
2229847111.jpg,1,Cassava Brown Streak Disease (CBSD)
3894043891.jpg,0,Cassava Bacterial Blight (CBB)
220707732.jpg,2,Cassava Green Mottle (CGM)
427201982.jpg,3,Cassava Mosaic Disease (CMD)
2050151194.jpg,4,Healthy
3543215896.jpg,3,Cassava Mosaic Disease (CMD)
478554372.jpg,3,Cassava Mosaic Disease (CMD)
2169151334.jpg,3,Cassava Mosaic Disease (CMD)
812377482.jpg,2,Cassava Green Mottle (CGM)
587329916.jpg,3,Cassava Mosaic Disease (CMD)
1990169159.jpg,3,Cassava Mosaic Disease (CMD)
3784570453.jpg,3,Cassava Mosaic Disease (CMD)
1858522213.jpg,3,Cassava Mosaic Disease (CMD)
242770497.jpg,1,Cassava Brown Streak Disease (CBSD)
2623882329.jpg,3,Cassava Mosaic Disease (CMD)
2297909098.jpg,1,Cassava Brown Streak Disease (CBSD)
3134770305.jpg,3,Cassava Mosaic Disease (CMD)
2445092110.jpg,3,Cassava Mosaic Disease (CMD)
1992010319.jpg,3,Cassava Mosaic Disease (CMD)
3012925058.jpg,3,Cassava Mosaic Disease (CMD)
2951492916.jpg,3,Cassava Mosaic Disease (CMD)
3221415774.jpg,3,Cassava Mosaic Disease (CMD)
3151288722.jpg,3,Cassava Mosaic Disease (CMD)
3949979223.jpg,3,Cassava Mosaic Disease (CMD)
821706868.jpg,3,Cassava Mosaic Disease (CMD)
2154636640.jpg,0,Cassava Bacterial Blight (CBB)
3898690121.jpg,3,Cassava Mosaic Disease (CMD)
1791700029.jpg,3,Cassava Mosaic Disease (CMD)
1658205752.jpg,3,Cassava Mosaic Disease (CMD)
170454519.jpg,2,Cassava Green Mottle (CGM)
3521140941.jpg,3,Cassava Mosaic Disease (CMD)
30831420.jpg,1,Cassava Brown Streak Disease (CBSD)
3480857039.jpg,3,Cassava Mosaic Disease (CMD)
4130015523.jpg,3,Cassava Mosaic Disease (CMD)
2125659201.jpg,1,Cassava Brown Streak Disease (CBSD)
227401382.jpg,3,Cassava Mosaic Disease (CMD)
3485236762.jpg,1,Cassava Brown Streak Disease (CBSD)
2934273784.jpg,1,Cassava Brown Streak Disease (CBSD)
3401928000.jpg,1,Cassava Brown Streak Disease (CBSD)
3841431254.jpg,3,Cassava Mosaic Disease (CMD)
726374295.jpg,3,Cassava Mosaic Disease (CMD)
3576795584.jpg,4,Healthy
2580526345.jpg,3,Cassava Mosaic Disease (CMD)
3376406341.jpg,3,Cassava Mosaic Disease (CMD)
4175214629.jpg,3,Cassava Mosaic Disease (CMD)
506774842.jpg,0,Cassava Bacterial Blight (CBB)
295733469.jpg,4,Healthy
4082420465.jpg,4,Healthy
2919049656.jpg,2,Cassava Green Mottle (CGM)
434128804.jpg,2,Cassava Green Mottle (CGM)
2344929083.jpg,1,Cassava Brown Streak Disease (CBSD)
3099435393.jpg,4,Healthy
252899909.jpg,3,Cassava Mosaic Disease (CMD)
3826113040.jpg,1,Cassava Brown Streak Disease (CBSD)
953936588.jpg,1,Cassava Brown Streak Disease (CBSD)
3058319493.jpg,4,Healthy
3556675221.jpg,0,Cassava Bacterial Blight (CBB)
699952648.jpg,3,Cassava Mosaic Disease (CMD)
3557422910.jpg,3,Cassava Mosaic Disease (CMD)
4103274356.jpg,3,Cassava Mosaic Disease (CMD)
90606533.jpg,0,Cassava Bacterial Blight (CBB)
3589202621.jpg,0,Cassava Bacterial Blight (CBB)
4142864830.jpg,3,Cassava Mosaic Disease (CMD)
1998817609.jpg,4,Healthy
741807266.jpg,3,Cassava Mosaic Disease (CMD)
1630010851.jpg,1,Cassava Brown Streak Disease (CBSD)
2617937740.jpg,3,Cassava Mosaic Disease (CMD)
2145199260.jpg,3,Cassava Mosaic Disease (CMD)
3149387999.jpg,1,Cassava Brown Streak Disease (CBSD)
2763380810.jpg,3,Cassava Mosaic Disease (CMD)
630797550.jpg,3,Cassava Mosaic Disease (CMD)
3921731195.jpg,3,Cassava Mosaic Disease (CMD)
2817027058.jpg,3,Cassava Mosaic Disease (CMD)
597527186.jpg,4,Healthy
2543437779.jpg,4,Healthy
814722861.jpg,0,Cassava Bacterial Blight (CBB)
2231604198.jpg,3,Cassava Mosaic Disease (CMD)
1817411055.jpg,3,Cassava Mosaic Disease (CMD)
2207440318.jpg,3,Cassava Mosaic Disease (CMD)
2610204498.jpg,3,Cassava Mosaic Disease (CMD)
922756535.jpg,4,Healthy
920401054.jpg,3,Cassava Mosaic Disease (CMD)
3746522482.jpg,3,Cassava Mosaic Disease (CMD)
2573554085.jpg,3,Cassava Mosaic Disease (CMD)
2848105095.jpg,3,Cassava Mosaic Disease (CMD)
3222771047.jpg,1,Cassava Brown Streak Disease (CBSD)
2371633225.jpg,3,Cassava Mosaic Disease (CMD)
838121109.jpg,3,Cassava Mosaic Disease (CMD)
3617547715.jpg,3,Cassava Mosaic Disease (CMD)
2670707464.jpg,1,Cassava Brown Streak Disease (CBSD)
4046239145.jpg,3,Cassava Mosaic Disease (CMD)
1835826214.jpg,1,Cassava Brown Streak Disease (CBSD)
4085837229.jpg,3,Cassava Mosaic Disease (CMD)
1987438093.jpg,3,Cassava Mosaic Disease (CMD)
2826018346.jpg,4,Healthy
733770850.jpg,3,Cassava Mosaic Disease (CMD)
259681627.jpg,3,Cassava Mosaic Disease (CMD)
3604705495.jpg,3,Cassava Mosaic Disease (CMD)
3303047563.jpg,3,Cassava Mosaic Disease (CMD)
1955463864.jpg,1,Cassava Brown Streak Disease (CBSD)
592251506.jpg,0,Cassava Bacterial Blight (CBB)
1643576810.jpg,3,Cassava Mosaic Disease (CMD)
3338567894.jpg,3,Cassava Mosaic Disease (CMD)
2617026948.jpg,3,Cassava Mosaic Disease (CMD)
257033092.jpg,3,Cassava Mosaic Disease (CMD)
2219335308.jpg,3,Cassava Mosaic Disease (CMD)
514840131.jpg,3,Cassava Mosaic Disease (CMD)
4032292698.jpg,3,Cassava Mosaic Disease (CMD)
214745223.jpg,3,Cassava Mosaic Disease (CMD)
2510540586.jpg,3,Cassava Mosaic Disease (CMD)
990558315.jpg,3,Cassava Mosaic Disease (CMD)
1861666326.jpg,4,Healthy
4069795713.jpg,3,Cassava Mosaic Disease (CMD)
4052185416.jpg,3,Cassava Mosaic Disease (CMD)
3556554979.jpg,2,Cassava Green Mottle (CGM)
2870996618.jpg,3,Cassava Mosaic Disease (CMD)
4124651871.jpg,1,Cassava Brown Streak Disease (CBSD)
3882641600.jpg,4,Healthy
68141141.jpg,4,Healthy
2824854059.jpg,1,Cassava Brown Streak Disease (CBSD)
402961309.jpg,3,Cassava Mosaic Disease (CMD)
3054703946.jpg,3,Cassava Mosaic Disease (CMD)
2789524005.jpg,3,Cassava Mosaic Disease (CMD)
3356818703.jpg,4,Healthy
1834266408.jpg,3,Cassava Mosaic Disease (CMD)
3899862618.jpg,4,Healthy
383575567.jpg,3,Cassava Mosaic Disease (CMD)
1831580218.jpg,3,Cassava Mosaic Disease (CMD)
2941244551.jpg,2,Cassava Green Mottle (CGM)
707908216.jpg,2,Cassava Green Mottle (CGM)
3121522599.jpg,4,Healthy
274723853.jpg,3,Cassava Mosaic Disease (CMD)
302898400.jpg,1,Cassava Brown Streak Disease (CBSD)
1618985513.jpg,3,Cassava Mosaic Disease (CMD)
2047500718.jpg,3,Cassava Mosaic Disease (CMD)
3167189291.jpg,3,Cassava Mosaic Disease (CMD)
1775446541.jpg,3,Cassava Mosaic Disease (CMD)
3376245698.jpg,3,Cassava Mosaic Disease (CMD)
3174223236.jpg,3,Cassava Mosaic Disease (CMD)
2179057801.jpg,4,Healthy
2045010474.jpg,3,Cassava Mosaic Disease (CMD)
2879061263.jpg,2,Cassava Green Mottle (CGM)
3289671464.jpg,3,Cassava Mosaic Disease (CMD)
1603729463.jpg,1,Cassava Brown Streak Disease (CBSD)
4044997961.jpg,3,Cassava Mosaic Disease (CMD)
2247445291.jpg,3,Cassava Mosaic Disease (CMD)
3267776509.jpg,3,Cassava Mosaic Disease (CMD)
2987650848.jpg,3,Cassava Mosaic Disease (CMD)
3132012439.jpg,0,Cassava Bacterial Blight (CBB)
3538224667.jpg,3,Cassava Mosaic Disease (CMD)
487710367.jpg,4,Healthy
2177490920.jpg,3,Cassava Mosaic Disease (CMD)
2048354223.jpg,4,Healthy
2094985505.jpg,3,Cassava Mosaic Disease (CMD)
3570121717.jpg,3,Cassava Mosaic Disease (CMD)
864903108.jpg,1,Cassava Brown Streak Disease (CBSD)
3125021346.jpg,3,Cassava Mosaic Disease (CMD)
3917312205.jpg,3,Cassava Mosaic Disease (CMD)
984417293.jpg,3,Cassava Mosaic Disease (CMD)
4063056293.jpg,3,Cassava Mosaic Disease (CMD)
3603508570.jpg,2,Cassava Green Mottle (CGM)
2243247761.jpg,3,Cassava Mosaic Disease (CMD)
2259248277.jpg,3,Cassava Mosaic Disease (CMD)
2998271425.jpg,3,Cassava Mosaic Disease (CMD)
3608078575.jpg,3,Cassava Mosaic Disease (CMD)
3487169055.jpg,3,Cassava Mosaic Disease (CMD)
2596536399.jpg,2,Cassava Green Mottle (CGM)
3643480526.jpg,0,Cassava Bacterial Blight (CBB)
3843547968.jpg,4,Healthy
2153916773.jpg,3,Cassava Mosaic Disease (CMD)
403963359.jpg,3,Cassava Mosaic Disease (CMD)
3500303969.jpg,3,Cassava Mosaic Disease (CMD)
551875095.jpg,3,Cassava Mosaic Disease (CMD)
733701690.jpg,0,Cassava Bacterial Blight (CBB)
3848359159.jpg,3,Cassava Mosaic Disease (CMD)
510134831.jpg,3,Cassava Mosaic Disease (CMD)
2338166652.jpg,3,Cassava Mosaic Disease (CMD)
2383430645.jpg,3,Cassava Mosaic Disease (CMD)
357823942.jpg,3,Cassava Mosaic Disease (CMD)
1885063363.jpg,3,Cassava Mosaic Disease (CMD)
3253799470.jpg,2,Cassava Green Mottle (CGM)
319927039.jpg,0,Cassava Bacterial Blight (CBB)
1773203521.jpg,3,Cassava Mosaic Disease (CMD)
4209772803.jpg,3,Cassava Mosaic Disease (CMD)
3579477391.jpg,3,Cassava Mosaic Disease (CMD)
2494730151.jpg,3,Cassava Mosaic Disease (CMD)
2260651595.jpg,1,Cassava Brown Streak Disease (CBSD)
4100598870.jpg,4,Healthy
232348694.jpg,1,Cassava Brown Streak Disease (CBSD)
3166344143.jpg,3,Cassava Mosaic Disease (CMD)
3366534207.jpg,3,Cassava Mosaic Disease (CMD)
3082595750.jpg,3,Cassava Mosaic Disease (CMD)
2733788792.jpg,3,Cassava Mosaic Disease (CMD)
547271949.jpg,1,Cassava Brown Streak Disease (CBSD)
4132540951.jpg,3,Cassava Mosaic Disease (CMD)
2940098090.jpg,2,Cassava Green Mottle (CGM)
2840845699.jpg,2,Cassava Green Mottle (CGM)
423272178.jpg,2,Cassava Green Mottle (CGM)
1745296302.jpg,3,Cassava Mosaic Disease (CMD)
3029546029.jpg,3,Cassava Mosaic Disease (CMD)
1713705590.jpg,3,Cassava Mosaic Disease (CMD)
3613817114.jpg,3,Cassava Mosaic Disease (CMD)
3885417321.jpg,3,Cassava Mosaic Disease (CMD)
813110259.jpg,3,Cassava Mosaic Disease (CMD)
1904073700.jpg,3,Cassava Mosaic Disease (CMD)
327847778.jpg,3,Cassava Mosaic Disease (CMD)
3400761486.jpg,3,Cassava Mosaic Disease (CMD)
1816576622.jpg,3,Cassava Mosaic Disease (CMD)
4250885951.jpg,1,Cassava Brown Streak Disease (CBSD)
3640588854.jpg,4,Healthy
2366755742.jpg,3,Cassava Mosaic Disease (CMD)
3034300162.jpg,3,Cassava Mosaic Disease (CMD)
2198293252.jpg,3,Cassava Mosaic Disease (CMD)
3853081007.jpg,3,Cassava Mosaic Disease (CMD)
2177911442.jpg,3,Cassava Mosaic Disease (CMD)
218822294.jpg,3,Cassava Mosaic Disease (CMD)
4146910494.jpg,3,Cassava Mosaic Disease (CMD)
570097057.jpg,3,Cassava Mosaic Disease (CMD)
4255275522.jpg,3,Cassava Mosaic Disease (CMD)
4044550421.jpg,4,Healthy
3949182893.jpg,2,Cassava Green Mottle (CGM)
733543752.jpg,3,Cassava Mosaic Disease (CMD)
2408571936.jpg,3,Cassava Mosaic Disease (CMD)
610968546.jpg,0,Cassava Bacterial Blight (CBB)
3894374092.jpg,4,Healthy
3570893205.jpg,3,Cassava Mosaic Disease (CMD)
2325837844.jpg,3,Cassava Mosaic Disease (CMD)
2330158228.jpg,3,Cassava Mosaic Disease (CMD)
4110987286.jpg,3,Cassava Mosaic Disease (CMD)
510847291.jpg,3,Cassava Mosaic Disease (CMD)
192315586.jpg,1,Cassava Brown Streak Disease (CBSD)
2137686815.jpg,1,Cassava Brown Streak Disease (CBSD)
3059461197.jpg,1,Cassava Brown Streak Disease (CBSD)
3664934784.jpg,3,Cassava Mosaic Disease (CMD)
1764927533.jpg,4,Healthy
3274424036.jpg,2,Cassava Green Mottle (CGM)
3616773582.jpg,2,Cassava Green Mottle (CGM)
290026974.jpg,3,Cassava Mosaic Disease (CMD)
180526120.jpg,3,Cassava Mosaic Disease (CMD)
3717326513.jpg,2,Cassava Green Mottle (CGM)
2021981725.jpg,4,Healthy
4230502495.jpg,3,Cassava Mosaic Disease (CMD)
3952532444.jpg,2,Cassava Green Mottle (CGM)
3452098908.jpg,4,Healthy
2629773376.jpg,1,Cassava Brown Streak Disease (CBSD)
3101645005.jpg,3,Cassava Mosaic Disease (CMD)
3744164549.jpg,3,Cassava Mosaic Disease (CMD)
4099957665.jpg,3,Cassava Mosaic Disease (CMD)
1603012255.jpg,3,Cassava Mosaic Disease (CMD)
2021701763.jpg,2,Cassava Green Mottle (CGM)
2096624273.jpg,3,Cassava Mosaic Disease (CMD)
1604328731.jpg,1,Cassava Brown Streak Disease (CBSD)
3602819316.jpg,3,Cassava Mosaic Disease (CMD)
712488898.jpg,3,Cassava Mosaic Disease (CMD)
3307087307.jpg,3,Cassava Mosaic Disease (CMD)
3308263183.jpg,3,Cassava Mosaic Disease (CMD)
4251933055.jpg,3,Cassava Mosaic Disease (CMD)
698154366.jpg,4,Healthy
4208734427.jpg,3,Cassava Mosaic Disease (CMD)
2828422738.jpg,1,Cassava Brown Streak Disease (CBSD)
296398112.jpg,3,Cassava Mosaic Disease (CMD)
3013901544.jpg,4,Healthy
4026064019.jpg,3,Cassava Mosaic Disease (CMD)
2799109400.jpg,3,Cassava Mosaic Disease (CMD)
1667487311.jpg,3,Cassava Mosaic Disease (CMD)
3600273120.jpg,3,Cassava Mosaic Disease (CMD)
3123083708.jpg,1,Cassava Brown Streak Disease (CBSD)
980682914.jpg,3,Cassava Mosaic Disease (CMD)
87664918.jpg,3,Cassava Mosaic Disease (CMD)
193330948.jpg,1,Cassava Brown Streak Disease (CBSD)
972959733.jpg,1,Cassava Brown Streak Disease (CBSD)
3378264998.jpg,3,Cassava Mosaic Disease (CMD)
3737165022.jpg,1,Cassava Brown Streak Disease (CBSD)
1706807152.jpg,3,Cassava Mosaic Disease (CMD)
571006343.jpg,2,Cassava Green Mottle (CGM)
3986821371.jpg,2,Cassava Green Mottle (CGM)
1618553576.jpg,3,Cassava Mosaic Disease (CMD)
3703003342.jpg,4,Healthy
2903907923.jpg,0,Cassava Bacterial Blight (CBB)
459889345.jpg,3,Cassava Mosaic Disease (CMD)
218126872.jpg,3,Cassava Mosaic Disease (CMD)
4037044151.jpg,3,Cassava Mosaic Disease (CMD)
1855900969.jpg,4,Healthy
3299267468.jpg,3,Cassava Mosaic Disease (CMD)
4228467711.jpg,4,Healthy
901274607.jpg,4,Healthy
3265398947.jpg,4,Healthy
3369127189.jpg,4,Healthy
476297006.jpg,4,Healthy
611858169.jpg,2,Cassava Green Mottle (CGM)
535314273.jpg,4,Healthy
2667674667.jpg,3,Cassava Mosaic Disease (CMD)
3938349285.jpg,0,Cassava Bacterial Blight (CBB)
3745339060.jpg,3,Cassava Mosaic Disease (CMD)
3211907814.jpg,0,Cassava Bacterial Blight (CBB)
595787428.jpg,4,Healthy
2073899075.jpg,3,Cassava Mosaic Disease (CMD)
2483045169.jpg,0,Cassava Bacterial Blight (CBB)
3266592297.jpg,3,Cassava Mosaic Disease (CMD)
972649867.jpg,1,Cassava Brown Streak Disease (CBSD)
2413961352.jpg,3,Cassava Mosaic Disease (CMD)
1679578972.jpg,4,Healthy
2019191905.jpg,3,Cassava Mosaic Disease (CMD)
2867619022.jpg,3,Cassava Mosaic Disease (CMD)
4179442683.jpg,3,Cassava Mosaic Disease (CMD)
1734332908.jpg,3,Cassava Mosaic Disease (CMD)
3641844972.jpg,3,Cassava Mosaic Disease (CMD)
451058398.jpg,3,Cassava Mosaic Disease (CMD)
212573449.jpg,3,Cassava Mosaic Disease (CMD)
3102075869.jpg,3,Cassava Mosaic Disease (CMD)
262606974.jpg,1,Cassava Brown Streak Disease (CBSD)
867127390.jpg,1,Cassava Brown Streak Disease (CBSD)
4092575256.jpg,3,Cassava Mosaic Disease (CMD)
2738985524.jpg,3,Cassava Mosaic Disease (CMD)
3772719243.jpg,3,Cassava Mosaic Disease (CMD)
4101194273.jpg,3,Cassava Mosaic Disease (CMD)
667745883.jpg,2,Cassava Green Mottle (CGM)
2512241884.jpg,3,Cassava Mosaic Disease (CMD)
3742836449.jpg,1,Cassava Brown Streak Disease (CBSD)
602798038.jpg,3,Cassava Mosaic Disease (CMD)
1830680184.jpg,2,Cassava Green Mottle (CGM)
879089403.jpg,3,Cassava Mosaic Disease (CMD)
342796483.jpg,3,Cassava Mosaic Disease (CMD)
4080443505.jpg,2,Cassava Green Mottle (CGM)
4199179186.jpg,3,Cassava Mosaic Disease (CMD)
2176535101.jpg,2,Cassava Green Mottle (CGM)
1721889897.jpg,4,Healthy
2220628508.jpg,3,Cassava Mosaic Disease (CMD)
737465791.jpg,3,Cassava Mosaic Disease (CMD)
3102877932.jpg,3,Cassava Mosaic Disease (CMD)
1628979950.jpg,3,Cassava Mosaic Disease (CMD)
4116600053.jpg,3,Cassava Mosaic Disease (CMD)
1668819589.jpg,3,Cassava Mosaic Disease (CMD)
1690643039.jpg,3,Cassava Mosaic Disease (CMD)
1972030164.jpg,3,Cassava Mosaic Disease (CMD)
3538579595.jpg,3,Cassava Mosaic Disease (CMD)
82853961.jpg,4,Healthy
1682355627.jpg,3,Cassava Mosaic Disease (CMD)
941078633.jpg,3,Cassava Mosaic Disease (CMD)
3828356079.jpg,4,Healthy
1824287001.jpg,3,Cassava Mosaic Disease (CMD)
2898656244.jpg,4,Healthy
3644516431.jpg,3,Cassava Mosaic Disease (CMD)
377552461.jpg,0,Cassava Bacterial Blight (CBB)
1621817975.jpg,3,Cassava Mosaic Disease (CMD)
398530204.jpg,4,Healthy
2205866570.jpg,3,Cassava Mosaic Disease (CMD)
2969556104.jpg,3,Cassava Mosaic Disease (CMD)
3601015067.jpg,2,Cassava Green Mottle (CGM)
2621080584.jpg,4,Healthy
344715777.jpg,3,Cassava Mosaic Disease (CMD)
3589354639.jpg,3,Cassava Mosaic Disease (CMD)
3651930392.jpg,3,Cassava Mosaic Disease (CMD)
2278582450.jpg,3,Cassava Mosaic Disease (CMD)
3817099479.jpg,3,Cassava Mosaic Disease (CMD)
3893240286.jpg,3,Cassava Mosaic Disease (CMD)
4172116548.jpg,3,Cassava Mosaic Disease (CMD)
3341233301.jpg,3,Cassava Mosaic Disease (CMD)
747698769.jpg,3,Cassava Mosaic Disease (CMD)
3365267863.jpg,1,Cassava Brown Streak Disease (CBSD)
1991955434.jpg,4,Healthy
4209628430.jpg,3,Cassava Mosaic Disease (CMD)
961914208.jpg,3,Cassava Mosaic Disease (CMD)
2659874728.jpg,2,Cassava Green Mottle (CGM)
3934216826.jpg,3,Cassava Mosaic Disease (CMD)
810859265.jpg,3,Cassava Mosaic Disease (CMD)
169145266.jpg,1,Cassava Brown Streak Disease (CBSD)
3619872017.jpg,3,Cassava Mosaic Disease (CMD)
1810295906.jpg,3,Cassava Mosaic Disease (CMD)
903309442.jpg,3,Cassava Mosaic Disease (CMD)
917042560.jpg,3,Cassava Mosaic Disease (CMD)
632799335.jpg,3,Cassava Mosaic Disease (CMD)
915934159.jpg,3,Cassava Mosaic Disease (CMD)
1812683493.jpg,3,Cassava Mosaic Disease (CMD)
2489511782.jpg,3,Cassava Mosaic Disease (CMD)
3594393384.jpg,4,Healthy
3184864595.jpg,3,Cassava Mosaic Disease (CMD)
4012035359.jpg,3,Cassava Mosaic Disease (CMD)
2062577716.jpg,3,Cassava Mosaic Disease (CMD)
3145516632.jpg,3,Cassava Mosaic Disease (CMD)
2134446650.jpg,3,Cassava Mosaic Disease (CMD)
3407674645.jpg,4,Healthy
502274488.jpg,4,Healthy
3346048761.jpg,2,Cassava Green Mottle (CGM)
396060343.jpg,1,Cassava Brown Streak Disease (CBSD)
1941521780.jpg,3,Cassava Mosaic Disease (CMD)
695438825.jpg,1,Cassava Brown Streak Disease (CBSD)
4197537350.jpg,3,Cassava Mosaic Disease (CMD)
2976042817.jpg,4,Healthy
3337851974.jpg,1,Cassava Brown Streak Disease (CBSD)
2498112851.jpg,3,Cassava Mosaic Disease (CMD)
3556012035.jpg,3,Cassava Mosaic Disease (CMD)
2781593135.jpg,4,Healthy
1616824359.jpg,0,Cassava Bacterial Blight (CBB)
224556154.jpg,1,Cassava Brown Streak Disease (CBSD)
916184661.jpg,4,Healthy
235744603.jpg,3,Cassava Mosaic Disease (CMD)
2563137866.jpg,3,Cassava Mosaic Disease (CMD)
2940233284.jpg,0,Cassava Bacterial Blight (CBB)
1935479226.jpg,3,Cassava Mosaic Disease (CMD)
3709699332.jpg,3,Cassava Mosaic Disease (CMD)
1735911943.jpg,3,Cassava Mosaic Disease (CMD)
2398201969.jpg,4,Healthy
538938122.jpg,2,Cassava Green Mottle (CGM)
3026583135.jpg,3,Cassava Mosaic Disease (CMD)
2309955110.jpg,4,Healthy
3366887504.jpg,3,Cassava Mosaic Disease (CMD)
458086405.jpg,2,Cassava Green Mottle (CGM)
3687520197.jpg,4,Healthy
2327293585.jpg,3,Cassava Mosaic Disease (CMD)
832785383.jpg,3,Cassava Mosaic Disease (CMD)
4036100881.jpg,3,Cassava Mosaic Disease (CMD)
2689567922.jpg,3,Cassava Mosaic Disease (CMD)
3357188995.jpg,2,Cassava Green Mottle (CGM)
2158861629.jpg,3,Cassava Mosaic Disease (CMD)
685840333.jpg,3,Cassava Mosaic Disease (CMD)
3743291115.jpg,3,Cassava Mosaic Disease (CMD)
3814344096.jpg,3,Cassava Mosaic Disease (CMD)
3391958379.jpg,1,Cassava Brown Streak Disease (CBSD)
431535307.jpg,3,Cassava Mosaic Disease (CMD)
3078675372.jpg,3,Cassava Mosaic Disease (CMD)
966652545.jpg,4,Healthy
252419229.jpg,3,Cassava Mosaic Disease (CMD)
2082899296.jpg,1,Cassava Brown Streak Disease (CBSD)
2177600106.jpg,2,Cassava Green Mottle (CGM)
2635402791.jpg,3,Cassava Mosaic Disease (CMD)
3034455648.jpg,3,Cassava Mosaic Disease (CMD)
944398652.jpg,1,Cassava Brown Streak Disease (CBSD)
4239074071.jpg,1,Cassava Brown Streak Disease (CBSD)
2573993718.jpg,3,Cassava Mosaic Disease (CMD)
717043764.jpg,1,Cassava Brown Streak Disease (CBSD)
2269881726.jpg,3,Cassava Mosaic Disease (CMD)
383190485.jpg,3,Cassava Mosaic Disease (CMD)
1954353329.jpg,4,Healthy
1725548375.jpg,1,Cassava Brown Streak Disease (CBSD)
3986415473.jpg,3,Cassava Mosaic Disease (CMD)
2031835632.jpg,2,Cassava Green Mottle (CGM)
3570937947.jpg,3,Cassava Mosaic Disease (CMD)
2481971712.jpg,3,Cassava Mosaic Disease (CMD)
2644868790.jpg,3,Cassava Mosaic Disease (CMD)
2566633493.jpg,3,Cassava Mosaic Disease (CMD)
706808191.jpg,4,Healthy
4230605387.jpg,2,Cassava Green Mottle (CGM)
965026603.jpg,1,Cassava Brown Streak Disease (CBSD)
3998452657.jpg,4,Healthy
180819743.jpg,3,Cassava Mosaic Disease (CMD)
3802311775.jpg,4,Healthy
2576198771.jpg,3,Cassava Mosaic Disease (CMD)
4219779875.jpg,3,Cassava Mosaic Disease (CMD)
3721951548.jpg,3,Cassava Mosaic Disease (CMD)
1924122147.jpg,3,Cassava Mosaic Disease (CMD)
3159203508.jpg,4,Healthy
2753653261.jpg,0,Cassava Bacterial Blight (CBB)
2560468045.jpg,3,Cassava Mosaic Disease (CMD)
2295281657.jpg,1,Cassava Brown Streak Disease (CBSD)
2059180039.jpg,3,Cassava Mosaic Disease (CMD)
4239036041.jpg,1,Cassava Brown Streak Disease (CBSD)
34481998.jpg,3,Cassava Mosaic Disease (CMD)
1966061216.jpg,4,Healthy
3312341608.jpg,3,Cassava Mosaic Disease (CMD)
3399701289.jpg,3,Cassava Mosaic Disease (CMD)
2872930552.jpg,2,Cassava Green Mottle (CGM)
3772118108.jpg,3,Cassava Mosaic Disease (CMD)
2732746360.jpg,3,Cassava Mosaic Disease (CMD)
1620888831.jpg,3,Cassava Mosaic Disease (CMD)
2647337220.jpg,3,Cassava Mosaic Disease (CMD)
3007026060.jpg,1,Cassava Brown Streak Disease (CBSD)
1695252882.jpg,3,Cassava Mosaic Disease (CMD)
2450090020.jpg,3,Cassava Mosaic Disease (CMD)
3489203710.jpg,3,Cassava Mosaic Disease (CMD)
2390382955.jpg,3,Cassava Mosaic Disease (CMD)
2362654320.jpg,2,Cassava Green Mottle (CGM)
565347582.jpg,0,Cassava Bacterial Blight (CBB)
1928471334.jpg,3,Cassava Mosaic Disease (CMD)
2027184079.jpg,3,Cassava Mosaic Disease (CMD)
3443576181.jpg,1,Cassava Brown Streak Disease (CBSD)
3630818125.jpg,3,Cassava Mosaic Disease (CMD)
2941703346.jpg,2,Cassava Green Mottle (CGM)
1628925501.jpg,3,Cassava Mosaic Disease (CMD)
2883262414.jpg,4,Healthy
4242296013.jpg,3,Cassava Mosaic Disease (CMD)
875360512.jpg,3,Cassava Mosaic Disease (CMD)
2511157697.jpg,3,Cassava Mosaic Disease (CMD)
3192657039.jpg,3,Cassava Mosaic Disease (CMD)
2266850561.jpg,3,Cassava Mosaic Disease (CMD)
2731535027.jpg,4,Healthy
2640903011.jpg,3,Cassava Mosaic Disease (CMD)
2602722844.jpg,2,Cassava Green Mottle (CGM)
3713301383.jpg,4,Healthy
3934961843.jpg,2,Cassava Green Mottle (CGM)
569545786.jpg,3,Cassava Mosaic Disease (CMD)
2372958438.jpg,3,Cassava Mosaic Disease (CMD)
793903784.jpg,3,Cassava Mosaic Disease (CMD)
2589664557.jpg,1,Cassava Brown Streak Disease (CBSD)
544532198.jpg,3,Cassava Mosaic Disease (CMD)
3649128911.jpg,3,Cassava Mosaic Disease (CMD)
557056564.jpg,4,Healthy
3348372516.jpg,3,Cassava Mosaic Disease (CMD)
3858530439.jpg,2,Cassava Green Mottle (CGM)
2246450442.jpg,1,Cassava Brown Streak Disease (CBSD)
3339923406.jpg,4,Healthy
882292084.jpg,3,Cassava Mosaic Disease (CMD)
1830775926.jpg,1,Cassava Brown Streak Disease (CBSD)
2981739735.jpg,3,Cassava Mosaic Disease (CMD)
4359365.jpg,3,Cassava Mosaic Disease (CMD)
804513680.jpg,3,Cassava Mosaic Disease (CMD)
980174544.jpg,3,Cassava Mosaic Disease (CMD)
282889032.jpg,4,Healthy
2579865055.jpg,3,Cassava Mosaic Disease (CMD)
1776880375.jpg,3,Cassava Mosaic Disease (CMD)
3757297104.jpg,4,Healthy
2194319348.jpg,4,Healthy
2533412019.jpg,1,Cassava Brown Streak Disease (CBSD)
1884792007.jpg,3,Cassava Mosaic Disease (CMD)
3231343781.jpg,3,Cassava Mosaic Disease (CMD)
3126103788.jpg,0,Cassava Bacterial Blight (CBB)
3579980941.jpg,3,Cassava Mosaic Disease (CMD)
46435039.jpg,1,Cassava Brown Streak Disease (CBSD)
3059720126.jpg,2,Cassava Green Mottle (CGM)
3223959207.jpg,3,Cassava Mosaic Disease (CMD)
3774493586.jpg,3,Cassava Mosaic Disease (CMD)
2021239499.jpg,1,Cassava Brown Streak Disease (CBSD)
688733567.jpg,3,Cassava Mosaic Disease (CMD)
447048984.jpg,2,Cassava Green Mottle (CGM)
3817881110.jpg,1,Cassava Brown Streak Disease (CBSD)
2856136124.jpg,3,Cassava Mosaic Disease (CMD)
3378344380.jpg,3,Cassava Mosaic Disease (CMD)
2715218500.jpg,2,Cassava Green Mottle (CGM)
3205007771.jpg,1,Cassava Brown Streak Disease (CBSD)
2317294943.jpg,3,Cassava Mosaic Disease (CMD)
3126169965.jpg,1,Cassava Brown Streak Disease (CBSD)
961575661.jpg,1,Cassava Brown Streak Disease (CBSD)
575082952.jpg,3,Cassava Mosaic Disease (CMD)
549334343.jpg,1,Cassava Brown Streak Disease (CBSD)
3803192051.jpg,3,Cassava Mosaic Disease (CMD)
2504965655.jpg,3,Cassava Mosaic Disease (CMD)
3551608318.jpg,3,Cassava Mosaic Disease (CMD)
2034902802.jpg,2,Cassava Green Mottle (CGM)
2587185641.jpg,4,Healthy
3666469133.jpg,3,Cassava Mosaic Disease (CMD)
2152949074.jpg,3,Cassava Mosaic Disease (CMD)
3667619405.jpg,4,Healthy
2916471006.jpg,3,Cassava Mosaic Disease (CMD)
581902083.jpg,3,Cassava Mosaic Disease (CMD)
3241038013.jpg,3,Cassava Mosaic Disease (CMD)
4125173435.jpg,2,Cassava Green Mottle (CGM)
507279911.jpg,3,Cassava Mosaic Disease (CMD)
2229012981.jpg,3,Cassava Mosaic Disease (CMD)
2115543310.jpg,3,Cassava Mosaic Disease (CMD)
1762956560.jpg,4,Healthy
3524748781.jpg,2,Cassava Green Mottle (CGM)
2187699313.jpg,3,Cassava Mosaic Disease (CMD)
711729648.jpg,4,Healthy
4286577227.jpg,4,Healthy
3260907115.jpg,2,Cassava Green Mottle (CGM)
620825319.jpg,4,Healthy
2353511211.jpg,0,Cassava Bacterial Blight (CBB)
1859785937.jpg,3,Cassava Mosaic Disease (CMD)
478426425.jpg,3,Cassava Mosaic Disease (CMD)
3502946321.jpg,1,Cassava Brown Streak Disease (CBSD)
2443564575.jpg,3,Cassava Mosaic Disease (CMD)
3647482405.jpg,3,Cassava Mosaic Disease (CMD)
2633910453.jpg,3,Cassava Mosaic Disease (CMD)
3680354956.jpg,3,Cassava Mosaic Disease (CMD)
1729933638.jpg,1,Cassava Brown Streak Disease (CBSD)
2703459386.jpg,2,Cassava Green Mottle (CGM)
3973846840.jpg,2,Cassava Green Mottle (CGM)
2708734648.jpg,4,Healthy
3756317968.jpg,2,Cassava Green Mottle (CGM)
2959800019.jpg,0,Cassava Bacterial Blight (CBB)
2572237753.jpg,1,Cassava Brown Streak Disease (CBSD)
4234424797.jpg,3,Cassava Mosaic Disease (CMD)
2524440517.jpg,1,Cassava Brown Streak Disease (CBSD)
2447704819.jpg,2,Cassava Green Mottle (CGM)
833499440.jpg,3,Cassava Mosaic Disease (CMD)
2324786048.jpg,3,Cassava Mosaic Disease (CMD)
2498170494.jpg,3,Cassava Mosaic Disease (CMD)
338838513.jpg,3,Cassava Mosaic Disease (CMD)
4142699923.jpg,2,Cassava Green Mottle (CGM)
2585623036.jpg,3,Cassava Mosaic Disease (CMD)
3992156989.jpg,4,Healthy
3900465261.jpg,3,Cassava Mosaic Disease (CMD)
32107301.jpg,3,Cassava Mosaic Disease (CMD)
2670711790.jpg,4,Healthy
4000520733.jpg,0,Cassava Bacterial Blight (CBB)
3468310197.jpg,2,Cassava Green Mottle (CGM)
488165307.jpg,2,Cassava Green Mottle (CGM)
2785108032.jpg,3,Cassava Mosaic Disease (CMD)
3578509329.jpg,3,Cassava Mosaic Disease (CMD)
3178512733.jpg,3,Cassava Mosaic Disease (CMD)
601096842.jpg,2,Cassava Green Mottle (CGM)
2324471085.jpg,3,Cassava Mosaic Disease (CMD)
1978871563.jpg,3,Cassava Mosaic Disease (CMD)
1760489108.jpg,3,Cassava Mosaic Disease (CMD)
2159174443.jpg,3,Cassava Mosaic Disease (CMD)
3803823261.jpg,1,Cassava Brown Streak Disease (CBSD)
321774948.jpg,3,Cassava Mosaic Disease (CMD)
745135323.jpg,1,Cassava Brown Streak Disease (CBSD)
2692319102.jpg,2,Cassava Green Mottle (CGM)
3904023913.jpg,2,Cassava Green Mottle (CGM)
3983529541.jpg,4,Healthy
1681406227.jpg,3,Cassava Mosaic Disease (CMD)
2137780185.jpg,4,Healthy
4060346776.jpg,3,Cassava Mosaic Disease (CMD)
3682266975.jpg,0,Cassava Bacterial Blight (CBB)
1899940648.jpg,3,Cassava Mosaic Disease (CMD)
3187229916.jpg,4,Healthy
2889729749.jpg,1,Cassava Brown Streak Disease (CBSD)
1934046551.jpg,3,Cassava Mosaic Disease (CMD)
1955905129.jpg,3,Cassava Mosaic Disease (CMD)
651331224.jpg,3,Cassava Mosaic Disease (CMD)
728084630.jpg,4,Healthy
1674789285.jpg,3,Cassava Mosaic Disease (CMD)
2828604531.jpg,3,Cassava Mosaic Disease (CMD)
3880721275.jpg,4,Healthy
2432364538.jpg,2,Cassava Green Mottle (CGM)
3292807348.jpg,4,Healthy
3019013564.jpg,3,Cassava Mosaic Disease (CMD)
3885271451.jpg,3,Cassava Mosaic Disease (CMD)
2757717680.jpg,3,Cassava Mosaic Disease (CMD)
2310639649.jpg,3,Cassava Mosaic Disease (CMD)
3172430646.jpg,3,Cassava Mosaic Disease (CMD)
294754901.jpg,3,Cassava Mosaic Disease (CMD)
1993797048.jpg,0,Cassava Bacterial Blight (CBB)
1910208633.jpg,3,Cassava Mosaic Disease (CMD)
886180513.jpg,4,Healthy
512994798.jpg,3,Cassava Mosaic Disease (CMD)
3782663909.jpg,3,Cassava Mosaic Disease (CMD)
2647522800.jpg,3,Cassava Mosaic Disease (CMD)
3511388715.jpg,1,Cassava Brown Streak Disease (CBSD)
783577117.jpg,3,Cassava Mosaic Disease (CMD)
3611460254.jpg,3,Cassava Mosaic Disease (CMD)
222165082.jpg,3,Cassava Mosaic Disease (CMD)
447327937.jpg,3,Cassava Mosaic Disease (CMD)
2322017593.jpg,1,Cassava Brown Streak Disease (CBSD)
1892715809.jpg,2,Cassava Green Mottle (CGM)
234859800.jpg,3,Cassava Mosaic Disease (CMD)
2176153898.jpg,3,Cassava Mosaic Disease (CMD)
3413288947.jpg,3,Cassava Mosaic Disease (CMD)
2210767635.jpg,1,Cassava Brown Streak Disease (CBSD)
3014758416.jpg,3,Cassava Mosaic Disease (CMD)
1698435462.jpg,1,Cassava Brown Streak Disease (CBSD)
1857803690.jpg,3,Cassava Mosaic Disease (CMD)
2383823888.jpg,0,Cassava Bacterial Blight (CBB)
2079233550.jpg,3,Cassava Mosaic Disease (CMD)
2645376544.jpg,2,Cassava Green Mottle (CGM)
513308138.jpg,4,Healthy
3060454334.jpg,3,Cassava Mosaic Disease (CMD)
994445094.jpg,3,Cassava Mosaic Disease (CMD)
3083709304.jpg,4,Healthy
2612434073.jpg,3,Cassava Mosaic Disease (CMD)
1646187978.jpg,1,Cassava Brown Streak Disease (CBSD)
1684427056.jpg,3,Cassava Mosaic Disease (CMD)
769737121.jpg,4,Healthy
1885492446.jpg,2,Cassava Green Mottle (CGM)
3939876859.jpg,0,Cassava Bacterial Blight (CBB)
669119596.jpg,3,Cassava Mosaic Disease (CMD)
3113752030.jpg,3,Cassava Mosaic Disease (CMD)
2771194672.jpg,3,Cassava Mosaic Disease (CMD)
1634210078.jpg,2,Cassava Green Mottle (CGM)
1814107943.jpg,1,Cassava Brown Streak Disease (CBSD)
670541081.jpg,2,Cassava Green Mottle (CGM)
731031258.jpg,4,Healthy
1722781074.jpg,3,Cassava Mosaic Disease (CMD)
3569608450.jpg,4,Healthy
3182178940.jpg,3,Cassava Mosaic Disease (CMD)
2839939276.jpg,4,Healthy
1752419587.jpg,3,Cassava Mosaic Disease (CMD)
3680677373.jpg,3,Cassava Mosaic Disease (CMD)
5511383.jpg,0,Cassava Bacterial Blight (CBB)
3169882716.jpg,3,Cassava Mosaic Disease (CMD)
422690051.jpg,2,Cassava Green Mottle (CGM)
189868840.jpg,3,Cassava Mosaic Disease (CMD)
256135204.jpg,3,Cassava Mosaic Disease (CMD)
4255452857.jpg,3,Cassava Mosaic Disease (CMD)
2546839136.jpg,3,Cassava Mosaic Disease (CMD)
2526462874.jpg,2,Cassava Green Mottle (CGM)
1804238623.jpg,4,Healthy
3394998114.jpg,3,Cassava Mosaic Disease (CMD)
2612731695.jpg,3,Cassava Mosaic Disease (CMD)
1856744348.jpg,3,Cassava Mosaic Disease (CMD)
2466033543.jpg,3,Cassava Mosaic Disease (CMD)
345568500.jpg,3,Cassava Mosaic Disease (CMD)
3758359822.jpg,3,Cassava Mosaic Disease (CMD)
4013610919.jpg,3,Cassava Mosaic Disease (CMD)
932287482.jpg,1,Cassava Brown Streak Disease (CBSD)
743945725.jpg,1,Cassava Brown Streak Disease (CBSD)
2223402762.jpg,3,Cassava Mosaic Disease (CMD)
701052546.jpg,3,Cassava Mosaic Disease (CMD)
3303464216.jpg,3,Cassava Mosaic Disease (CMD)
216516105.jpg,3,Cassava Mosaic Disease (CMD)
18156852.jpg,3,Cassava Mosaic Disease (CMD)
3420404935.jpg,3,Cassava Mosaic Disease (CMD)
780018709.jpg,1,Cassava Brown Streak Disease (CBSD)
2330851012.jpg,2,Cassava Green Mottle (CGM)
2892268393.jpg,1,Cassava Brown Streak Disease (CBSD)
4169857735.jpg,3,Cassava Mosaic Disease (CMD)
1764594695.jpg,3,Cassava Mosaic Disease (CMD)
969938724.jpg,3,Cassava Mosaic Disease (CMD)
2242265162.jpg,3,Cassava Mosaic Disease (CMD)
4275296346.jpg,1,Cassava Brown Streak Disease (CBSD)
639229623.jpg,1,Cassava Brown Streak Disease (CBSD)
3007159002.jpg,3,Cassava Mosaic Disease (CMD)
214207820.jpg,3,Cassava Mosaic Disease (CMD)
3820282507.jpg,3,Cassava Mosaic Disease (CMD)
3043097813.jpg,1,Cassava Brown Streak Disease (CBSD)
3984703972.jpg,3,Cassava Mosaic Disease (CMD)
1791561646.jpg,2,Cassava Green Mottle (CGM)
461505973.jpg,3,Cassava Mosaic Disease (CMD)
3504674817.jpg,2,Cassava Green Mottle (CGM)
69869891.jpg,4,Healthy
578279237.jpg,3,Cassava Mosaic Disease (CMD)
3390516449.jpg,2,Cassava Green Mottle (CGM)
2543934330.jpg,3,Cassava Mosaic Disease (CMD)
4046154865.jpg,1,Cassava Brown Streak Disease (CBSD)
505261633.jpg,3,Cassava Mosaic Disease (CMD)
208444967.jpg,0,Cassava Bacterial Blight (CBB)
1667294993.jpg,4,Healthy
829236675.jpg,3,Cassava Mosaic Disease (CMD)
2394831270.jpg,3,Cassava Mosaic Disease (CMD)
2193438012.jpg,4,Healthy
4135889078.jpg,3,Cassava Mosaic Disease (CMD)
647141648.jpg,3,Cassava Mosaic Disease (CMD)
2504350669.jpg,3,Cassava Mosaic Disease (CMD)
510655855.jpg,3,Cassava Mosaic Disease (CMD)
1823518467.jpg,4,Healthy
3494142100.jpg,4,Healthy
3597631740.jpg,3,Cassava Mosaic Disease (CMD)
2907873102.jpg,3,Cassava Mosaic Disease (CMD)
793578252.jpg,1,Cassava Brown Streak Disease (CBSD)
896047900.jpg,4,Healthy
3594763599.jpg,3,Cassava Mosaic Disease (CMD)
3329805464.jpg,3,Cassava Mosaic Disease (CMD)
3275271521.jpg,3,Cassava Mosaic Disease (CMD)
2231591704.jpg,4,Healthy
917014359.jpg,3,Cassava Mosaic Disease (CMD)
3259817213.jpg,4,Healthy
188217517.jpg,3,Cassava Mosaic Disease (CMD)
940186959.jpg,1,Cassava Brown Streak Disease (CBSD)
3966618744.jpg,1,Cassava Brown Streak Disease (CBSD)
2992093777.jpg,3,Cassava Mosaic Disease (CMD)
370259981.jpg,3,Cassava Mosaic Disease (CMD)
3600266837.jpg,0,Cassava Bacterial Blight (CBB)
2257902017.jpg,3,Cassava Mosaic Disease (CMD)
2370940286.jpg,1,Cassava Brown Streak Disease (CBSD)
3250253495.jpg,3,Cassava Mosaic Disease (CMD)
181228632.jpg,3,Cassava Mosaic Disease (CMD)
2968907938.jpg,3,Cassava Mosaic Disease (CMD)
3247597074.jpg,2,Cassava Green Mottle (CGM)
33394773.jpg,3,Cassava Mosaic Disease (CMD)
3489995637.jpg,3,Cassava Mosaic Disease (CMD)
3621719262.jpg,3,Cassava Mosaic Disease (CMD)
3926325186.jpg,3,Cassava Mosaic Disease (CMD)
1914091505.jpg,3,Cassava Mosaic Disease (CMD)
948363257.jpg,0,Cassava Bacterial Blight (CBB)
2445684335.jpg,4,Healthy
2713182562.jpg,3,Cassava Mosaic Disease (CMD)
3161523772.jpg,3,Cassava Mosaic Disease (CMD)
2429179859.jpg,3,Cassava Mosaic Disease (CMD)
353518711.jpg,2,Cassava Green Mottle (CGM)
3820660988.jpg,3,Cassava Mosaic Disease (CMD)
696062925.jpg,3,Cassava Mosaic Disease (CMD)
532304081.jpg,2,Cassava Green Mottle (CGM)
3035179320.jpg,3,Cassava Mosaic Disease (CMD)
918306924.jpg,0,Cassava Bacterial Blight (CBB)
1608836835.jpg,3,Cassava Mosaic Disease (CMD)
2522608813.jpg,0,Cassava Bacterial Blight (CBB)
3580781184.jpg,3,Cassava Mosaic Disease (CMD)
2373885965.jpg,3,Cassava Mosaic Disease (CMD)
3029026599.jpg,1,Cassava Brown Streak Disease (CBSD)
332662053.jpg,4,Healthy
2249767695.jpg,3,Cassava Mosaic Disease (CMD)
2861516839.jpg,3,Cassava Mosaic Disease (CMD)
422596234.jpg,3,Cassava Mosaic Disease (CMD)
1995180992.jpg,3,Cassava Mosaic Disease (CMD)
66240294.jpg,3,Cassava Mosaic Disease (CMD)
1977382577.jpg,3,Cassava Mosaic Disease (CMD)
1968909684.jpg,2,Cassava Green Mottle (CGM)
52672633.jpg,3,Cassava Mosaic Disease (CMD)
4210428578.jpg,1,Cassava Brown Streak Disease (CBSD)
3922831035.jpg,3,Cassava Mosaic Disease (CMD)
2377974845.jpg,3,Cassava Mosaic Disease (CMD)
673461056.jpg,3,Cassava Mosaic Disease (CMD)
259514647.jpg,3,Cassava Mosaic Disease (CMD)
31199469.jpg,3,Cassava Mosaic Disease (CMD)
3281269706.jpg,2,Cassava Green Mottle (CGM)
3954487465.jpg,3,Cassava Mosaic Disease (CMD)
3410668826.jpg,4,Healthy
4199257644.jpg,3,Cassava Mosaic Disease (CMD)
4051003869.jpg,4,Healthy
3369161144.jpg,3,Cassava Mosaic Disease (CMD)
2061741988.jpg,4,Healthy
2378611640.jpg,4,Healthy
3672385003.jpg,4,Healthy
2982179908.jpg,3,Cassava Mosaic Disease (CMD)
716052378.jpg,3,Cassava Mosaic Disease (CMD)
618242268.jpg,1,Cassava Brown Streak Disease (CBSD)
724406669.jpg,2,Cassava Green Mottle (CGM)
1785877990.jpg,3,Cassava Mosaic Disease (CMD)
4287286739.jpg,3,Cassava Mosaic Disease (CMD)
4155077237.jpg,2,Cassava Green Mottle (CGM)
2336439281.jpg,4,Healthy
3815339672.jpg,3,Cassava Mosaic Disease (CMD)
3956372146.jpg,1,Cassava Brown Streak Disease (CBSD)
2862156750.jpg,4,Healthy
4172276292.jpg,3,Cassava Mosaic Disease (CMD)
1942589536.jpg,2,Cassava Green Mottle (CGM)
862141742.jpg,3,Cassava Mosaic Disease (CMD)
179499224.jpg,1,Cassava Brown Streak Disease (CBSD)
3147157389.jpg,3,Cassava Mosaic Disease (CMD)
832048490.jpg,3,Cassava Mosaic Disease (CMD)
3486801022.jpg,3,Cassava Mosaic Disease (CMD)
530221019.jpg,3,Cassava Mosaic Disease (CMD)
2362358956.jpg,3,Cassava Mosaic Disease (CMD)
2877008433.jpg,3,Cassava Mosaic Disease (CMD)
500317925.jpg,3,Cassava Mosaic Disease (CMD)
265552623.jpg,4,Healthy
4031789905.jpg,3,Cassava Mosaic Disease (CMD)
4017896312.jpg,3,Cassava Mosaic Disease (CMD)
4214625845.jpg,4,Healthy
2070876273.jpg,2,Cassava Green Mottle (CGM)
1697842534.jpg,3,Cassava Mosaic Disease (CMD)
3840399556.jpg,1,Cassava Brown Streak Disease (CBSD)
2915680359.jpg,3,Cassava Mosaic Disease (CMD)
3228239886.jpg,0,Cassava Bacterial Blight (CBB)
3492280117.jpg,3,Cassava Mosaic Disease (CMD)
22910447.jpg,3,Cassava Mosaic Disease (CMD)
1979663030.jpg,3,Cassava Mosaic Disease (CMD)
2421207355.jpg,3,Cassava Mosaic Disease (CMD)
3015228467.jpg,3,Cassava Mosaic Disease (CMD)
3912926258.jpg,2,Cassava Green Mottle (CGM)
2247903814.jpg,3,Cassava Mosaic Disease (CMD)
3061935906.jpg,3,Cassava Mosaic Disease (CMD)
263461197.jpg,3,Cassava Mosaic Disease (CMD)
891320496.jpg,1,Cassava Brown Streak Disease (CBSD)
3377176469.jpg,3,Cassava Mosaic Disease (CMD)
217280930.jpg,3,Cassava Mosaic Disease (CMD)
4000198689.jpg,4,Healthy
2348376620.jpg,4,Healthy
400794559.jpg,4,Healthy
2980417090.jpg,3,Cassava Mosaic Disease (CMD)
1779602100.jpg,3,Cassava Mosaic Disease (CMD)
670877458.jpg,4,Healthy
2851173680.jpg,3,Cassava Mosaic Disease (CMD)
3339804809.jpg,3,Cassava Mosaic Disease (CMD)
674941646.jpg,2,Cassava Green Mottle (CGM)
3377436038.jpg,3,Cassava Mosaic Disease (CMD)
53822293.jpg,3,Cassava Mosaic Disease (CMD)
3436774116.jpg,4,Healthy
3068895856.jpg,1,Cassava Brown Streak Disease (CBSD)
3845529950.jpg,4,Healthy
3758838047.jpg,3,Cassava Mosaic Disease (CMD)
4122883459.jpg,4,Healthy
2517495253.jpg,0,Cassava Bacterial Blight (CBB)
753470251.jpg,2,Cassava Green Mottle (CGM)
597213250.jpg,3,Cassava Mosaic Disease (CMD)
3057848148.jpg,1,Cassava Brown Streak Disease (CBSD)
53835845.jpg,3,Cassava Mosaic Disease (CMD)
566571284.jpg,0,Cassava Bacterial Blight (CBB)
1726694302.jpg,1,Cassava Brown Streak Disease (CBSD)
900445109.jpg,3,Cassava Mosaic Disease (CMD)
848445335.jpg,3,Cassava Mosaic Disease (CMD)
3450753218.jpg,3,Cassava Mosaic Disease (CMD)
2313023027.jpg,0,Cassava Bacterial Blight (CBB)
2550376211.jpg,3,Cassava Mosaic Disease (CMD)
1963478389.jpg,3,Cassava Mosaic Disease (CMD)
2542417453.jpg,2,Cassava Green Mottle (CGM)
959863341.jpg,3,Cassava Mosaic Disease (CMD)
2035479536.jpg,3,Cassava Mosaic Disease (CMD)
3735709482.jpg,3,Cassava Mosaic Disease (CMD)
298424266.jpg,3,Cassava Mosaic Disease (CMD)
860415279.jpg,4,Healthy
3459805310.jpg,3,Cassava Mosaic Disease (CMD)
2294473726.jpg,3,Cassava Mosaic Disease (CMD)
385685508.jpg,1,Cassava Brown Streak Disease (CBSD)
3615932083.jpg,4,Healthy
3473533262.jpg,3,Cassava Mosaic Disease (CMD)
429230321.jpg,3,Cassava Mosaic Disease (CMD)
2056096028.jpg,2,Cassava Green Mottle (CGM)
45143723.jpg,3,Cassava Mosaic Disease (CMD)
1853028167.jpg,4,Healthy
2501555844.jpg,3,Cassava Mosaic Disease (CMD)
728369192.jpg,3,Cassava Mosaic Disease (CMD)
181879072.jpg,3,Cassava Mosaic Disease (CMD)
451431780.jpg,1,Cassava Brown Streak Disease (CBSD)
2839431875.jpg,3,Cassava Mosaic Disease (CMD)
2402461285.jpg,4,Healthy
3194724319.jpg,3,Cassava Mosaic Disease (CMD)
3717454916.jpg,3,Cassava Mosaic Disease (CMD)
442743040.jpg,3,Cassava Mosaic Disease (CMD)
2289742337.jpg,2,Cassava Green Mottle (CGM)
2363265177.jpg,0,Cassava Bacterial Blight (CBB)
3112062061.jpg,1,Cassava Brown Streak Disease (CBSD)
2832723542.jpg,4,Healthy
2226299947.jpg,1,Cassava Brown Streak Disease (CBSD)
2455232179.jpg,4,Healthy
2341091346.jpg,3,Cassava Mosaic Disease (CMD)
3171661108.jpg,3,Cassava Mosaic Disease (CMD)
2727439884.jpg,3,Cassava Mosaic Disease (CMD)
2705031352.jpg,3,Cassava Mosaic Disease (CMD)
3575126062.jpg,3,Cassava Mosaic Disease (CMD)
792369876.jpg,4,Healthy
3485931790.jpg,2,Cassava Green Mottle (CGM)
964030938.jpg,3,Cassava Mosaic Disease (CMD)
3044146032.jpg,3,Cassava Mosaic Disease (CMD)
2575313111.jpg,3,Cassava Mosaic Disease (CMD)
3391710930.jpg,3,Cassava Mosaic Disease (CMD)
4057892749.jpg,4,Healthy
2178472506.jpg,3,Cassava Mosaic Disease (CMD)
3873234052.jpg,3,Cassava Mosaic Disease (CMD)
2809017753.jpg,2,Cassava Green Mottle (CGM)
3224468740.jpg,3,Cassava Mosaic Disease (CMD)
747646454.jpg,4,Healthy
940742966.jpg,4,Healthy
2124419576.jpg,2,Cassava Green Mottle (CGM)
3953247024.jpg,3,Cassava Mosaic Disease (CMD)
2590893503.jpg,4,Healthy
781748642.jpg,3,Cassava Mosaic Disease (CMD)
1969050726.jpg,3,Cassava Mosaic Disease (CMD)
3050606537.jpg,3,Cassava Mosaic Disease (CMD)
2055911260.jpg,2,Cassava Green Mottle (CGM)
2334816415.jpg,3,Cassava Mosaic Disease (CMD)
2823798822.jpg,2,Cassava Green Mottle (CGM)
710791285.jpg,4,Healthy
25132460.jpg,1,Cassava Brown Streak Disease (CBSD)
3324852988.jpg,3,Cassava Mosaic Disease (CMD)
266634064.jpg,3,Cassava Mosaic Disease (CMD)
2754223528.jpg,3,Cassava Mosaic Disease (CMD)
2282747032.jpg,1,Cassava Brown Streak Disease (CBSD)
2130816690.jpg,3,Cassava Mosaic Disease (CMD)
4016279583.jpg,3,Cassava Mosaic Disease (CMD)
2849797533.jpg,1,Cassava Brown Streak Disease (CBSD)
3897775750.jpg,1,Cassava Brown Streak Disease (CBSD)
900061372.jpg,3,Cassava Mosaic Disease (CMD)
4197342074.jpg,3,Cassava Mosaic Disease (CMD)
3347247220.jpg,2,Cassava Green Mottle (CGM)
3303116849.jpg,1,Cassava Brown Streak Disease (CBSD)
2388256843.jpg,3,Cassava Mosaic Disease (CMD)
3911971056.jpg,3,Cassava Mosaic Disease (CMD)
3681083835.jpg,3,Cassava Mosaic Disease (CMD)
3769515048.jpg,3,Cassava Mosaic Disease (CMD)
2856542971.jpg,4,Healthy
1897014524.jpg,2,Cassava Green Mottle (CGM)
3738228775.jpg,3,Cassava Mosaic Disease (CMD)
3899345868.jpg,3,Cassava Mosaic Disease (CMD)
4045136417.jpg,3,Cassava Mosaic Disease (CMD)
3095413567.jpg,2,Cassava Green Mottle (CGM)
3027631141.jpg,2,Cassava Green Mottle (CGM)
2642216511.jpg,1,Cassava Brown Streak Disease (CBSD)
4279337211.jpg,3,Cassava Mosaic Disease (CMD)
2705839002.jpg,3,Cassava Mosaic Disease (CMD)
181355439.jpg,3,Cassava Mosaic Disease (CMD)
3211556241.jpg,3,Cassava Mosaic Disease (CMD)
2857397632.jpg,2,Cassava Green Mottle (CGM)
3504889993.jpg,3,Cassava Mosaic Disease (CMD)
3573249940.jpg,0,Cassava Bacterial Blight (CBB)
3457349388.jpg,1,Cassava Brown Streak Disease (CBSD)
1813497241.jpg,1,Cassava Brown Streak Disease (CBSD)
2715574572.jpg,3,Cassava Mosaic Disease (CMD)
3362714719.jpg,2,Cassava Green Mottle (CGM)
3527693882.jpg,3,Cassava Mosaic Disease (CMD)
2008808261.jpg,3,Cassava Mosaic Disease (CMD)
2741234622.jpg,3,Cassava Mosaic Disease (CMD)
710350966.jpg,1,Cassava Brown Streak Disease (CBSD)
2259667328.jpg,3,Cassava Mosaic Disease (CMD)
2556955265.jpg,4,Healthy
4165290692.jpg,4,Healthy
1838452225.jpg,4,Healthy
3105309230.jpg,3,Cassava Mosaic Disease (CMD)
967603965.jpg,3,Cassava Mosaic Disease (CMD)
3190970408.jpg,2,Cassava Green Mottle (CGM)
3214572366.jpg,4,Healthy
669360547.jpg,3,Cassava Mosaic Disease (CMD)
806357910.jpg,3,Cassava Mosaic Disease (CMD)
3276860479.jpg,3,Cassava Mosaic Disease (CMD)
1640632644.jpg,3,Cassava Mosaic Disease (CMD)
2141811305.jpg,3,Cassava Mosaic Disease (CMD)
773130398.jpg,3,Cassava Mosaic Disease (CMD)
3292967761.jpg,3,Cassava Mosaic Disease (CMD)
3856967066.jpg,3,Cassava Mosaic Disease (CMD)
1887031828.jpg,2,Cassava Green Mottle (CGM)
2588469356.jpg,4,Healthy
375724523.jpg,3,Cassava Mosaic Disease (CMD)
4126983355.jpg,4,Healthy
3633380986.jpg,4,Healthy
291050311.jpg,0,Cassava Bacterial Blight (CBB)
439346642.jpg,1,Cassava Brown Streak Disease (CBSD)
2478627956.jpg,3,Cassava Mosaic Disease (CMD)
1698641308.jpg,4,Healthy
404837485.jpg,1,Cassava Brown Streak Disease (CBSD)
3716217884.jpg,4,Healthy
567892299.jpg,3,Cassava Mosaic Disease (CMD)
2524986603.jpg,1,Cassava Brown Streak Disease (CBSD)
3746430084.jpg,3,Cassava Mosaic Disease (CMD)
2467555278.jpg,3,Cassava Mosaic Disease (CMD)
2869232623.jpg,2,Cassava Green Mottle (CGM)
1598396225.jpg,2,Cassava Green Mottle (CGM)
4219389723.jpg,1,Cassava Brown Streak Disease (CBSD)
4169005982.jpg,4,Healthy
3322439675.jpg,3,Cassava Mosaic Disease (CMD)
2776641820.jpg,1,Cassava Brown Streak Disease (CBSD)
3323135755.jpg,2,Cassava Green Mottle (CGM)
4244470722.jpg,2,Cassava Green Mottle (CGM)
3627247947.jpg,3,Cassava Mosaic Disease (CMD)
643956994.jpg,2,Cassava Green Mottle (CGM)
909719809.jpg,3,Cassava Mosaic Disease (CMD)
3009647475.jpg,1,Cassava Brown Streak Disease (CBSD)
2280369062.jpg,2,Cassava Green Mottle (CGM)
4148349078.jpg,3,Cassava Mosaic Disease (CMD)
2459734492.jpg,3,Cassava Mosaic Disease (CMD)
2406062564.jpg,3,Cassava Mosaic Disease (CMD)
2689743812.jpg,3,Cassava Mosaic Disease (CMD)
2792077212.jpg,3,Cassava Mosaic Disease (CMD)
2974921901.jpg,3,Cassava Mosaic Disease (CMD)
4176553783.jpg,2,Cassava Green Mottle (CGM)
655873382.jpg,1,Cassava Brown Streak Disease (CBSD)
1632014154.jpg,4,Healthy
200665366.jpg,3,Cassava Mosaic Disease (CMD)
260372337.jpg,3,Cassava Mosaic Disease (CMD)
755437879.jpg,3,Cassava Mosaic Disease (CMD)
3370446446.jpg,1,Cassava Brown Streak Disease (CBSD)
3476106510.jpg,4,Healthy
469798275.jpg,3,Cassava Mosaic Disease (CMD)
2839368896.jpg,2,Cassava Green Mottle (CGM)
2537069783.jpg,3,Cassava Mosaic Disease (CMD)
4090496115.jpg,1,Cassava Brown Streak Disease (CBSD)
3332684410.jpg,3,Cassava Mosaic Disease (CMD)
3254381404.jpg,2,Cassava Green Mottle (CGM)
3521581942.jpg,3,Cassava Mosaic Disease (CMD)
1943448568.jpg,2,Cassava Green Mottle (CGM)
2185298493.jpg,4,Healthy
2948340092.jpg,1,Cassava Brown Streak Disease (CBSD)
3415211920.jpg,3,Cassava Mosaic Disease (CMD)
732968835.jpg,3,Cassava Mosaic Disease (CMD)
3002089936.jpg,4,Healthy
1950245943.jpg,4,Healthy
2086830475.jpg,1,Cassava Brown Streak Disease (CBSD)
2596858727.jpg,0,Cassava Bacterial Blight (CBB)
3542768898.jpg,3,Cassava Mosaic Disease (CMD)
801173555.jpg,1,Cassava Brown Streak Disease (CBSD)
2703318790.jpg,3,Cassava Mosaic Disease (CMD)
2764763708.jpg,3,Cassava Mosaic Disease (CMD)
3385789384.jpg,3,Cassava Mosaic Disease (CMD)
800065702.jpg,4,Healthy
1845227647.jpg,3,Cassava Mosaic Disease (CMD)
586470698.jpg,2,Cassava Green Mottle (CGM)
597389720.jpg,2,Cassava Green Mottle (CGM)
717532306.jpg,3,Cassava Mosaic Disease (CMD)
3383147575.jpg,4,Healthy
2884334007.jpg,3,Cassava Mosaic Disease (CMD)
2118008819.jpg,3,Cassava Mosaic Disease (CMD)
25116516.jpg,3,Cassava Mosaic Disease (CMD)
2156160232.jpg,2,Cassava Green Mottle (CGM)
2290638835.jpg,3,Cassava Mosaic Disease (CMD)
4136963668.jpg,3,Cassava Mosaic Disease (CMD)
1831001186.jpg,3,Cassava Mosaic Disease (CMD)
3318291016.jpg,3,Cassava Mosaic Disease (CMD)
57099592.jpg,0,Cassava Bacterial Blight (CBB)
805711898.jpg,2,Cassava Green Mottle (CGM)
345425805.jpg,3,Cassava Mosaic Disease (CMD)
4003743131.jpg,3,Cassava Mosaic Disease (CMD)
471759171.jpg,3,Cassava Mosaic Disease (CMD)
3699018572.jpg,3,Cassava Mosaic Disease (CMD)
3722449524.jpg,3,Cassava Mosaic Disease (CMD)
3412184648.jpg,3,Cassava Mosaic Disease (CMD)
3824945811.jpg,3,Cassava Mosaic Disease (CMD)
2237756499.jpg,3,Cassava Mosaic Disease (CMD)
3150477025.jpg,2,Cassava Green Mottle (CGM)
2215613116.jpg,3,Cassava Mosaic Disease (CMD)
2451005866.jpg,4,Healthy
564925067.jpg,3,Cassava Mosaic Disease (CMD)
2185746162.jpg,2,Cassava Green Mottle (CGM)
2862696659.jpg,3,Cassava Mosaic Disease (CMD)
3196140306.jpg,3,Cassava Mosaic Disease (CMD)
3056158395.jpg,3,Cassava Mosaic Disease (CMD)
961915557.jpg,4,Healthy
238427056.jpg,3,Cassava Mosaic Disease (CMD)
3748484773.jpg,1,Cassava Brown Streak Disease (CBSD)
292381950.jpg,4,Healthy
4278878757.jpg,0,Cassava Bacterial Blight (CBB)
3838283693.jpg,3,Cassava Mosaic Disease (CMD)
4285226176.jpg,3,Cassava Mosaic Disease (CMD)
3128703922.jpg,3,Cassava Mosaic Disease (CMD)
454183787.jpg,3,Cassava Mosaic Disease (CMD)
4015277516.jpg,3,Cassava Mosaic Disease (CMD)
3064281169.jpg,3,Cassava Mosaic Disease (CMD)
3452699248.jpg,3,Cassava Mosaic Disease (CMD)
366838317.jpg,0,Cassava Bacterial Blight (CBB)
3708657911.jpg,0,Cassava Bacterial Blight (CBB)
582352615.jpg,3,Cassava Mosaic Disease (CMD)
809359953.jpg,3,Cassava Mosaic Disease (CMD)
1905119159.jpg,1,Cassava Brown Streak Disease (CBSD)
2455854003.jpg,0,Cassava Bacterial Blight (CBB)
938742634.jpg,3,Cassava Mosaic Disease (CMD)
715948482.jpg,1,Cassava Brown Streak Disease (CBSD)
4148883240.jpg,3,Cassava Mosaic Disease (CMD)
410880003.jpg,2,Cassava Green Mottle (CGM)
3950024947.jpg,2,Cassava Green Mottle (CGM)
1598320375.jpg,3,Cassava Mosaic Disease (CMD)
2672830636.jpg,4,Healthy
1790319061.jpg,1,Cassava Brown Streak Disease (CBSD)
2161224782.jpg,4,Healthy
719526260.jpg,3,Cassava Mosaic Disease (CMD)
2433307411.jpg,1,Cassava Brown Streak Disease (CBSD)
2678664625.jpg,1,Cassava Brown Streak Disease (CBSD)
3111147611.jpg,3,Cassava Mosaic Disease (CMD)
4149032443.jpg,3,Cassava Mosaic Disease (CMD)
4262629224.jpg,4,Healthy
3857737610.jpg,2,Cassava Green Mottle (CGM)
3229687331.jpg,4,Healthy
3490424347.jpg,3,Cassava Mosaic Disease (CMD)
518719429.jpg,4,Healthy
2040710303.jpg,3,Cassava Mosaic Disease (CMD)
2007737070.jpg,0,Cassava Bacterial Blight (CBB)
814020712.jpg,3,Cassava Mosaic Disease (CMD)
2384852516.jpg,0,Cassava Bacterial Blight (CBB)
2350465175.jpg,2,Cassava Green Mottle (CGM)
702921718.jpg,1,Cassava Brown Streak Disease (CBSD)
2347037754.jpg,2,Cassava Green Mottle (CGM)
3823764652.jpg,1,Cassava Brown Streak Disease (CBSD)
3924061539.jpg,3,Cassava Mosaic Disease (CMD)
519341092.jpg,1,Cassava Brown Streak Disease (CBSD)
2785784013.jpg,4,Healthy
704504922.jpg,3,Cassava Mosaic Disease (CMD)
4081152393.jpg,3,Cassava Mosaic Disease (CMD)
4221337280.jpg,2,Cassava Green Mottle (CGM)
255110661.jpg,0,Cassava Bacterial Blight (CBB)
2203981379.jpg,0,Cassava Bacterial Blight (CBB)
3152144684.jpg,3,Cassava Mosaic Disease (CMD)
3926362029.jpg,3,Cassava Mosaic Disease (CMD)
3360808507.jpg,3,Cassava Mosaic Disease (CMD)
2177099962.jpg,3,Cassava Mosaic Disease (CMD)
909499250.jpg,3,Cassava Mosaic Disease (CMD)
3350458674.jpg,3,Cassava Mosaic Disease (CMD)
259995232.jpg,2,Cassava Green Mottle (CGM)
3416552356.jpg,4,Healthy
4276702530.jpg,3,Cassava Mosaic Disease (CMD)
240215546.jpg,3,Cassava Mosaic Disease (CMD)
1943882705.jpg,3,Cassava Mosaic Disease (CMD)
1763032962.jpg,3,Cassava Mosaic Disease (CMD)
3994869632.jpg,4,Healthy
2070208498.jpg,4,Healthy
2542075685.jpg,2,Cassava Green Mottle (CGM)
555028236.jpg,1,Cassava Brown Streak Disease (CBSD)
597003847.jpg,4,Healthy
686102337.jpg,3,Cassava Mosaic Disease (CMD)
3752506067.jpg,1,Cassava Brown Streak Disease (CBSD)
3496886670.jpg,3,Cassava Mosaic Disease (CMD)
2271327090.jpg,3,Cassava Mosaic Disease (CMD)
326596379.jpg,4,Healthy
4136065352.jpg,3,Cassava Mosaic Disease (CMD)
457446390.jpg,1,Cassava Brown Streak Disease (CBSD)
4014439076.jpg,3,Cassava Mosaic Disease (CMD)
344993238.jpg,0,Cassava Bacterial Blight (CBB)
3140362576.jpg,3,Cassava Mosaic Disease (CMD)
1603286748.jpg,3,Cassava Mosaic Disease (CMD)
3422756299.jpg,3,Cassava Mosaic Disease (CMD)
2189896995.jpg,2,Cassava Green Mottle (CGM)
287262008.jpg,3,Cassava Mosaic Disease (CMD)
982968211.jpg,3,Cassava Mosaic Disease (CMD)
3295550498.jpg,1,Cassava Brown Streak Disease (CBSD)
3925921042.jpg,0,Cassava Bacterial Blight (CBB)
2404877311.jpg,3,Cassava Mosaic Disease (CMD)
3543872440.jpg,3,Cassava Mosaic Disease (CMD)
3713964400.jpg,3,Cassava Mosaic Disease (CMD)
4255843801.jpg,2,Cassava Green Mottle (CGM)
3926359515.jpg,4,Healthy
2167049261.jpg,2,Cassava Green Mottle (CGM)
68764231.jpg,3,Cassava Mosaic Disease (CMD)
2684560144.jpg,3,Cassava Mosaic Disease (CMD)
3894758285.jpg,3,Cassava Mosaic Disease (CMD)
4062190855.jpg,3,Cassava Mosaic Disease (CMD)
927454705.jpg,3,Cassava Mosaic Disease (CMD)
2865479509.jpg,4,Healthy
4092211517.jpg,3,Cassava Mosaic Disease (CMD)
395820132.jpg,3,Cassava Mosaic Disease (CMD)
3481863039.jpg,3,Cassava Mosaic Disease (CMD)
2198215953.jpg,3,Cassava Mosaic Disease (CMD)
2448133636.jpg,1,Cassava Brown Streak Disease (CBSD)
1939567096.jpg,3,Cassava Mosaic Disease (CMD)
2575222166.jpg,1,Cassava Brown Streak Disease (CBSD)
2052664728.jpg,1,Cassava Brown Streak Disease (CBSD)
3525273765.jpg,4,Healthy
522535695.jpg,3,Cassava Mosaic Disease (CMD)
1783641862.jpg,1,Cassava Brown Streak Disease (CBSD)
665478889.jpg,2,Cassava Green Mottle (CGM)
264213180.jpg,3,Cassava Mosaic Disease (CMD)
2214549486.jpg,3,Cassava Mosaic Disease (CMD)
3964080612.jpg,4,Healthy
3051910715.jpg,3,Cassava Mosaic Disease (CMD)
2953610226.jpg,1,Cassava Brown Streak Disease (CBSD)
2338213285.jpg,2,Cassava Green Mottle (CGM)
4080945037.jpg,3,Cassava Mosaic Disease (CMD)
4291943687.jpg,3,Cassava Mosaic Disease (CMD)
161407663.jpg,2,Cassava Green Mottle (CGM)
2026227726.jpg,3,Cassava Mosaic Disease (CMD)
736522598.jpg,2,Cassava Green Mottle (CGM)
4100817891.jpg,0,Cassava Bacterial Blight (CBB)
2405694825.jpg,3,Cassava Mosaic Disease (CMD)
1981291103.jpg,3,Cassava Mosaic Disease (CMD)
3491804538.jpg,3,Cassava Mosaic Disease (CMD)
2349014698.jpg,3,Cassava Mosaic Disease (CMD)
2403325531.jpg,4,Healthy
760916412.jpg,2,Cassava Green Mottle (CGM)
1893681527.jpg,3,Cassava Mosaic Disease (CMD)
743999758.jpg,2,Cassava Green Mottle (CGM)
3113190178.jpg,3,Cassava Mosaic Disease (CMD)
220364890.jpg,3,Cassava Mosaic Disease (CMD)
2570128244.jpg,3,Cassava Mosaic Disease (CMD)
3829295052.jpg,2,Cassava Green Mottle (CGM)
659696981.jpg,4,Healthy
2687703797.jpg,3,Cassava Mosaic Disease (CMD)
632445353.jpg,3,Cassava Mosaic Disease (CMD)
1835317288.jpg,1,Cassava Brown Streak Disease (CBSD)
2166796767.jpg,4,Healthy
41357060.jpg,3,Cassava Mosaic Disease (CMD)
2342719124.jpg,3,Cassava Mosaic Disease (CMD)
2191379565.jpg,2,Cassava Green Mottle (CGM)
4050718274.jpg,2,Cassava Green Mottle (CGM)
3970119375.jpg,3,Cassava Mosaic Disease (CMD)
3462722131.jpg,1,Cassava Brown Streak Disease (CBSD)
2484137183.jpg,2,Cassava Green Mottle (CGM)
3746382230.jpg,3,Cassava Mosaic Disease (CMD)
3202419046.jpg,3,Cassava Mosaic Disease (CMD)
775786945.jpg,2,Cassava Green Mottle (CGM)
4034666533.jpg,3,Cassava Mosaic Disease (CMD)
3028978294.jpg,3,Cassava Mosaic Disease (CMD)
2823421970.jpg,3,Cassava Mosaic Disease (CMD)
893103956.jpg,1,Cassava Brown Streak Disease (CBSD)
2028369861.jpg,2,Cassava Green Mottle (CGM)
699957994.jpg,3,Cassava Mosaic Disease (CMD)
4183926297.jpg,2,Cassava Green Mottle (CGM)
1631043565.jpg,3,Cassava Mosaic Disease (CMD)
4287423419.jpg,3,Cassava Mosaic Disease (CMD)
567537807.jpg,3,Cassava Mosaic Disease (CMD)
4034498053.jpg,4,Healthy
191599460.jpg,3,Cassava Mosaic Disease (CMD)
4254813390.jpg,1,Cassava Brown Streak Disease (CBSD)
3572284920.jpg,3,Cassava Mosaic Disease (CMD)
3998982675.jpg,1,Cassava Brown Streak Disease (CBSD)
3565140358.jpg,3,Cassava Mosaic Disease (CMD)
2792568356.jpg,3,Cassava Mosaic Disease (CMD)
1882161360.jpg,3,Cassava Mosaic Disease (CMD)
2724038983.jpg,3,Cassava Mosaic Disease (CMD)
2530732959.jpg,3,Cassava Mosaic Disease (CMD)
3227241353.jpg,3,Cassava Mosaic Disease (CMD)
2271948413.jpg,3,Cassava Mosaic Disease (CMD)
1672763395.jpg,1,Cassava Brown Streak Disease (CBSD)
743105570.jpg,3,Cassava Mosaic Disease (CMD)
3651447352.jpg,4,Healthy
401560785.jpg,3,Cassava Mosaic Disease (CMD)
3513809597.jpg,3,Cassava Mosaic Disease (CMD)
432302938.jpg,2,Cassava Green Mottle (CGM)
658043427.jpg,3,Cassava Mosaic Disease (CMD)
648490394.jpg,3,Cassava Mosaic Disease (CMD)
2591720324.jpg,3,Cassava Mosaic Disease (CMD)
3535797339.jpg,3,Cassava Mosaic Disease (CMD)
3480025724.jpg,3,Cassava Mosaic Disease (CMD)
2948116610.jpg,3,Cassava Mosaic Disease (CMD)
2877613558.jpg,3,Cassava Mosaic Disease (CMD)
925427672.jpg,1,Cassava Brown Streak Disease (CBSD)
821592762.jpg,3,Cassava Mosaic Disease (CMD)
379034771.jpg,3,Cassava Mosaic Disease (CMD)
4126193524.jpg,2,Cassava Green Mottle (CGM)
756195820.jpg,3,Cassava Mosaic Disease (CMD)
1683413272.jpg,4,Healthy
4033546541.jpg,3,Cassava Mosaic Disease (CMD)
58446146.jpg,3,Cassava Mosaic Disease (CMD)
3452847789.jpg,1,Cassava Brown Streak Disease (CBSD)
66720017.jpg,3,Cassava Mosaic Disease (CMD)
2615227158.jpg,4,Healthy
3444347549.jpg,3,Cassava Mosaic Disease (CMD)
3849716239.jpg,1,Cassava Brown Streak Disease (CBSD)
2081708229.jpg,3,Cassava Mosaic Disease (CMD)
3504991692.jpg,0,Cassava Bacterial Blight (CBB)
2843098728.jpg,4,Healthy
2140850552.jpg,3,Cassava Mosaic Disease (CMD)
2256700113.jpg,3,Cassava Mosaic Disease (CMD)
3487772130.jpg,3,Cassava Mosaic Disease (CMD)
3150520823.jpg,3,Cassava Mosaic Disease (CMD)
213870156.jpg,4,Healthy
4091333216.jpg,3,Cassava Mosaic Disease (CMD)
3980286599.jpg,3,Cassava Mosaic Disease (CMD)
358823158.jpg,3,Cassava Mosaic Disease (CMD)
4189307730.jpg,2,Cassava Green Mottle (CGM)
3899742169.jpg,3,Cassava Mosaic Disease (CMD)
3403835665.jpg,4,Healthy
2275346369.jpg,2,Cassava Green Mottle (CGM)
70816770.jpg,3,Cassava Mosaic Disease (CMD)
3460883505.jpg,4,Healthy
3624397846.jpg,3,Cassava Mosaic Disease (CMD)
3483344406.jpg,0,Cassava Bacterial Blight (CBB)
490933333.jpg,3,Cassava Mosaic Disease (CMD)
2708009129.jpg,3,Cassava Mosaic Disease (CMD)
3281063940.jpg,3,Cassava Mosaic Disease (CMD)
1870220929.jpg,3,Cassava Mosaic Disease (CMD)
851525462.jpg,3,Cassava Mosaic Disease (CMD)
2503555715.jpg,3,Cassava Mosaic Disease (CMD)
4239164688.jpg,3,Cassava Mosaic Disease (CMD)
488710990.jpg,1,Cassava Brown Streak Disease (CBSD)
1985341761.jpg,3,Cassava Mosaic Disease (CMD)
3789310697.jpg,1,Cassava Brown Streak Disease (CBSD)
2528148363.jpg,3,Cassava Mosaic Disease (CMD)
2018156221.jpg,1,Cassava Brown Streak Disease (CBSD)
3563392216.jpg,1,Cassava Brown Streak Disease (CBSD)
3602702041.jpg,0,Cassava Bacterial Blight (CBB)
2601511075.jpg,3,Cassava Mosaic Disease (CMD)
2603915045.jpg,3,Cassava Mosaic Disease (CMD)
3140086152.jpg,3,Cassava Mosaic Disease (CMD)
4039669211.jpg,1,Cassava Brown Streak Disease (CBSD)
2105492888.jpg,3,Cassava Mosaic Disease (CMD)
2666113012.jpg,3,Cassava Mosaic Disease (CMD)
3942542694.jpg,3,Cassava Mosaic Disease (CMD)
432428117.jpg,3,Cassava Mosaic Disease (CMD)
3043214100.jpg,3,Cassava Mosaic Disease (CMD)
3629348411.jpg,3,Cassava Mosaic Disease (CMD)
827746278.jpg,2,Cassava Green Mottle (CGM)
2618467326.jpg,2,Cassava Green Mottle (CGM)
462402577.jpg,2,Cassava Green Mottle (CGM)
2741950720.jpg,3,Cassava Mosaic Disease (CMD)
2043405600.jpg,3,Cassava Mosaic Disease (CMD)
2737285145.jpg,4,Healthy
1769025995.jpg,4,Healthy
1647523800.jpg,3,Cassava Mosaic Disease (CMD)
3289401619.jpg,3,Cassava Mosaic Disease (CMD)
3036847019.jpg,3,Cassava Mosaic Disease (CMD)
641947553.jpg,3,Cassava Mosaic Disease (CMD)
993130539.jpg,3,Cassava Mosaic Disease (CMD)
3328736018.jpg,1,Cassava Brown Streak Disease (CBSD)
3563733619.jpg,1,Cassava Brown Streak Disease (CBSD)
697372150.jpg,3,Cassava Mosaic Disease (CMD)
3865132472.jpg,3,Cassava Mosaic Disease (CMD)
3451525469.jpg,3,Cassava Mosaic Disease (CMD)
451500275.jpg,3,Cassava Mosaic Disease (CMD)
3859007802.jpg,1,Cassava Brown Streak Disease (CBSD)
219893328.jpg,3,Cassava Mosaic Disease (CMD)
1726632514.jpg,4,Healthy
3078945473.jpg,3,Cassava Mosaic Disease (CMD)
2556503478.jpg,4,Healthy
3250530777.jpg,3,Cassava Mosaic Disease (CMD)
52480515.jpg,1,Cassava Brown Streak Disease (CBSD)
29400522.jpg,0,Cassava Bacterial Blight (CBB)
3154594813.jpg,3,Cassava Mosaic Disease (CMD)
248534118.jpg,3,Cassava Mosaic Disease (CMD)
4091618832.jpg,3,Cassava Mosaic Disease (CMD)
4189821383.jpg,3,Cassava Mosaic Disease (CMD)
1797517154.jpg,3,Cassava Mosaic Disease (CMD)
3164685784.jpg,3,Cassava Mosaic Disease (CMD)
2578576273.jpg,3,Cassava Mosaic Disease (CMD)
982230894.jpg,3,Cassava Mosaic Disease (CMD)
2710911914.jpg,2,Cassava Green Mottle (CGM)
1974451313.jpg,3,Cassava Mosaic Disease (CMD)
175989862.jpg,2,Cassava Green Mottle (CGM)
4177084912.jpg,3,Cassava Mosaic Disease (CMD)
4273727278.jpg,3,Cassava Mosaic Disease (CMD)
2818307223.jpg,3,Cassava Mosaic Disease (CMD)
2895545920.jpg,3,Cassava Mosaic Disease (CMD)
2028259586.jpg,2,Cassava Green Mottle (CGM)
391785248.jpg,2,Cassava Green Mottle (CGM)
3760651169.jpg,3,Cassava Mosaic Disease (CMD)
4104529237.jpg,3,Cassava Mosaic Disease (CMD)
1896975057.jpg,3,Cassava Mosaic Disease (CMD)
2652907097.jpg,3,Cassava Mosaic Disease (CMD)
486827297.jpg,3,Cassava Mosaic Disease (CMD)
3362401438.jpg,3,Cassava Mosaic Disease (CMD)
1826588021.jpg,3,Cassava Mosaic Disease (CMD)
2704927529.jpg,3,Cassava Mosaic Disease (CMD)
3915798419.jpg,3,Cassava Mosaic Disease (CMD)
3686560599.jpg,3,Cassava Mosaic Disease (CMD)
2423261447.jpg,3,Cassava Mosaic Disease (CMD)
4282442229.jpg,1,Cassava Brown Streak Disease (CBSD)
2523040233.jpg,3,Cassava Mosaic Disease (CMD)
3964069198.jpg,3,Cassava Mosaic Disease (CMD)
379627215.jpg,3,Cassava Mosaic Disease (CMD)
1668333063.jpg,4,Healthy
829043523.jpg,3,Cassava Mosaic Disease (CMD)
1657183324.jpg,2,Cassava Green Mottle (CGM)
2286580738.jpg,1,Cassava Brown Streak Disease (CBSD)
1918860127.jpg,4,Healthy
808606006.jpg,2,Cassava Green Mottle (CGM)
3431321737.jpg,1,Cassava Brown Streak Disease (CBSD)
3815191065.jpg,3,Cassava Mosaic Disease (CMD)
681602202.jpg,4,Healthy
2513639394.jpg,4,Healthy
1747286543.jpg,3,Cassava Mosaic Disease (CMD)
2228874754.jpg,0,Cassava Bacterial Blight (CBB)
712150180.jpg,4,Healthy
3289230042.jpg,3,Cassava Mosaic Disease (CMD)
2013935388.jpg,1,Cassava Brown Streak Disease (CBSD)
1870488612.jpg,4,Healthy
426528709.jpg,3,Cassava Mosaic Disease (CMD)
592844774.jpg,3,Cassava Mosaic Disease (CMD)
3953327881.jpg,2,Cassava Green Mottle (CGM)
434367485.jpg,3,Cassava Mosaic Disease (CMD)
2771967726.jpg,3,Cassava Mosaic Disease (CMD)
945966296.jpg,3,Cassava Mosaic Disease (CMD)
2496727022.jpg,3,Cassava Mosaic Disease (CMD)
986387276.jpg,3,Cassava Mosaic Disease (CMD)
666145174.jpg,2,Cassava Green Mottle (CGM)
3963572251.jpg,2,Cassava Green Mottle (CGM)
601644904.jpg,3,Cassava Mosaic Disease (CMD)
1722175051.jpg,0,Cassava Bacterial Blight (CBB)
2155661206.jpg,2,Cassava Green Mottle (CGM)
2639026926.jpg,2,Cassava Green Mottle (CGM)
1679984529.jpg,4,Healthy
3165173552.jpg,3,Cassava Mosaic Disease (CMD)
471996434.jpg,4,Healthy
2482667092.jpg,1,Cassava Brown Streak Disease (CBSD)
679887404.jpg,4,Healthy
2976384122.jpg,3,Cassava Mosaic Disease (CMD)
2047764573.jpg,3,Cassava Mosaic Disease (CMD)
3319344936.jpg,3,Cassava Mosaic Disease (CMD)
2687210823.jpg,4,Healthy
1903634061.jpg,3,Cassava Mosaic Disease (CMD)
42688414.jpg,1,Cassava Brown Streak Disease (CBSD)
1670109260.jpg,3,Cassava Mosaic Disease (CMD)
3080364100.jpg,3,Cassava Mosaic Disease (CMD)
4040861068.jpg,3,Cassava Mosaic Disease (CMD)
4254996610.jpg,1,Cassava Brown Streak Disease (CBSD)
3269115168.jpg,3,Cassava Mosaic Disease (CMD)
462079305.jpg,1,Cassava Brown Streak Disease (CBSD)
249583013.jpg,3,Cassava Mosaic Disease (CMD)
804056394.jpg,3,Cassava Mosaic Disease (CMD)
4083175669.jpg,3,Cassava Mosaic Disease (CMD)
1935143915.jpg,3,Cassava Mosaic Disease (CMD)
718077278.jpg,1,Cassava Brown Streak Disease (CBSD)
3652003929.jpg,3,Cassava Mosaic Disease (CMD)
1882997044.jpg,1,Cassava Brown Streak Disease (CBSD)
3820706244.jpg,3,Cassava Mosaic Disease (CMD)
2220870435.jpg,2,Cassava Green Mottle (CGM)
4072193966.jpg,3,Cassava Mosaic Disease (CMD)
2613045307.jpg,2,Cassava Green Mottle (CGM)
2754635742.jpg,3,Cassava Mosaic Disease (CMD)
600736721.jpg,1,Cassava Brown Streak Disease (CBSD)
3118644877.jpg,1,Cassava Brown Streak Disease (CBSD)
4129031753.jpg,3,Cassava Mosaic Disease (CMD)
768948562.jpg,3,Cassava Mosaic Disease (CMD)
866496354.jpg,3,Cassava Mosaic Disease (CMD)
1678515454.jpg,3,Cassava Mosaic Disease (CMD)
658300616.jpg,1,Cassava Brown Streak Disease (CBSD)
183947051.jpg,2,Cassava Green Mottle (CGM)
2048902199.jpg,3,Cassava Mosaic Disease (CMD)
1951284903.jpg,3,Cassava Mosaic Disease (CMD)
3955972139.jpg,3,Cassava Mosaic Disease (CMD)
2572848189.jpg,2,Cassava Green Mottle (CGM)
3404380134.jpg,3,Cassava Mosaic Disease (CMD)
4154410133.jpg,3,Cassava Mosaic Disease (CMD)
511322441.jpg,3,Cassava Mosaic Disease (CMD)
2457308464.jpg,1,Cassava Brown Streak Disease (CBSD)
2548262231.jpg,4,Healthy
1812948134.jpg,3,Cassava Mosaic Disease (CMD)
3006499770.jpg,1,Cassava Brown Streak Disease (CBSD)
910735649.jpg,3,Cassava Mosaic Disease (CMD)
2655340809.jpg,0,Cassava Bacterial Blight (CBB)
464335035.jpg,3,Cassava Mosaic Disease (CMD)
3369073457.jpg,3,Cassava Mosaic Disease (CMD)
3496476132.jpg,4,Healthy
2132846080.jpg,3,Cassava Mosaic Disease (CMD)
332565654.jpg,3,Cassava Mosaic Disease (CMD)
2329835319.jpg,3,Cassava Mosaic Disease (CMD)
725034194.jpg,3,Cassava Mosaic Disease (CMD)
2807050588.jpg,3,Cassava Mosaic Disease (CMD)
2502117114.jpg,1,Cassava Brown Streak Disease (CBSD)
379958464.jpg,4,Healthy
3905145362.jpg,3,Cassava Mosaic Disease (CMD)
648328136.jpg,3,Cassava Mosaic Disease (CMD)
1761091007.jpg,3,Cassava Mosaic Disease (CMD)
2713307369.jpg,4,Healthy
2274473837.jpg,0,Cassava Bacterial Blight (CBB)
3647655176.jpg,3,Cassava Mosaic Disease (CMD)
892025744.jpg,3,Cassava Mosaic Disease (CMD)
84689733.jpg,1,Cassava Brown Streak Disease (CBSD)
4153465850.jpg,3,Cassava Mosaic Disease (CMD)
652147847.jpg,2,Cassava Green Mottle (CGM)
979927449.jpg,3,Cassava Mosaic Disease (CMD)
952519185.jpg,0,Cassava Bacterial Blight (CBB)
2928437074.jpg,1,Cassava Brown Streak Disease (CBSD)
633946965.jpg,3,Cassava Mosaic Disease (CMD)
1783305105.jpg,3,Cassava Mosaic Disease (CMD)
801343155.jpg,1,Cassava Brown Streak Disease (CBSD)
1814561933.jpg,3,Cassava Mosaic Disease (CMD)
489869560.jpg,3,Cassava Mosaic Disease (CMD)
840009401.jpg,3,Cassava Mosaic Disease (CMD)
1924411392.jpg,3,Cassava Mosaic Disease (CMD)
904658704.jpg,2,Cassava Green Mottle (CGM)
1680873912.jpg,1,Cassava Brown Streak Disease (CBSD)
825263308.jpg,3,Cassava Mosaic Disease (CMD)
4036527823.jpg,3,Cassava Mosaic Disease (CMD)
273150716.jpg,3,Cassava Mosaic Disease (CMD)
2589571181.jpg,3,Cassava Mosaic Disease (CMD)
352362036.jpg,3,Cassava Mosaic Disease (CMD)
4024636592.jpg,3,Cassava Mosaic Disease (CMD)
3106625505.jpg,3,Cassava Mosaic Disease (CMD)
621367062.jpg,1,Cassava Brown Streak Disease (CBSD)
3293636157.jpg,3,Cassava Mosaic Disease (CMD)
1688485614.jpg,4,Healthy
3171294350.jpg,3,Cassava Mosaic Disease (CMD)
3304054356.jpg,3,Cassava Mosaic Disease (CMD)
3212523761.jpg,3,Cassava Mosaic Disease (CMD)
2382390457.jpg,3,Cassava Mosaic Disease (CMD)
1859307222.jpg,4,Healthy
4053511214.jpg,3,Cassava Mosaic Disease (CMD)
3062620660.jpg,3,Cassava Mosaic Disease (CMD)
646841236.jpg,4,Healthy
3461803618.jpg,3,Cassava Mosaic Disease (CMD)
1772264324.jpg,2,Cassava Green Mottle (CGM)
3844610320.jpg,3,Cassava Mosaic Disease (CMD)
499934842.jpg,4,Healthy
4186416539.jpg,2,Cassava Green Mottle (CGM)
68550961.jpg,2,Cassava Green Mottle (CGM)
744972013.jpg,4,Healthy
982556736.jpg,4,Healthy
1948579246.jpg,1,Cassava Brown Streak Disease (CBSD)
5912799.jpg,1,Cassava Brown Streak Disease (CBSD)
309569120.jpg,3,Cassava Mosaic Disease (CMD)
3458427180.jpg,3,Cassava Mosaic Disease (CMD)
2388862862.jpg,3,Cassava Mosaic Disease (CMD)
790193480.jpg,3,Cassava Mosaic Disease (CMD)
2002041834.jpg,3,Cassava Mosaic Disease (CMD)
888983519.jpg,3,Cassava Mosaic Disease (CMD)
288071387.jpg,4,Healthy
1692979683.jpg,3,Cassava Mosaic Disease (CMD)
3921494709.jpg,1,Cassava Brown Streak Disease (CBSD)
3673489781.jpg,3,Cassava Mosaic Disease (CMD)
2983246696.jpg,3,Cassava Mosaic Disease (CMD)
4280523848.jpg,3,Cassava Mosaic Disease (CMD)
802718522.jpg,2,Cassava Green Mottle (CGM)
617446207.jpg,3,Cassava Mosaic Disease (CMD)
828740814.jpg,2,Cassava Green Mottle (CGM)
2577910904.jpg,3,Cassava Mosaic Disease (CMD)
2779521123.jpg,1,Cassava Brown Streak Disease (CBSD)
3456979841.jpg,2,Cassava Green Mottle (CGM)
490343607.jpg,3,Cassava Mosaic Disease (CMD)
2394770217.jpg,4,Healthy
2330534234.jpg,0,Cassava Bacterial Blight (CBB)
2010268546.jpg,3,Cassava Mosaic Disease (CMD)
1834483972.jpg,4,Healthy
2016298412.jpg,3,Cassava Mosaic Disease (CMD)
4085008913.jpg,3,Cassava Mosaic Disease (CMD)
873753078.jpg,1,Cassava Brown Streak Disease (CBSD)
939849436.jpg,1,Cassava Brown Streak Disease (CBSD)
1863822391.jpg,3,Cassava Mosaic Disease (CMD)
849184144.jpg,4,Healthy
766908244.jpg,2,Cassava Green Mottle (CGM)
2840731467.jpg,3,Cassava Mosaic Disease (CMD)
1721634086.jpg,3,Cassava Mosaic Disease (CMD)
905387859.jpg,3,Cassava Mosaic Disease (CMD)
3896158732.jpg,3,Cassava Mosaic Disease (CMD)
2075336490.jpg,3,Cassava Mosaic Disease (CMD)
2066754199.jpg,1,Cassava Brown Streak Disease (CBSD)
444416814.jpg,3,Cassava Mosaic Disease (CMD)
3645813895.jpg,3,Cassava Mosaic Disease (CMD)
1653299890.jpg,3,Cassava Mosaic Disease (CMD)
4196311493.jpg,3,Cassava Mosaic Disease (CMD)
3954180556.jpg,3,Cassava Mosaic Disease (CMD)
860826658.jpg,3,Cassava Mosaic Disease (CMD)
3474960927.jpg,4,Healthy
2680198267.jpg,0,Cassava Bacterial Blight (CBB)
1989789271.jpg,4,Healthy
2657750233.jpg,3,Cassava Mosaic Disease (CMD)
3406720343.jpg,4,Healthy
562337477.jpg,4,Healthy
367042340.jpg,4,Healthy
2872589934.jpg,3,Cassava Mosaic Disease (CMD)
1985492850.jpg,3,Cassava Mosaic Disease (CMD)
606831482.jpg,3,Cassava Mosaic Disease (CMD)
2808537553.jpg,3,Cassava Mosaic Disease (CMD)
1908552116.jpg,4,Healthy
3013471955.jpg,3,Cassava Mosaic Disease (CMD)
4091571824.jpg,4,Healthy
372067852.jpg,3,Cassava Mosaic Disease (CMD)
952391818.jpg,3,Cassava Mosaic Disease (CMD)
3722748660.jpg,3,Cassava Mosaic Disease (CMD)
4091663475.jpg,0,Cassava Bacterial Blight (CBB)
772317210.jpg,3,Cassava Mosaic Disease (CMD)
382073647.jpg,4,Healthy
3966169079.jpg,3,Cassava Mosaic Disease (CMD)
4200872179.jpg,0,Cassava Bacterial Blight (CBB)
2504223461.jpg,3,Cassava Mosaic Disease (CMD)
2351347259.jpg,4,Healthy
164643516.jpg,2,Cassava Green Mottle (CGM)
1674922822.jpg,3,Cassava Mosaic Disease (CMD)
3513031039.jpg,3,Cassava Mosaic Disease (CMD)
3819607856.jpg,2,Cassava Green Mottle (CGM)
3621755616.jpg,3,Cassava Mosaic Disease (CMD)
2306755781.jpg,3,Cassava Mosaic Disease (CMD)
1843160862.jpg,3,Cassava Mosaic Disease (CMD)
2456510644.jpg,4,Healthy
2955295994.jpg,4,Healthy
1717047149.jpg,2,Cassava Green Mottle (CGM)
2512300453.jpg,3,Cassava Mosaic Disease (CMD)
2799966834.jpg,3,Cassava Mosaic Disease (CMD)
767516217.jpg,3,Cassava Mosaic Disease (CMD)
3049457065.jpg,3,Cassava Mosaic Disease (CMD)
2284449331.jpg,3,Cassava Mosaic Disease (CMD)
2587436758.jpg,3,Cassava Mosaic Disease (CMD)
640671691.jpg,3,Cassava Mosaic Disease (CMD)
566159695.jpg,4,Healthy
2889965946.jpg,0,Cassava Bacterial Blight (CBB)
2927026832.jpg,3,Cassava Mosaic Disease (CMD)
2535154640.jpg,3,Cassava Mosaic Disease (CMD)
3436413534.jpg,3,Cassava Mosaic Disease (CMD)
483132634.jpg,3,Cassava Mosaic Disease (CMD)
2360488666.jpg,4,Healthy
294665447.jpg,1,Cassava Brown Streak Disease (CBSD)
561864770.jpg,4,Healthy
920600492.jpg,2,Cassava Green Mottle (CGM)
3115344482.jpg,0,Cassava Bacterial Blight (CBB)
2592803346.jpg,3,Cassava Mosaic Disease (CMD)
4081836555.jpg,3,Cassava Mosaic Disease (CMD)
2848956847.jpg,2,Cassava Green Mottle (CGM)
3847172492.jpg,3,Cassava Mosaic Disease (CMD)
2627504664.jpg,1,Cassava Brown Streak Disease (CBSD)
1843885965.jpg,4,Healthy
3101032128.jpg,4,Healthy
2655556290.jpg,4,Healthy
4251001492.jpg,3,Cassava Mosaic Disease (CMD)
376862597.jpg,4,Healthy
3370552221.jpg,3,Cassava Mosaic Disease (CMD)
703084766.jpg,3,Cassava Mosaic Disease (CMD)
3269782382.jpg,4,Healthy
2173674867.jpg,2,Cassava Green Mottle (CGM)
2193031874.jpg,3,Cassava Mosaic Disease (CMD)
97383533.jpg,3,Cassava Mosaic Disease (CMD)
2953394989.jpg,3,Cassava Mosaic Disease (CMD)
692727457.jpg,3,Cassava Mosaic Disease (CMD)
964570288.jpg,4,Healthy
2842496003.jpg,3,Cassava Mosaic Disease (CMD)
2569367644.jpg,3,Cassava Mosaic Disease (CMD)
4201965605.jpg,3,Cassava Mosaic Disease (CMD)
612701263.jpg,2,Cassava Green Mottle (CGM)
1681477511.jpg,3,Cassava Mosaic Disease (CMD)
949971770.jpg,2,Cassava Green Mottle (CGM)
2190921157.jpg,3,Cassava Mosaic Disease (CMD)
2768487225.jpg,3,Cassava Mosaic Disease (CMD)
744419664.jpg,3,Cassava Mosaic Disease (CMD)
3852927202.jpg,3,Cassava Mosaic Disease (CMD)
2073803688.jpg,3,Cassava Mosaic Disease (CMD)
2888561095.jpg,3,Cassava Mosaic Disease (CMD)
379548308.jpg,2,Cassava Green Mottle (CGM)
3246576507.jpg,4,Healthy
2382640175.jpg,3,Cassava Mosaic Disease (CMD)
3481611394.jpg,4,Healthy
792953439.jpg,3,Cassava Mosaic Disease (CMD)
2917486619.jpg,3,Cassava Mosaic Disease (CMD)
2177098745.jpg,3,Cassava Mosaic Disease (CMD)
534932324.jpg,2,Cassava Green Mottle (CGM)
3880530404.jpg,4,Healthy
231149252.jpg,3,Cassava Mosaic Disease (CMD)
4120735558.jpg,3,Cassava Mosaic Disease (CMD)
4260532551.jpg,4,Healthy
2948657860.jpg,3,Cassava Mosaic Disease (CMD)
2073732699.jpg,3,Cassava Mosaic Disease (CMD)
325589863.jpg,3,Cassava Mosaic Disease (CMD)
698646619.jpg,4,Healthy
4067764811.jpg,3,Cassava Mosaic Disease (CMD)
4151543321.jpg,3,Cassava Mosaic Disease (CMD)
4179735226.jpg,3,Cassava Mosaic Disease (CMD)
4208508755.jpg,1,Cassava Brown Streak Disease (CBSD)
3298309036.jpg,3,Cassava Mosaic Disease (CMD)
376449417.jpg,3,Cassava Mosaic Disease (CMD)
896277237.jpg,3,Cassava Mosaic Disease (CMD)
1671511517.jpg,3,Cassava Mosaic Disease (CMD)
2480590755.jpg,4,Healthy
2454473241.jpg,0,Cassava Bacterial Blight (CBB)
314640668.jpg,1,Cassava Brown Streak Disease (CBSD)
4291622548.jpg,2,Cassava Green Mottle (CGM)
527287896.jpg,2,Cassava Green Mottle (CGM)
1637510713.jpg,3,Cassava Mosaic Disease (CMD)
3818159518.jpg,3,Cassava Mosaic Disease (CMD)
3775008056.jpg,3,Cassava Mosaic Disease (CMD)
606601717.jpg,3,Cassava Mosaic Disease (CMD)
3971597689.jpg,3,Cassava Mosaic Disease (CMD)
3792024125.jpg,4,Healthy
3475526281.jpg,3,Cassava Mosaic Disease (CMD)
750376884.jpg,3,Cassava Mosaic Disease (CMD)
237502957.jpg,3,Cassava Mosaic Disease (CMD)
3362446113.jpg,3,Cassava Mosaic Disease (CMD)
2941081204.jpg,3,Cassava Mosaic Disease (CMD)
3195057988.jpg,2,Cassava Green Mottle (CGM)
714060321.jpg,3,Cassava Mosaic Disease (CMD)
2199920986.jpg,1,Cassava Brown Streak Disease (CBSD)
2676740076.jpg,3,Cassava Mosaic Disease (CMD)
1654445556.jpg,1,Cassava Brown Streak Disease (CBSD)
2601426667.jpg,3,Cassava Mosaic Disease (CMD)
2536601960.jpg,2,Cassava Green Mottle (CGM)
2995689898.jpg,3,Cassava Mosaic Disease (CMD)
2253212784.jpg,3,Cassava Mosaic Disease (CMD)
545843686.jpg,3,Cassava Mosaic Disease (CMD)
2016922102.jpg,3,Cassava Mosaic Disease (CMD)
20550531.jpg,3,Cassava Mosaic Disease (CMD)
88884986.jpg,3,Cassava Mosaic Disease (CMD)
2890583988.jpg,3,Cassava Mosaic Disease (CMD)
3218002548.jpg,3,Cassava Mosaic Disease (CMD)
497447638.jpg,1,Cassava Brown Streak Disease (CBSD)
3097827296.jpg,3,Cassava Mosaic Disease (CMD)
2501436016.jpg,3,Cassava Mosaic Disease (CMD)
1901115617.jpg,3,Cassava Mosaic Disease (CMD)
2585698828.jpg,3,Cassava Mosaic Disease (CMD)
862706097.jpg,3,Cassava Mosaic Disease (CMD)
3887762313.jpg,0,Cassava Bacterial Blight (CBB)
418334255.jpg,3,Cassava Mosaic Disease (CMD)
3689465564.jpg,2,Cassava Green Mottle (CGM)
4153230948.jpg,3,Cassava Mosaic Disease (CMD)
2732794141.jpg,3,Cassava Mosaic Disease (CMD)
401103417.jpg,3,Cassava Mosaic Disease (CMD)
2839068946.jpg,4,Healthy
1936058467.jpg,4,Healthy
3110371783.jpg,3,Cassava Mosaic Disease (CMD)
2154958086.jpg,2,Cassava Green Mottle (CGM)
4199323027.jpg,3,Cassava Mosaic Disease (CMD)
3244462441.jpg,3,Cassava Mosaic Disease (CMD)
2733802395.jpg,3,Cassava Mosaic Disease (CMD)
3005332064.jpg,2,Cassava Green Mottle (CGM)
2622342823.jpg,2,Cassava Green Mottle (CGM)
1713720885.jpg,3,Cassava Mosaic Disease (CMD)
3892571667.jpg,3,Cassava Mosaic Disease (CMD)
3057523045.jpg,1,Cassava Brown Streak Disease (CBSD)
2524786194.jpg,3,Cassava Mosaic Disease (CMD)
3251562752.jpg,3,Cassava Mosaic Disease (CMD)
278194940.jpg,3,Cassava Mosaic Disease (CMD)
3840637397.jpg,3,Cassava Mosaic Disease (CMD)
798586903.jpg,3,Cassava Mosaic Disease (CMD)
2516383896.jpg,3,Cassava Mosaic Disease (CMD)
2388202129.jpg,3,Cassava Mosaic Disease (CMD)
68735991.jpg,4,Healthy
3674975223.jpg,3,Cassava Mosaic Disease (CMD)
3178152218.jpg,3,Cassava Mosaic Disease (CMD)
528691632.jpg,3,Cassava Mosaic Disease (CMD)
4005530868.jpg,3,Cassava Mosaic Disease (CMD)
494174224.jpg,3,Cassava Mosaic Disease (CMD)
4043869250.jpg,4,Healthy
759532134.jpg,3,Cassava Mosaic Disease (CMD)
3140226583.jpg,1,Cassava Brown Streak Disease (CBSD)
1929477466.jpg,1,Cassava Brown Streak Disease (CBSD)
584853244.jpg,4,Healthy
3811423890.jpg,0,Cassava Bacterial Blight (CBB)
3791239954.jpg,1,Cassava Brown Streak Disease (CBSD)
700971789.jpg,3,Cassava Mosaic Disease (CMD)
4182229432.jpg,3,Cassava Mosaic Disease (CMD)
3593387125.jpg,3,Cassava Mosaic Disease (CMD)
641625656.jpg,1,Cassava Brown Streak Disease (CBSD)
2110760303.jpg,2,Cassava Green Mottle (CGM)
3522526655.jpg,1,Cassava Brown Streak Disease (CBSD)
1710044268.jpg,2,Cassava Green Mottle (CGM)
2755160950.jpg,3,Cassava Mosaic Disease (CMD)
3096568582.jpg,3,Cassava Mosaic Disease (CMD)
4153020952.jpg,4,Healthy
3120219660.jpg,3,Cassava Mosaic Disease (CMD)
1803767291.jpg,4,Healthy
1904646699.jpg,3,Cassava Mosaic Disease (CMD)
2537487749.jpg,3,Cassava Mosaic Disease (CMD)
269505590.jpg,3,Cassava Mosaic Disease (CMD)
3884199625.jpg,2,Cassava Green Mottle (CGM)
1654789179.jpg,3,Cassava Mosaic Disease (CMD)
553826173.jpg,4,Healthy
3698640204.jpg,0,Cassava Bacterial Blight (CBB)
2029017692.jpg,3,Cassava Mosaic Disease (CMD)
964359867.jpg,3,Cassava Mosaic Disease (CMD)
1994049611.jpg,3,Cassava Mosaic Disease (CMD)
2417890720.jpg,2,Cassava Green Mottle (CGM)
3027702005.jpg,3,Cassava Mosaic Disease (CMD)
417083161.jpg,2,Cassava Green Mottle (CGM)
335796643.jpg,1,Cassava Brown Streak Disease (CBSD)
3332850647.jpg,3,Cassava Mosaic Disease (CMD)
3609593420.jpg,3,Cassava Mosaic Disease (CMD)
3809682538.jpg,4,Healthy
3367003264.jpg,3,Cassava Mosaic Disease (CMD)
1890014049.jpg,3,Cassava Mosaic Disease (CMD)
1897331783.jpg,1,Cassava Brown Streak Disease (CBSD)
3575673908.jpg,4,Healthy
3597887012.jpg,3,Cassava Mosaic Disease (CMD)
2296470866.jpg,4,Healthy
3628771349.jpg,1,Cassava Brown Streak Disease (CBSD)
632417341.jpg,3,Cassava Mosaic Disease (CMD)
847946899.jpg,3,Cassava Mosaic Disease (CMD)
3882947343.jpg,3,Cassava Mosaic Disease (CMD)
455503561.jpg,3,Cassava Mosaic Disease (CMD)
2523524026.jpg,0,Cassava Bacterial Blight (CBB)
623333046.jpg,2,Cassava Green Mottle (CGM)
715597792.jpg,4,Healthy
1796530948.jpg,3,Cassava Mosaic Disease (CMD)
1874987001.jpg,3,Cassava Mosaic Disease (CMD)
322175078.jpg,3,Cassava Mosaic Disease (CMD)
3223378388.jpg,3,Cassava Mosaic Disease (CMD)
3333099414.jpg,3,Cassava Mosaic Disease (CMD)
955110808.jpg,3,Cassava Mosaic Disease (CMD)
162947889.jpg,3,Cassava Mosaic Disease (CMD)
1957897144.jpg,4,Healthy
399780928.jpg,3,Cassava Mosaic Disease (CMD)
2432773311.jpg,3,Cassava Mosaic Disease (CMD)
1887611865.jpg,4,Healthy
849182498.jpg,4,Healthy
792366511.jpg,1,Cassava Brown Streak Disease (CBSD)
2024432255.jpg,3,Cassava Mosaic Disease (CMD)
3253938765.jpg,3,Cassava Mosaic Disease (CMD)
951959546.jpg,3,Cassava Mosaic Disease (CMD)
336414125.jpg,3,Cassava Mosaic Disease (CMD)
3177530760.jpg,3,Cassava Mosaic Disease (CMD)
3128448572.jpg,3,Cassava Mosaic Disease (CMD)
2401928784.jpg,3,Cassava Mosaic Disease (CMD)
2005247448.jpg,3,Cassava Mosaic Disease (CMD)
3089200900.jpg,2,Cassava Green Mottle (CGM)
2406905705.jpg,3,Cassava Mosaic Disease (CMD)
509958138.jpg,3,Cassava Mosaic Disease (CMD)
3403726678.jpg,1,Cassava Brown Streak Disease (CBSD)
4215887355.jpg,1,Cassava Brown Streak Disease (CBSD)
3681935423.jpg,3,Cassava Mosaic Disease (CMD)
758980708.jpg,3,Cassava Mosaic Disease (CMD)
887328137.jpg,2,Cassava Green Mottle (CGM)
912959875.jpg,3,Cassava Mosaic Disease (CMD)
2864662204.jpg,3,Cassava Mosaic Disease (CMD)
807555228.jpg,3,Cassava Mosaic Disease (CMD)
3330447837.jpg,3,Cassava Mosaic Disease (CMD)
1904799311.jpg,3,Cassava Mosaic Disease (CMD)
2794995428.jpg,1,Cassava Brown Streak Disease (CBSD)
520827506.jpg,3,Cassava Mosaic Disease (CMD)
1998802568.jpg,3,Cassava Mosaic Disease (CMD)
470378049.jpg,3,Cassava Mosaic Disease (CMD)
3020977920.jpg,3,Cassava Mosaic Disease (CMD)
2972239724.jpg,3,Cassava Mosaic Disease (CMD)
2326806135.jpg,3,Cassava Mosaic Disease (CMD)
833082515.jpg,0,Cassava Bacterial Blight (CBB)
984082173.jpg,3,Cassava Mosaic Disease (CMD)
3106298633.jpg,4,Healthy
608792631.jpg,3,Cassava Mosaic Disease (CMD)
2436214521.jpg,0,Cassava Bacterial Blight (CBB)
3971663926.jpg,3,Cassava Mosaic Disease (CMD)
596706595.jpg,3,Cassava Mosaic Disease (CMD)
4205935925.jpg,3,Cassava Mosaic Disease (CMD)
2413878208.jpg,1,Cassava Brown Streak Disease (CBSD)
2000430035.jpg,4,Healthy
2727616189.jpg,3,Cassava Mosaic Disease (CMD)
501215014.jpg,1,Cassava Brown Streak Disease (CBSD)
3291696815.jpg,4,Healthy
3355673967.jpg,3,Cassava Mosaic Disease (CMD)
323199672.jpg,3,Cassava Mosaic Disease (CMD)
1871120832.jpg,3,Cassava Mosaic Disease (CMD)
3876080250.jpg,3,Cassava Mosaic Disease (CMD)
2464569796.jpg,3,Cassava Mosaic Disease (CMD)
3010387582.jpg,3,Cassava Mosaic Disease (CMD)
3546315607.jpg,3,Cassava Mosaic Disease (CMD)
1681274509.jpg,4,Healthy
1870791731.jpg,3,Cassava Mosaic Disease (CMD)
900067937.jpg,1,Cassava Brown Streak Disease (CBSD)
895356426.jpg,3,Cassava Mosaic Disease (CMD)
2286796247.jpg,3,Cassava Mosaic Disease (CMD)
4030982383.jpg,3,Cassava Mosaic Disease (CMD)
674380607.jpg,3,Cassava Mosaic Disease (CMD)
228813947.jpg,3,Cassava Mosaic Disease (CMD)
2157124737.jpg,3,Cassava Mosaic Disease (CMD)
3304610004.jpg,3,Cassava Mosaic Disease (CMD)
2173138048.jpg,3,Cassava Mosaic Disease (CMD)
985972952.jpg,1,Cassava Brown Streak Disease (CBSD)
2405490653.jpg,2,Cassava Green Mottle (CGM)
518398469.jpg,4,Healthy
3302767613.jpg,3,Cassava Mosaic Disease (CMD)
3878214050.jpg,1,Cassava Brown Streak Disease (CBSD)
3456540970.jpg,3,Cassava Mosaic Disease (CMD)
1667962035.jpg,3,Cassava Mosaic Disease (CMD)
724302384.jpg,3,Cassava Mosaic Disease (CMD)
3474657752.jpg,0,Cassava Bacterial Blight (CBB)
175519615.jpg,3,Cassava Mosaic Disease (CMD)
177429020.jpg,3,Cassava Mosaic Disease (CMD)
2486584885.jpg,2,Cassava Green Mottle (CGM)
1753499945.jpg,2,Cassava Green Mottle (CGM)
871966628.jpg,3,Cassava Mosaic Disease (CMD)
1693341190.jpg,3,Cassava Mosaic Disease (CMD)
2044199243.jpg,0,Cassava Bacterial Blight (CBB)
2306010128.jpg,3,Cassava Mosaic Disease (CMD)
3913726538.jpg,4,Healthy
361728700.jpg,3,Cassava Mosaic Disease (CMD)
3408364070.jpg,3,Cassava Mosaic Disease (CMD)
3088205156.jpg,3,Cassava Mosaic Disease (CMD)
728690551.jpg,1,Cassava Brown Streak Disease (CBSD)
442743258.jpg,3,Cassava Mosaic Disease (CMD)
3194399372.jpg,3,Cassava Mosaic Disease (CMD)
2926655687.jpg,3,Cassava Mosaic Disease (CMD)
58528063.jpg,3,Cassava Mosaic Disease (CMD)
2618580722.jpg,3,Cassava Mosaic Disease (CMD)
4218669271.jpg,2,Cassava Green Mottle (CGM)
3590711392.jpg,3,Cassava Mosaic Disease (CMD)
902299178.jpg,3,Cassava Mosaic Disease (CMD)
2558709233.jpg,4,Healthy
1596461528.jpg,1,Cassava Brown Streak Disease (CBSD)
204616689.jpg,2,Cassava Green Mottle (CGM)
964482896.jpg,3,Cassava Mosaic Disease (CMD)
2209303439.jpg,3,Cassava Mosaic Disease (CMD)
996762577.jpg,3,Cassava Mosaic Disease (CMD)
2334618381.jpg,2,Cassava Green Mottle (CGM)
280102344.jpg,2,Cassava Green Mottle (CGM)
2323114986.jpg,3,Cassava Mosaic Disease (CMD)
2787235942.jpg,3,Cassava Mosaic Disease (CMD)
2725369010.jpg,3,Cassava Mosaic Disease (CMD)
4213060082.jpg,3,Cassava Mosaic Disease (CMD)
814045052.jpg,0,Cassava Bacterial Blight (CBB)
4274689672.jpg,3,Cassava Mosaic Disease (CMD)
1830061664.jpg,0,Cassava Bacterial Blight (CBB)
2672090644.jpg,4,Healthy
446511089.jpg,4,Healthy
3047244862.jpg,3,Cassava Mosaic Disease (CMD)
2677719734.jpg,3,Cassava Mosaic Disease (CMD)
76889034.jpg,3,Cassava Mosaic Disease (CMD)
4135953143.jpg,4,Healthy
623023838.jpg,1,Cassava Brown Streak Disease (CBSD)
3907936185.jpg,3,Cassava Mosaic Disease (CMD)
1667447724.jpg,1,Cassava Brown Streak Disease (CBSD)
3481763546.jpg,3,Cassava Mosaic Disease (CMD)
3165686559.jpg,3,Cassava Mosaic Disease (CMD)
3225424173.jpg,3,Cassava Mosaic Disease (CMD)
2484530081.jpg,4,Healthy
3364167135.jpg,2,Cassava Green Mottle (CGM)
615415014.jpg,3,Cassava Mosaic Disease (CMD)
4257261494.jpg,2,Cassava Green Mottle (CGM)
4048486399.jpg,3,Cassava Mosaic Disease (CMD)
1699999256.jpg,1,Cassava Brown Streak Disease (CBSD)
2390908858.jpg,2,Cassava Green Mottle (CGM)
2548461545.jpg,1,Cassava Brown Streak Disease (CBSD)
486370102.jpg,1,Cassava Brown Streak Disease (CBSD)
2847134038.jpg,3,Cassava Mosaic Disease (CMD)
2518383781.jpg,3,Cassava Mosaic Disease (CMD)
4285379899.jpg,3,Cassava Mosaic Disease (CMD)
2726255928.jpg,2,Cassava Green Mottle (CGM)
1602254033.jpg,3,Cassava Mosaic Disease (CMD)
3507655543.jpg,2,Cassava Green Mottle (CGM)
2188616846.jpg,3,Cassava Mosaic Disease (CMD)
4184062100.jpg,2,Cassava Green Mottle (CGM)
736521224.jpg,2,Cassava Green Mottle (CGM)
2503268859.jpg,3,Cassava Mosaic Disease (CMD)
2821260437.jpg,3,Cassava Mosaic Disease (CMD)
3174515175.jpg,3,Cassava Mosaic Disease (CMD)
4102423093.jpg,3,Cassava Mosaic Disease (CMD)
310583515.jpg,3,Cassava Mosaic Disease (CMD)
939153733.jpg,2,Cassava Green Mottle (CGM)
35829857.jpg,3,Cassava Mosaic Disease (CMD)
864636811.jpg,3,Cassava Mosaic Disease (CMD)
3332777100.jpg,3,Cassava Mosaic Disease (CMD)
589122135.jpg,3,Cassava Mosaic Disease (CMD)
205927693.jpg,3,Cassava Mosaic Disease (CMD)
2685117981.jpg,3,Cassava Mosaic Disease (CMD)
1677019415.jpg,1,Cassava Brown Streak Disease (CBSD)
2191768604.jpg,3,Cassava Mosaic Disease (CMD)
479691451.jpg,3,Cassava Mosaic Disease (CMD)
1615166642.jpg,2,Cassava Green Mottle (CGM)
3571866681.jpg,0,Cassava Bacterial Blight (CBB)
720776367.jpg,3,Cassava Mosaic Disease (CMD)
653790605.jpg,3,Cassava Mosaic Disease (CMD)
331060034.jpg,3,Cassava Mosaic Disease (CMD)
973746900.jpg,3,Cassava Mosaic Disease (CMD)
2543065297.jpg,3,Cassava Mosaic Disease (CMD)
3607083147.jpg,3,Cassava Mosaic Disease (CMD)
1727150436.jpg,1,Cassava Brown Streak Disease (CBSD)
3523670880.jpg,3,Cassava Mosaic Disease (CMD)
1594306558.jpg,3,Cassava Mosaic Disease (CMD)
235479847.jpg,0,Cassava Bacterial Blight (CBB)
1714436989.jpg,3,Cassava Mosaic Disease (CMD)
171434140.jpg,3,Cassava Mosaic Disease (CMD)
4221918564.jpg,4,Healthy
2241394681.jpg,2,Cassava Green Mottle (CGM)
175398874.jpg,2,Cassava Green Mottle (CGM)
2744213928.jpg,3,Cassava Mosaic Disease (CMD)
708059328.jpg,3,Cassava Mosaic Disease (CMD)
3734809897.jpg,4,Healthy
3602005087.jpg,2,Cassava Green Mottle (CGM)
891874541.jpg,1,Cassava Brown Streak Disease (CBSD)
3078964330.jpg,4,Healthy
480754210.jpg,1,Cassava Brown Streak Disease (CBSD)
2723143870.jpg,3,Cassava Mosaic Disease (CMD)
3342275506.jpg,3,Cassava Mosaic Disease (CMD)
208548099.jpg,0,Cassava Bacterial Blight (CBB)
3435427625.jpg,2,Cassava Green Mottle (CGM)
387432753.jpg,0,Cassava Bacterial Blight (CBB)
4286174060.jpg,3,Cassava Mosaic Disease (CMD)
2406252701.jpg,1,Cassava Brown Streak Disease (CBSD)
2066965759.jpg,3,Cassava Mosaic Disease (CMD)
4005806149.jpg,4,Healthy
888578440.jpg,3,Cassava Mosaic Disease (CMD)
971713914.jpg,3,Cassava Mosaic Disease (CMD)
1791724511.jpg,1,Cassava Brown Streak Disease (CBSD)
4190467935.jpg,4,Healthy
2935338789.jpg,3,Cassava Mosaic Disease (CMD)
2900385271.jpg,3,Cassava Mosaic Disease (CMD)
577741069.jpg,3,Cassava Mosaic Disease (CMD)
2906768430.jpg,2,Cassava Green Mottle (CGM)
2979725349.jpg,3,Cassava Mosaic Disease (CMD)
3308950118.jpg,1,Cassava Brown Streak Disease (CBSD)
3369678617.jpg,3,Cassava Mosaic Disease (CMD)
3368595399.jpg,0,Cassava Bacterial Blight (CBB)
616514000.jpg,1,Cassava Brown Streak Disease (CBSD)
1621362988.jpg,4,Healthy
3356154075.jpg,4,Healthy
3547196560.jpg,3,Cassava Mosaic Disease (CMD)
311947873.jpg,1,Cassava Brown Streak Disease (CBSD)
3507045403.jpg,4,Healthy
553154853.jpg,2,Cassava Green Mottle (CGM)
4213411330.jpg,0,Cassava Bacterial Blight (CBB)
3525134748.jpg,2,Cassava Green Mottle (CGM)
2601582697.jpg,3,Cassava Mosaic Disease (CMD)
1951627890.jpg,3,Cassava Mosaic Disease (CMD)
3741620114.jpg,3,Cassava Mosaic Disease (CMD)
274385992.jpg,4,Healthy
3769167654.jpg,3,Cassava Mosaic Disease (CMD)
997857988.jpg,3,Cassava Mosaic Disease (CMD)
1826268810.jpg,3,Cassava Mosaic Disease (CMD)
3793595797.jpg,3,Cassava Mosaic Disease (CMD)
4172480899.jpg,0,Cassava Bacterial Blight (CBB)
2216829799.jpg,3,Cassava Mosaic Disease (CMD)
2247604933.jpg,3,Cassava Mosaic Disease (CMD)
2030983872.jpg,2,Cassava Green Mottle (CGM)
736834551.jpg,4,Healthy
878020784.jpg,3,Cassava Mosaic Disease (CMD)
1684430173.jpg,1,Cassava Brown Streak Disease (CBSD)
2282251801.jpg,2,Cassava Green Mottle (CGM)
3496438505.jpg,4,Healthy
3536918233.jpg,2,Cassava Green Mottle (CGM)
3151430402.jpg,3,Cassava Mosaic Disease (CMD)
281999383.jpg,4,Healthy
3575986967.jpg,3,Cassava Mosaic Disease (CMD)
2759452874.jpg,3,Cassava Mosaic Disease (CMD)
3643428044.jpg,3,Cassava Mosaic Disease (CMD)
185236448.jpg,3,Cassava Mosaic Disease (CMD)
3762529450.jpg,4,Healthy
3329640569.jpg,4,Healthy
3517580594.jpg,2,Cassava Green Mottle (CGM)
2933784082.jpg,3,Cassava Mosaic Disease (CMD)
3637370040.jpg,3,Cassava Mosaic Disease (CMD)
351189555.jpg,3,Cassava Mosaic Disease (CMD)
757527381.jpg,4,Healthy
3533601057.jpg,0,Cassava Bacterial Blight (CBB)
2496275543.jpg,1,Cassava Brown Streak Disease (CBSD)
3146496839.jpg,3,Cassava Mosaic Disease (CMD)
4119076771.jpg,3,Cassava Mosaic Disease (CMD)
2023366214.jpg,4,Healthy
4025993930.jpg,3,Cassava Mosaic Disease (CMD)
2002072647.jpg,2,Cassava Green Mottle (CGM)
1749530371.jpg,2,Cassava Green Mottle (CGM)
217326166.jpg,1,Cassava Brown Streak Disease (CBSD)
375279139.jpg,3,Cassava Mosaic Disease (CMD)
3394885984.jpg,1,Cassava Brown Streak Disease (CBSD)
1847901285.jpg,4,Healthy
532508558.jpg,1,Cassava Brown Streak Disease (CBSD)
756993867.jpg,3,Cassava Mosaic Disease (CMD)
4267160725.jpg,4,Healthy
3871053042.jpg,3,Cassava Mosaic Disease (CMD)
1899927409.jpg,3,Cassava Mosaic Disease (CMD)
3070576452.jpg,1,Cassava Brown Streak Disease (CBSD)
2264750048.jpg,4,Healthy
2816088621.jpg,3,Cassava Mosaic Disease (CMD)
2615483301.jpg,3,Cassava Mosaic Disease (CMD)
1924360069.jpg,0,Cassava Bacterial Blight (CBB)
2934640241.jpg,0,Cassava Bacterial Blight (CBB)
2011474799.jpg,1,Cassava Brown Streak Disease (CBSD)
1692621028.jpg,0,Cassava Bacterial Blight (CBB)
2061231487.jpg,2,Cassava Green Mottle (CGM)
3671711005.jpg,3,Cassava Mosaic Disease (CMD)
2892111391.jpg,3,Cassava Mosaic Disease (CMD)
716707376.jpg,3,Cassava Mosaic Disease (CMD)
2114557961.jpg,3,Cassava Mosaic Disease (CMD)
3715474986.jpg,3,Cassava Mosaic Disease (CMD)
2909297088.jpg,3,Cassava Mosaic Disease (CMD)
259197447.jpg,0,Cassava Bacterial Blight (CBB)
3963996017.jpg,3,Cassava Mosaic Disease (CMD)
1988296681.jpg,3,Cassava Mosaic Disease (CMD)
3149877253.jpg,3,Cassava Mosaic Disease (CMD)
3402978861.jpg,3,Cassava Mosaic Disease (CMD)
3854923530.jpg,4,Healthy
3993406091.jpg,3,Cassava Mosaic Disease (CMD)
976976000.jpg,4,Healthy
813060428.jpg,3,Cassava Mosaic Disease (CMD)
3082545983.jpg,2,Cassava Green Mottle (CGM)
4228621377.jpg,3,Cassava Mosaic Disease (CMD)
65139094.jpg,3,Cassava Mosaic Disease (CMD)
650816529.jpg,3,Cassava Mosaic Disease (CMD)
2505377282.jpg,3,Cassava Mosaic Disease (CMD)
2711827024.jpg,3,Cassava Mosaic Disease (CMD)
3297949635.jpg,3,Cassava Mosaic Disease (CMD)
1623430367.jpg,4,Healthy
192312490.jpg,3,Cassava Mosaic Disease (CMD)
2816014823.jpg,2,Cassava Green Mottle (CGM)
3449233944.jpg,3,Cassava Mosaic Disease (CMD)
3260026666.jpg,3,Cassava Mosaic Disease (CMD)
611582421.jpg,3,Cassava Mosaic Disease (CMD)
1942233808.jpg,3,Cassava Mosaic Disease (CMD)
3171186747.jpg,3,Cassava Mosaic Disease (CMD)
2444813002.jpg,2,Cassava Green Mottle (CGM)
1841307562.jpg,3,Cassava Mosaic Disease (CMD)
177861663.jpg,3,Cassava Mosaic Disease (CMD)
1690802483.jpg,3,Cassava Mosaic Disease (CMD)
3533209606.jpg,0,Cassava Bacterial Blight (CBB)
449531366.jpg,3,Cassava Mosaic Disease (CMD)
1681857148.jpg,3,Cassava Mosaic Disease (CMD)
2634104651.jpg,4,Healthy
4147695010.jpg,1,Cassava Brown Streak Disease (CBSD)
2002623624.jpg,3,Cassava Mosaic Disease (CMD)
830380663.jpg,3,Cassava Mosaic Disease (CMD)
3181600056.jpg,2,Cassava Green Mottle (CGM)
2761911674.jpg,3,Cassava Mosaic Disease (CMD)
631563709.jpg,4,Healthy
2841497456.jpg,2,Cassava Green Mottle (CGM)
729571986.jpg,3,Cassava Mosaic Disease (CMD)
3973974283.jpg,3,Cassava Mosaic Disease (CMD)
3724969844.jpg,3,Cassava Mosaic Disease (CMD)
4266410348.jpg,3,Cassava Mosaic Disease (CMD)
3561411595.jpg,3,Cassava Mosaic Disease (CMD)
3638899737.jpg,1,Cassava Brown Streak Disease (CBSD)
3148285966.jpg,1,Cassava Brown Streak Disease (CBSD)
3669244109.jpg,3,Cassava Mosaic Disease (CMD)
1989674457.jpg,3,Cassava Mosaic Disease (CMD)
3847712116.jpg,3,Cassava Mosaic Disease (CMD)
1773419255.jpg,3,Cassava Mosaic Disease (CMD)
447702060.jpg,2,Cassava Green Mottle (CGM)
1665625753.jpg,1,Cassava Brown Streak Disease (CBSD)
2888341148.jpg,4,Healthy
593244106.jpg,0,Cassava Bacterial Blight (CBB)
328383026.jpg,3,Cassava Mosaic Disease (CMD)
65671451.jpg,2,Cassava Green Mottle (CGM)
2333701090.jpg,1,Cassava Brown Streak Disease (CBSD)
814547184.jpg,1,Cassava Brown Streak Disease (CBSD)
2077374257.jpg,3,Cassava Mosaic Disease (CMD)
537704740.jpg,0,Cassava Bacterial Blight (CBB)
3577187521.jpg,4,Healthy
1930146002.jpg,3,Cassava Mosaic Disease (CMD)
1611894117.jpg,2,Cassava Green Mottle (CGM)
2837753620.jpg,2,Cassava Green Mottle (CGM)
2707943069.jpg,3,Cassava Mosaic Disease (CMD)
1614856846.jpg,3,Cassava Mosaic Disease (CMD)
2988461706.jpg,2,Cassava Green Mottle (CGM)
4234858756.jpg,3,Cassava Mosaic Disease (CMD)
528179991.jpg,3,Cassava Mosaic Disease (CMD)
197188910.jpg,1,Cassava Brown Streak Disease (CBSD)
3311545583.jpg,3,Cassava Mosaic Disease (CMD)
399128521.jpg,3,Cassava Mosaic Disease (CMD)
1919914.jpg,3,Cassava Mosaic Disease (CMD)
1655898941.jpg,2,Cassava Green Mottle (CGM)
3128461384.jpg,3,Cassava Mosaic Disease (CMD)
3208609885.jpg,4,Healthy
4084618799.jpg,3,Cassava Mosaic Disease (CMD)
3389583925.jpg,3,Cassava Mosaic Disease (CMD)
76382862.jpg,4,Healthy
2955761671.jpg,3,Cassava Mosaic Disease (CMD)
544310124.jpg,3,Cassava Mosaic Disease (CMD)
785251696.jpg,3,Cassava Mosaic Disease (CMD)
1952723516.jpg,3,Cassava Mosaic Disease (CMD)
3700407204.jpg,3,Cassava Mosaic Disease (CMD)
509720498.jpg,3,Cassava Mosaic Disease (CMD)
1905665106.jpg,0,Cassava Bacterial Blight (CBB)
4228769241.jpg,3,Cassava Mosaic Disease (CMD)
2082707509.jpg,3,Cassava Mosaic Disease (CMD)
996539252.jpg,3,Cassava Mosaic Disease (CMD)
3872610458.jpg,3,Cassava Mosaic Disease (CMD)
3971240417.jpg,3,Cassava Mosaic Disease (CMD)
2435836434.jpg,3,Cassava Mosaic Disease (CMD)
338055646.jpg,3,Cassava Mosaic Disease (CMD)
2095886519.jpg,3,Cassava Mosaic Disease (CMD)
2178754842.jpg,3,Cassava Mosaic Disease (CMD)
2740410159.jpg,1,Cassava Brown Streak Disease (CBSD)
2016713149.jpg,3,Cassava Mosaic Disease (CMD)
472300747.jpg,2,Cassava Green Mottle (CGM)
556665949.jpg,3,Cassava Mosaic Disease (CMD)
2253776549.jpg,0,Cassava Bacterial Blight (CBB)
2373222201.jpg,3,Cassava Mosaic Disease (CMD)
3326029378.jpg,3,Cassava Mosaic Disease (CMD)
3846690495.jpg,3,Cassava Mosaic Disease (CMD)
2103640329.jpg,2,Cassava Green Mottle (CGM)
286514821.jpg,4,Healthy
2428477722.jpg,3,Cassava Mosaic Disease (CMD)
285161140.jpg,3,Cassava Mosaic Disease (CMD)
781931652.jpg,3,Cassava Mosaic Disease (CMD)
2881741039.jpg,3,Cassava Mosaic Disease (CMD)
3026311558.jpg,2,Cassava Green Mottle (CGM)
3231194302.jpg,3,Cassava Mosaic Disease (CMD)
165028458.jpg,1,Cassava Brown Streak Disease (CBSD)
2256701699.jpg,1,Cassava Brown Streak Disease (CBSD)
2016929365.jpg,3,Cassava Mosaic Disease (CMD)
3829905505.jpg,3,Cassava Mosaic Disease (CMD)
1752260817.jpg,3,Cassava Mosaic Disease (CMD)
2803562413.jpg,3,Cassava Mosaic Disease (CMD)
2819461837.jpg,3,Cassava Mosaic Disease (CMD)
1757605463.jpg,4,Healthy
3398356924.jpg,3,Cassava Mosaic Disease (CMD)
197779816.jpg,3,Cassava Mosaic Disease (CMD)
2281113813.jpg,3,Cassava Mosaic Disease (CMD)
389430257.jpg,3,Cassava Mosaic Disease (CMD)
1754736431.jpg,3,Cassava Mosaic Disease (CMD)
2875203815.jpg,4,Healthy
3386628365.jpg,3,Cassava Mosaic Disease (CMD)
3267685049.jpg,2,Cassava Green Mottle (CGM)
771269957.jpg,4,Healthy
20518383.jpg,2,Cassava Green Mottle (CGM)
1657763940.jpg,3,Cassava Mosaic Disease (CMD)
224347038.jpg,0,Cassava Bacterial Blight (CBB)
4079242692.jpg,2,Cassava Green Mottle (CGM)
3480423264.jpg,3,Cassava Mosaic Disease (CMD)
3781670038.jpg,2,Cassava Green Mottle (CGM)
292859382.jpg,3,Cassava Mosaic Disease (CMD)
3397396466.jpg,4,Healthy
3517991317.jpg,3,Cassava Mosaic Disease (CMD)
1899098077.jpg,3,Cassava Mosaic Disease (CMD)
2242172318.jpg,1,Cassava Brown Streak Disease (CBSD)
2128717413.jpg,2,Cassava Green Mottle (CGM)
506080526.jpg,3,Cassava Mosaic Disease (CMD)
170892269.jpg,4,Healthy
3489269448.jpg,3,Cassava Mosaic Disease (CMD)
1799253944.jpg,3,Cassava Mosaic Disease (CMD)
2604759921.jpg,1,Cassava Brown Streak Disease (CBSD)
1927268633.jpg,3,Cassava Mosaic Disease (CMD)
2551622966.jpg,3,Cassava Mosaic Disease (CMD)
2715815110.jpg,3,Cassava Mosaic Disease (CMD)
511932063.jpg,3,Cassava Mosaic Disease (CMD)
3664108047.jpg,3,Cassava Mosaic Disease (CMD)
2351508179.jpg,3,Cassava Mosaic Disease (CMD)
3430125708.jpg,3,Cassava Mosaic Disease (CMD)
2925605732.jpg,1,Cassava Brown Streak Disease (CBSD)
324027470.jpg,2,Cassava Green Mottle (CGM)
2292197107.jpg,3,Cassava Mosaic Disease (CMD)
3203940789.jpg,1,Cassava Brown Streak Disease (CBSD)
3228683879.jpg,3,Cassava Mosaic Disease (CMD)
1792425947.jpg,2,Cassava Green Mottle (CGM)
2932210794.jpg,4,Healthy
1809122626.jpg,3,Cassava Mosaic Disease (CMD)
219949624.jpg,1,Cassava Brown Streak Disease (CBSD)
235258659.jpg,3,Cassava Mosaic Disease (CMD)
3804966425.jpg,3,Cassava Mosaic Disease (CMD)
1955971780.jpg,3,Cassava Mosaic Disease (CMD)
4118106145.jpg,3,Cassava Mosaic Disease (CMD)
1848142800.jpg,3,Cassava Mosaic Disease (CMD)
697621030.jpg,0,Cassava Bacterial Blight (CBB)
3318576508.jpg,3,Cassava Mosaic Disease (CMD)
2649681680.jpg,3,Cassava Mosaic Disease (CMD)
449389274.jpg,3,Cassava Mosaic Disease (CMD)
3126296051.jpg,1,Cassava Brown Streak Disease (CBSD)
3682710170.jpg,3,Cassava Mosaic Disease (CMD)
3890028425.jpg,3,Cassava Mosaic Disease (CMD)
3978498326.jpg,3,Cassava Mosaic Disease (CMD)
2086771327.jpg,3,Cassava Mosaic Disease (CMD)
3038549667.jpg,3,Cassava Mosaic Disease (CMD)
3956550570.jpg,3,Cassava Mosaic Disease (CMD)
2896139543.jpg,4,Healthy
2830245641.jpg,2,Cassava Green Mottle (CGM)
2387214009.jpg,3,Cassava Mosaic Disease (CMD)
1702003432.jpg,3,Cassava Mosaic Disease (CMD)
710380163.jpg,4,Healthy
2514350663.jpg,3,Cassava Mosaic Disease (CMD)
2556137627.jpg,3,Cassava Mosaic Disease (CMD)
681211585.jpg,4,Healthy
1861467540.jpg,3,Cassava Mosaic Disease (CMD)
2721303722.jpg,1,Cassava Brown Streak Disease (CBSD)
1601764877.jpg,1,Cassava Brown Streak Disease (CBSD)
913261951.jpg,3,Cassava Mosaic Disease (CMD)
2709513520.jpg,3,Cassava Mosaic Disease (CMD)
814288392.jpg,3,Cassava Mosaic Disease (CMD)
585813976.jpg,3,Cassava Mosaic Disease (CMD)
3917172098.jpg,4,Healthy
878188830.jpg,0,Cassava Bacterial Blight (CBB)
2585045883.jpg,3,Cassava Mosaic Disease (CMD)
2851112716.jpg,1,Cassava Brown Streak Disease (CBSD)
2372527098.jpg,0,Cassava Bacterial Blight (CBB)
3386572570.jpg,4,Healthy
2922958055.jpg,1,Cassava Brown Streak Disease (CBSD)
913968833.jpg,1,Cassava Brown Streak Disease (CBSD)
3470304349.jpg,3,Cassava Mosaic Disease (CMD)
2593895227.jpg,3,Cassava Mosaic Disease (CMD)
206053415.jpg,4,Healthy
1859010639.jpg,3,Cassava Mosaic Disease (CMD)
1978523350.jpg,4,Healthy
3111934110.jpg,3,Cassava Mosaic Disease (CMD)
2596091150.jpg,3,Cassava Mosaic Disease (CMD)
4197924159.jpg,4,Healthy
2037506456.jpg,3,Cassava Mosaic Disease (CMD)
1658413948.jpg,1,Cassava Brown Streak Disease (CBSD)
4253753819.jpg,3,Cassava Mosaic Disease (CMD)
673903398.jpg,4,Healthy
829448982.jpg,3,Cassava Mosaic Disease (CMD)
1634561629.jpg,3,Cassava Mosaic Disease (CMD)
3025763927.jpg,3,Cassava Mosaic Disease (CMD)
585228910.jpg,3,Cassava Mosaic Disease (CMD)
2503003890.jpg,0,Cassava Bacterial Blight (CBB)
3583015430.jpg,3,Cassava Mosaic Disease (CMD)
1748736527.jpg,3,Cassava Mosaic Disease (CMD)
2618046687.jpg,3,Cassava Mosaic Disease (CMD)
2350570132.jpg,0,Cassava Bacterial Blight (CBB)
292358670.jpg,3,Cassava Mosaic Disease (CMD)
2809697426.jpg,2,Cassava Green Mottle (CGM)
4182510325.jpg,2,Cassava Green Mottle (CGM)
2759256201.jpg,1,Cassava Brown Streak Disease (CBSD)
2767496991.jpg,3,Cassava Mosaic Disease (CMD)
3723613666.jpg,3,Cassava Mosaic Disease (CMD)
2208510730.jpg,3,Cassava Mosaic Disease (CMD)
529520501.jpg,3,Cassava Mosaic Disease (CMD)
1775343418.jpg,1,Cassava Brown Streak Disease (CBSD)
3353595234.jpg,2,Cassava Green Mottle (CGM)
3115800767.jpg,3,Cassava Mosaic Disease (CMD)
488438522.jpg,3,Cassava Mosaic Disease (CMD)
2673946061.jpg,3,Cassava Mosaic Disease (CMD)
4056643222.jpg,0,Cassava Bacterial Blight (CBB)
2150406389.jpg,3,Cassava Mosaic Disease (CMD)
3531700878.jpg,3,Cassava Mosaic Disease (CMD)
3871591664.jpg,2,Cassava Green Mottle (CGM)
40598577.jpg,3,Cassava Mosaic Disease (CMD)
2934031861.jpg,2,Cassava Green Mottle (CGM)
175816110.jpg,3,Cassava Mosaic Disease (CMD)
1782504875.jpg,3,Cassava Mosaic Disease (CMD)
2653588387.jpg,0,Cassava Bacterial Blight (CBB)
740762568.jpg,3,Cassava Mosaic Disease (CMD)
3151779462.jpg,3,Cassava Mosaic Disease (CMD)
1950403407.jpg,4,Healthy
1753297943.jpg,4,Healthy
2246452498.jpg,3,Cassava Mosaic Disease (CMD)
2557430640.jpg,3,Cassava Mosaic Disease (CMD)
4117744697.jpg,0,Cassava Bacterial Blight (CBB)
965889493.jpg,3,Cassava Mosaic Disease (CMD)
2293555812.jpg,4,Healthy
2760970275.jpg,3,Cassava Mosaic Disease (CMD)
227631164.jpg,2,Cassava Green Mottle (CGM)
2446074301.jpg,1,Cassava Brown Streak Disease (CBSD)
2475812200.jpg,1,Cassava Brown Streak Disease (CBSD)
2328958801.jpg,3,Cassava Mosaic Disease (CMD)
2604770310.jpg,4,Healthy
3483301254.jpg,0,Cassava Bacterial Blight (CBB)
602031471.jpg,3,Cassava Mosaic Disease (CMD)
2017774096.jpg,2,Cassava Green Mottle (CGM)
857136897.jpg,3,Cassava Mosaic Disease (CMD)
438286664.jpg,3,Cassava Mosaic Disease (CMD)
2879533575.jpg,4,Healthy
2482984898.jpg,3,Cassava Mosaic Disease (CMD)
2766035533.jpg,3,Cassava Mosaic Disease (CMD)
1741376467.jpg,2,Cassava Green Mottle (CGM)
430916626.jpg,0,Cassava Bacterial Blight (CBB)
843004516.jpg,3,Cassava Mosaic Disease (CMD)
243377710.jpg,3,Cassava Mosaic Disease (CMD)
51284514.jpg,3,Cassava Mosaic Disease (CMD)
3523309825.jpg,2,Cassava Green Mottle (CGM)
2835247353.jpg,3,Cassava Mosaic Disease (CMD)
2300456902.jpg,4,Healthy
3277973908.jpg,3,Cassava Mosaic Disease (CMD)
3948333262.jpg,3,Cassava Mosaic Disease (CMD)
3424618786.jpg,3,Cassava Mosaic Disease (CMD)
3620010252.jpg,4,Healthy
1967901235.jpg,3,Cassava Mosaic Disease (CMD)
3924602971.jpg,1,Cassava Brown Streak Disease (CBSD)
2912628693.jpg,3,Cassava Mosaic Disease (CMD)
806943895.jpg,3,Cassava Mosaic Disease (CMD)
37879713.jpg,3,Cassava Mosaic Disease (CMD)
161212223.jpg,3,Cassava Mosaic Disease (CMD)
4232654944.jpg,2,Cassava Green Mottle (CGM)
2043193612.jpg,3,Cassava Mosaic Disease (CMD)
3551690103.jpg,1,Cassava Brown Streak Disease (CBSD)
4199546662.jpg,4,Healthy
3072589200.jpg,2,Cassava Green Mottle (CGM)
1834449995.jpg,4,Healthy
77981157.jpg,2,Cassava Green Mottle (CGM)
2745407686.jpg,4,Healthy
4284428305.jpg,3,Cassava Mosaic Disease (CMD)
3851642042.jpg,3,Cassava Mosaic Disease (CMD)
2708697487.jpg,3,Cassava Mosaic Disease (CMD)
406648571.jpg,3,Cassava Mosaic Disease (CMD)
1856880108.jpg,3,Cassava Mosaic Disease (CMD)
764956722.jpg,3,Cassava Mosaic Disease (CMD)
4031122706.jpg,3,Cassava Mosaic Disease (CMD)
1713912139.jpg,3,Cassava Mosaic Disease (CMD)
641309732.jpg,1,Cassava Brown Streak Disease (CBSD)
4025854027.jpg,1,Cassava Brown Streak Disease (CBSD)
322500539.jpg,3,Cassava Mosaic Disease (CMD)
1611662564.jpg,4,Healthy
3259374604.jpg,3,Cassava Mosaic Disease (CMD)
455328033.jpg,4,Healthy
4147986236.jpg,3,Cassava Mosaic Disease (CMD)
4149062810.jpg,3,Cassava Mosaic Disease (CMD)
3743477008.jpg,3,Cassava Mosaic Disease (CMD)
298282454.jpg,0,Cassava Bacterial Blight (CBB)
2853279464.jpg,3,Cassava Mosaic Disease (CMD)
3980819954.jpg,4,Healthy
4241803356.jpg,3,Cassava Mosaic Disease (CMD)
3673168571.jpg,2,Cassava Green Mottle (CGM)
715057901.jpg,3,Cassava Mosaic Disease (CMD)
3438538629.jpg,3,Cassava Mosaic Disease (CMD)
3281209733.jpg,3,Cassava Mosaic Disease (CMD)
3698178527.jpg,3,Cassava Mosaic Disease (CMD)
2240906425.jpg,3,Cassava Mosaic Disease (CMD)
4189636250.jpg,3,Cassava Mosaic Disease (CMD)
660273630.jpg,3,Cassava Mosaic Disease (CMD)
2187839958.jpg,3,Cassava Mosaic Disease (CMD)
1928188434.jpg,1,Cassava Brown Streak Disease (CBSD)
3808301064.jpg,3,Cassava Mosaic Disease (CMD)
3095137637.jpg,3,Cassava Mosaic Disease (CMD)
4075436598.jpg,4,Healthy
3859819303.jpg,3,Cassava Mosaic Disease (CMD)
2119378021.jpg,3,Cassava Mosaic Disease (CMD)
3341661960.jpg,1,Cassava Brown Streak Disease (CBSD)
3890689694.jpg,0,Cassava Bacterial Blight (CBB)
2531124051.jpg,3,Cassava Mosaic Disease (CMD)
1676410549.jpg,4,Healthy
3830176514.jpg,2,Cassava Green Mottle (CGM)
3914399588.jpg,3,Cassava Mosaic Disease (CMD)
2044004703.jpg,3,Cassava Mosaic Disease (CMD)
2561461282.jpg,3,Cassava Mosaic Disease (CMD)
3885669977.jpg,3,Cassava Mosaic Disease (CMD)
605088351.jpg,3,Cassava Mosaic Disease (CMD)
2516082759.jpg,3,Cassava Mosaic Disease (CMD)
1921224656.jpg,3,Cassava Mosaic Disease (CMD)
938751255.jpg,2,Cassava Green Mottle (CGM)
3402340235.jpg,3,Cassava Mosaic Disease (CMD)
3561701886.jpg,2,Cassava Green Mottle (CGM)
536966524.jpg,3,Cassava Mosaic Disease (CMD)
219119835.jpg,2,Cassava Green Mottle (CGM)
377335481.jpg,3,Cassava Mosaic Disease (CMD)
584742887.jpg,3,Cassava Mosaic Disease (CMD)
4178245302.jpg,3,Cassava Mosaic Disease (CMD)
4046661202.jpg,4,Healthy
383010282.jpg,3,Cassava Mosaic Disease (CMD)
2555529125.jpg,3,Cassava Mosaic Disease (CMD)
3770389028.jpg,0,Cassava Bacterial Blight (CBB)
1883219633.jpg,4,Healthy
1689830354.jpg,3,Cassava Mosaic Disease (CMD)
3962965208.jpg,3,Cassava Mosaic Disease (CMD)
3267710591.jpg,3,Cassava Mosaic Disease (CMD)
238134855.jpg,2,Cassava Green Mottle (CGM)
826231979.jpg,1,Cassava Brown Streak Disease (CBSD)
1977177894.jpg,1,Cassava Brown Streak Disease (CBSD)
3361673129.jpg,1,Cassava Brown Streak Disease (CBSD)
287239456.jpg,3,Cassava Mosaic Disease (CMD)
2717987423.jpg,3,Cassava Mosaic Disease (CMD)
3168669941.jpg,3,Cassava Mosaic Disease (CMD)
732377500.jpg,3,Cassava Mosaic Disease (CMD)
2467248258.jpg,3,Cassava Mosaic Disease (CMD)
3530097754.jpg,1,Cassava Brown Streak Disease (CBSD)
342704060.jpg,3,Cassava Mosaic Disease (CMD)
3882757126.jpg,0,Cassava Bacterial Blight (CBB)
2782668721.jpg,4,Healthy
571732176.jpg,3,Cassava Mosaic Disease (CMD)
739247147.jpg,3,Cassava Mosaic Disease (CMD)
2467324210.jpg,3,Cassava Mosaic Disease (CMD)
2003956257.jpg,3,Cassava Mosaic Disease (CMD)
832593154.jpg,4,Healthy
2143264851.jpg,1,Cassava Brown Streak Disease (CBSD)
3135130073.jpg,3,Cassava Mosaic Disease (CMD)
927165736.jpg,4,Healthy
2172089965.jpg,3,Cassava Mosaic Disease (CMD)
3728785468.jpg,4,Healthy
3565861174.jpg,3,Cassava Mosaic Disease (CMD)
2943837219.jpg,4,Healthy
3079739464.jpg,3,Cassava Mosaic Disease (CMD)
4287071486.jpg,3,Cassava Mosaic Disease (CMD)
3954387963.jpg,2,Cassava Green Mottle (CGM)
532464272.jpg,3,Cassava Mosaic Disease (CMD)
2372305189.jpg,3,Cassava Mosaic Disease (CMD)
3192117887.jpg,2,Cassava Green Mottle (CGM)
2405957142.jpg,3,Cassava Mosaic Disease (CMD)
3792861015.jpg,3,Cassava Mosaic Disease (CMD)
3260085272.jpg,3,Cassava Mosaic Disease (CMD)
2228488681.jpg,4,Healthy
2516076631.jpg,2,Cassava Green Mottle (CGM)
2963141944.jpg,3,Cassava Mosaic Disease (CMD)
181939754.jpg,3,Cassava Mosaic Disease (CMD)
3961645455.jpg,3,Cassava Mosaic Disease (CMD)
728569501.jpg,3,Cassava Mosaic Disease (CMD)
19555068.jpg,3,Cassava Mosaic Disease (CMD)
1627474400.jpg,1,Cassava Brown Streak Disease (CBSD)
3652033201.jpg,1,Cassava Brown Streak Disease (CBSD)
982733151.jpg,3,Cassava Mosaic Disease (CMD)
49703968.jpg,4,Healthy
3293029468.jpg,3,Cassava Mosaic Disease (CMD)
2953075261.jpg,0,Cassava Bacterial Blight (CBB)
4278469660.jpg,2,Cassava Green Mottle (CGM)
845131319.jpg,3,Cassava Mosaic Disease (CMD)
3795401018.jpg,3,Cassava Mosaic Disease (CMD)
2126394627.jpg,3,Cassava Mosaic Disease (CMD)
3191274160.jpg,3,Cassava Mosaic Disease (CMD)
2689857476.jpg,3,Cassava Mosaic Disease (CMD)
2217598381.jpg,3,Cassava Mosaic Disease (CMD)
2642931823.jpg,3,Cassava Mosaic Disease (CMD)
84787134.jpg,1,Cassava Brown Streak Disease (CBSD)
1672107115.jpg,3,Cassava Mosaic Disease (CMD)
2886957597.jpg,4,Healthy
3989425098.jpg,3,Cassava Mosaic Disease (CMD)
3667636603.jpg,3,Cassava Mosaic Disease (CMD)
2968108844.jpg,3,Cassava Mosaic Disease (CMD)
2108427375.jpg,3,Cassava Mosaic Disease (CMD)
3725890252.jpg,3,Cassava Mosaic Disease (CMD)
2355966180.jpg,4,Healthy
754482252.jpg,2,Cassava Green Mottle (CGM)
2355183188.jpg,3,Cassava Mosaic Disease (CMD)
555296352.jpg,4,Healthy
255761886.jpg,3,Cassava Mosaic Disease (CMD)
530355388.jpg,1,Cassava Brown Streak Disease (CBSD)
2636545595.jpg,2,Cassava Green Mottle (CGM)
2361272230.jpg,1,Cassava Brown Streak Disease (CBSD)
944920581.jpg,2,Cassava Green Mottle (CGM)
1785072078.jpg,3,Cassava Mosaic Disease (CMD)
620790397.jpg,3,Cassava Mosaic Disease (CMD)
1784661840.jpg,0,Cassava Bacterial Blight (CBB)
543515988.jpg,3,Cassava Mosaic Disease (CMD)
2021244568.jpg,3,Cassava Mosaic Disease (CMD)
752869166.jpg,3,Cassava Mosaic Disease (CMD)
3028155719.jpg,3,Cassava Mosaic Disease (CMD)
2896377982.jpg,2,Cassava Green Mottle (CGM)
2730226007.jpg,4,Healthy
59686251.jpg,3,Cassava Mosaic Disease (CMD)
3213680701.jpg,2,Cassava Green Mottle (CGM)
3382391338.jpg,3,Cassava Mosaic Disease (CMD)
4000584857.jpg,3,Cassava Mosaic Disease (CMD)
4095924422.jpg,4,Healthy
2095602074.jpg,1,Cassava Brown Streak Disease (CBSD)
2451601022.jpg,4,Healthy
2657641682.jpg,3,Cassava Mosaic Disease (CMD)
903186998.jpg,3,Cassava Mosaic Disease (CMD)
3049252354.jpg,3,Cassava Mosaic Disease (CMD)
1776919078.jpg,3,Cassava Mosaic Disease (CMD)
8526431.jpg,3,Cassava Mosaic Disease (CMD)
3762629314.jpg,2,Cassava Green Mottle (CGM)
670519295.jpg,0,Cassava Bacterial Blight (CBB)
3271331948.jpg,3,Cassava Mosaic Disease (CMD)
352762760.jpg,2,Cassava Green Mottle (CGM)
3596057855.jpg,2,Cassava Green Mottle (CGM)
2060259449.jpg,2,Cassava Green Mottle (CGM)
3487985458.jpg,3,Cassava Mosaic Disease (CMD)
774557036.jpg,3,Cassava Mosaic Disease (CMD)
290799533.jpg,4,Healthy
4129857747.jpg,3,Cassava Mosaic Disease (CMD)
3309053365.jpg,3,Cassava Mosaic Disease (CMD)
191826367.jpg,3,Cassava Mosaic Disease (CMD)
1751949402.jpg,3,Cassava Mosaic Disease (CMD)
195440753.jpg,3,Cassava Mosaic Disease (CMD)
1843297041.jpg,3,Cassava Mosaic Disease (CMD)
3571646827.jpg,3,Cassava Mosaic Disease (CMD)
372080564.jpg,1,Cassava Brown Streak Disease (CBSD)
2322664603.jpg,3,Cassava Mosaic Disease (CMD)
513916180.jpg,3,Cassava Mosaic Disease (CMD)
4175885310.jpg,3,Cassava Mosaic Disease (CMD)
3182540417.jpg,3,Cassava Mosaic Disease (CMD)
2777544814.jpg,4,Healthy
448840430.jpg,3,Cassava Mosaic Disease (CMD)
431956415.jpg,3,Cassava Mosaic Disease (CMD)
3177006269.jpg,3,Cassava Mosaic Disease (CMD)
2421789568.jpg,2,Cassava Green Mottle (CGM)
2407733986.jpg,2,Cassava Green Mottle (CGM)
2659265993.jpg,3,Cassava Mosaic Disease (CMD)
4148972063.jpg,3,Cassava Mosaic Disease (CMD)
3781863600.jpg,3,Cassava Mosaic Disease (CMD)
953218056.jpg,3,Cassava Mosaic Disease (CMD)
2939949397.jpg,2,Cassava Green Mottle (CGM)
2818805641.jpg,3,Cassava Mosaic Disease (CMD)
891426683.jpg,3,Cassava Mosaic Disease (CMD)
4193039618.jpg,2,Cassava Green Mottle (CGM)
2958853820.jpg,3,Cassava Mosaic Disease (CMD)
1927089555.jpg,3,Cassava Mosaic Disease (CMD)
423114651.jpg,3,Cassava Mosaic Disease (CMD)
2156032648.jpg,3,Cassava Mosaic Disease (CMD)
1938814824.jpg,3,Cassava Mosaic Disease (CMD)
680596021.jpg,3,Cassava Mosaic Disease (CMD)
659737430.jpg,3,Cassava Mosaic Disease (CMD)
2926838073.jpg,3,Cassava Mosaic Disease (CMD)
3484852968.jpg,2,Cassava Green Mottle (CGM)
2703905057.jpg,1,Cassava Brown Streak Disease (CBSD)
2725353705.jpg,2,Cassava Green Mottle (CGM)
3772745803.jpg,2,Cassava Green Mottle (CGM)
2912721875.jpg,3,Cassava Mosaic Disease (CMD)
1657389394.jpg,3,Cassava Mosaic Disease (CMD)
441501298.jpg,1,Cassava Brown Streak Disease (CBSD)
3523659784.jpg,0,Cassava Bacterial Blight (CBB)
4186528669.jpg,3,Cassava Mosaic Disease (CMD)
4049843068.jpg,4,Healthy
1741967088.jpg,1,Cassava Brown Streak Disease (CBSD)
3330924681.jpg,2,Cassava Green Mottle (CGM)
22341045.jpg,2,Cassava Green Mottle (CGM)
2056839609.jpg,3,Cassava Mosaic Disease (CMD)
768729652.jpg,4,Healthy
4115111691.jpg,3,Cassava Mosaic Disease (CMD)
2488940657.jpg,1,Cassava Brown Streak Disease (CBSD)
3656998236.jpg,1,Cassava Brown Streak Disease (CBSD)
3958304403.jpg,1,Cassava Brown Streak Disease (CBSD)
3332882233.jpg,3,Cassava Mosaic Disease (CMD)
3128965245.jpg,2,Cassava Green Mottle (CGM)
4092403597.jpg,4,Healthy
3444851887.jpg,3,Cassava Mosaic Disease (CMD)
2820596794.jpg,1,Cassava Brown Streak Disease (CBSD)
356095707.jpg,4,Healthy
3164729248.jpg,3,Cassava Mosaic Disease (CMD)
1710665856.jpg,3,Cassava Mosaic Disease (CMD)
478676678.jpg,3,Cassava Mosaic Disease (CMD)
467561327.jpg,3,Cassava Mosaic Disease (CMD)
249774919.jpg,3,Cassava Mosaic Disease (CMD)
561385001.jpg,3,Cassava Mosaic Disease (CMD)
3942325428.jpg,1,Cassava Brown Streak Disease (CBSD)
2817010639.jpg,3,Cassava Mosaic Disease (CMD)
310240981.jpg,4,Healthy
770763357.jpg,2,Cassava Green Mottle (CGM)
292549170.jpg,3,Cassava Mosaic Disease (CMD)
3084598319.jpg,3,Cassava Mosaic Disease (CMD)
70462322.jpg,3,Cassava Mosaic Disease (CMD)
1951432594.jpg,3,Cassava Mosaic Disease (CMD)
3785055674.jpg,3,Cassava Mosaic Disease (CMD)
542875481.jpg,3,Cassava Mosaic Disease (CMD)
2063651820.jpg,3,Cassava Mosaic Disease (CMD)
2321394894.jpg,3,Cassava Mosaic Disease (CMD)
332612328.jpg,3,Cassava Mosaic Disease (CMD)
2137452423.jpg,3,Cassava Mosaic Disease (CMD)
3946178245.jpg,1,Cassava Brown Streak Disease (CBSD)
1826812654.jpg,2,Cassava Green Mottle (CGM)
3349716864.jpg,2,Cassava Green Mottle (CGM)
2095530731.jpg,1,Cassava Brown Streak Disease (CBSD)
96246425.jpg,3,Cassava Mosaic Disease (CMD)
716011398.jpg,3,Cassava Mosaic Disease (CMD)
2703432678.jpg,3,Cassava Mosaic Disease (CMD)
541684272.jpg,3,Cassava Mosaic Disease (CMD)
1974242714.jpg,2,Cassava Green Mottle (CGM)
1893520640.jpg,3,Cassava Mosaic Disease (CMD)
370886609.jpg,0,Cassava Bacterial Blight (CBB)
283386719.jpg,1,Cassava Brown Streak Disease (CBSD)
1595079320.jpg,3,Cassava Mosaic Disease (CMD)
3916184464.jpg,3,Cassava Mosaic Disease (CMD)
240629774.jpg,3,Cassava Mosaic Disease (CMD)
856446971.jpg,3,Cassava Mosaic Disease (CMD)
2282888474.jpg,3,Cassava Mosaic Disease (CMD)
2199149806.jpg,3,Cassava Mosaic Disease (CMD)
3096059384.jpg,3,Cassava Mosaic Disease (CMD)
474493920.jpg,0,Cassava Bacterial Blight (CBB)
3950261672.jpg,0,Cassava Bacterial Blight (CBB)
3374850417.jpg,3,Cassava Mosaic Disease (CMD)
3780777265.jpg,3,Cassava Mosaic Disease (CMD)
900587637.jpg,3,Cassava Mosaic Disease (CMD)
2506195941.jpg,4,Healthy
3758597448.jpg,1,Cassava Brown Streak Disease (CBSD)
3460751312.jpg,3,Cassava Mosaic Disease (CMD)
872798260.jpg,3,Cassava Mosaic Disease (CMD)
548963583.jpg,3,Cassava Mosaic Disease (CMD)
1964968519.jpg,1,Cassava Brown Streak Disease (CBSD)
3465867956.jpg,1,Cassava Brown Streak Disease (CBSD)
1726536780.jpg,1,Cassava Brown Streak Disease (CBSD)
1711838012.jpg,3,Cassava Mosaic Disease (CMD)
2716489131.jpg,3,Cassava Mosaic Disease (CMD)
2457847681.jpg,3,Cassava Mosaic Disease (CMD)
2659552008.jpg,4,Healthy
602562857.jpg,3,Cassava Mosaic Disease (CMD)
160845950.jpg,3,Cassava Mosaic Disease (CMD)
3331601570.jpg,0,Cassava Bacterial Blight (CBB)
4056868775.jpg,3,Cassava Mosaic Disease (CMD)
3793330900.jpg,4,Healthy
1870594416.jpg,2,Cassava Green Mottle (CGM)
2958183891.jpg,1,Cassava Brown Streak Disease (CBSD)
675264849.jpg,1,Cassava Brown Streak Disease (CBSD)
2967526329.jpg,3,Cassava Mosaic Disease (CMD)
3178846375.jpg,3,Cassava Mosaic Disease (CMD)
3317252237.jpg,3,Cassava Mosaic Disease (CMD)
2051366102.jpg,3,Cassava Mosaic Disease (CMD)
2166623214.jpg,1,Cassava Brown Streak Disease (CBSD)
620752009.jpg,3,Cassava Mosaic Disease (CMD)
3548257728.jpg,0,Cassava Bacterial Blight (CBB)
2155641559.jpg,3,Cassava Mosaic Disease (CMD)
239700501.jpg,2,Cassava Green Mottle (CGM)
294001049.jpg,4,Healthy
1690276814.jpg,3,Cassava Mosaic Disease (CMD)
2281714249.jpg,3,Cassava Mosaic Disease (CMD)
3369053476.jpg,3,Cassava Mosaic Disease (CMD)
2872872513.jpg,3,Cassava Mosaic Disease (CMD)
4092496590.jpg,3,Cassava Mosaic Disease (CMD)
547059239.jpg,3,Cassava Mosaic Disease (CMD)
1927108127.jpg,3,Cassava Mosaic Disease (CMD)
3254091350.jpg,3,Cassava Mosaic Disease (CMD)
2672675899.jpg,3,Cassava Mosaic Disease (CMD)
4267879183.jpg,3,Cassava Mosaic Disease (CMD)
3687654955.jpg,3,Cassava Mosaic Disease (CMD)
1935147807.jpg,3,Cassava Mosaic Disease (CMD)
833472737.jpg,3,Cassava Mosaic Disease (CMD)
4076400056.jpg,3,Cassava Mosaic Disease (CMD)
1620428397.jpg,3,Cassava Mosaic Disease (CMD)
692997740.jpg,3,Cassava Mosaic Disease (CMD)
3177907789.jpg,1,Cassava Brown Streak Disease (CBSD)
2384551148.jpg,4,Healthy
1870826185.jpg,4,Healthy
403422220.jpg,3,Cassava Mosaic Disease (CMD)
1823619640.jpg,0,Cassava Bacterial Blight (CBB)
3745686451.jpg,3,Cassava Mosaic Disease (CMD)
3137997905.jpg,3,Cassava Mosaic Disease (CMD)
2994692961.jpg,3,Cassava Mosaic Disease (CMD)
3564085262.jpg,3,Cassava Mosaic Disease (CMD)
3108320199.jpg,3,Cassava Mosaic Disease (CMD)
3885318661.jpg,3,Cassava Mosaic Disease (CMD)
3222453673.jpg,2,Cassava Green Mottle (CGM)
2960107815.jpg,4,Healthy
783533670.jpg,4,Healthy
2002289812.jpg,3,Cassava Mosaic Disease (CMD)
2750332182.jpg,3,Cassava Mosaic Disease (CMD)
978029996.jpg,2,Cassava Green Mottle (CGM)
4251271803.jpg,4,Healthy
824408929.jpg,3,Cassava Mosaic Disease (CMD)
4168463468.jpg,3,Cassava Mosaic Disease (CMD)
225654531.jpg,2,Cassava Green Mottle (CGM)
4052938438.jpg,3,Cassava Mosaic Disease (CMD)
3655257116.jpg,2,Cassava Green Mottle (CGM)
3604550259.jpg,4,Healthy
387390506.jpg,1,Cassava Brown Streak Disease (CBSD)
212825302.jpg,4,Healthy
3870125232.jpg,3,Cassava Mosaic Disease (CMD)
3761100385.jpg,2,Cassava Green Mottle (CGM)
4250520416.jpg,1,Cassava Brown Streak Disease (CBSD)
3949735560.jpg,3,Cassava Mosaic Disease (CMD)
292767408.jpg,3,Cassava Mosaic Disease (CMD)
2540204490.jpg,2,Cassava Green Mottle (CGM)
3028257069.jpg,3,Cassava Mosaic Disease (CMD)
237098869.jpg,3,Cassava Mosaic Disease (CMD)
2414488257.jpg,3,Cassava Mosaic Disease (CMD)
1703537552.jpg,3,Cassava Mosaic Disease (CMD)
2164012143.jpg,3,Cassava Mosaic Disease (CMD)
2496742167.jpg,1,Cassava Brown Streak Disease (CBSD)
2110903174.jpg,3,Cassava Mosaic Disease (CMD)
1883239637.jpg,3,Cassava Mosaic Disease (CMD)
769509727.jpg,3,Cassava Mosaic Disease (CMD)
3792140986.jpg,0,Cassava Bacterial Blight (CBB)
2279072182.jpg,4,Healthy
2446248969.jpg,4,Healthy
3625051881.jpg,3,Cassava Mosaic Disease (CMD)
2287369071.jpg,3,Cassava Mosaic Disease (CMD)
272170079.jpg,0,Cassava Bacterial Blight (CBB)
3350363363.jpg,4,Healthy
4017822607.jpg,2,Cassava Green Mottle (CGM)
857910285.jpg,1,Cassava Brown Streak Disease (CBSD)
3723277603.jpg,2,Cassava Green Mottle (CGM)
2503151412.jpg,3,Cassava Mosaic Disease (CMD)
1989303026.jpg,3,Cassava Mosaic Disease (CMD)
4179630738.jpg,2,Cassava Green Mottle (CGM)
1733354827.jpg,3,Cassava Mosaic Disease (CMD)
3850139583.jpg,0,Cassava Bacterial Blight (CBB)
3255013873.jpg,1,Cassava Brown Streak Disease (CBSD)
3071921954.jpg,2,Cassava Green Mottle (CGM)
1949374159.jpg,1,Cassava Brown Streak Disease (CBSD)
3750485259.jpg,3,Cassava Mosaic Disease (CMD)
4169071977.jpg,3,Cassava Mosaic Disease (CMD)
937960341.jpg,1,Cassava Brown Streak Disease (CBSD)
695839663.jpg,3,Cassava Mosaic Disease (CMD)
279714753.jpg,3,Cassava Mosaic Disease (CMD)
1841980335.jpg,3,Cassava Mosaic Disease (CMD)
1773778867.jpg,3,Cassava Mosaic Disease (CMD)
2623834949.jpg,2,Cassava Green Mottle (CGM)
1685392765.jpg,4,Healthy
3061201332.jpg,3,Cassava Mosaic Disease (CMD)
2896951319.jpg,3,Cassava Mosaic Disease (CMD)
2474023641.jpg,3,Cassava Mosaic Disease (CMD)
2804421215.jpg,3,Cassava Mosaic Disease (CMD)
979088794.jpg,2,Cassava Green Mottle (CGM)
2709529150.jpg,3,Cassava Mosaic Disease (CMD)
2138386117.jpg,3,Cassava Mosaic Disease (CMD)
2958508685.jpg,3,Cassava Mosaic Disease (CMD)
811520495.jpg,3,Cassava Mosaic Disease (CMD)
1680665967.jpg,1,Cassava Brown Streak Disease (CBSD)
2504498022.jpg,3,Cassava Mosaic Disease (CMD)
4221079095.jpg,1,Cassava Brown Streak Disease (CBSD)
3919261355.jpg,4,Healthy
4131260506.jpg,2,Cassava Green Mottle (CGM)
2651900879.jpg,3,Cassava Mosaic Disease (CMD)
2102411543.jpg,3,Cassava Mosaic Disease (CMD)
3254803718.jpg,4,Healthy
2623830395.jpg,3,Cassava Mosaic Disease (CMD)
1706555718.jpg,2,Cassava Green Mottle (CGM)
3838252563.jpg,3,Cassava Mosaic Disease (CMD)
3738459845.jpg,3,Cassava Mosaic Disease (CMD)
742519691.jpg,4,Healthy
4282727554.jpg,3,Cassava Mosaic Disease (CMD)
2642987699.jpg,3,Cassava Mosaic Disease (CMD)
3417433157.jpg,2,Cassava Green Mottle (CGM)
2120113052.jpg,3,Cassava Mosaic Disease (CMD)
2211589437.jpg,3,Cassava Mosaic Disease (CMD)
3197802027.jpg,0,Cassava Bacterial Blight (CBB)
224544096.jpg,3,Cassava Mosaic Disease (CMD)
3485849218.jpg,3,Cassava Mosaic Disease (CMD)
3255287642.jpg,3,Cassava Mosaic Disease (CMD)
2776899438.jpg,3,Cassava Mosaic Disease (CMD)
2212089862.jpg,3,Cassava Mosaic Disease (CMD)
1775966274.jpg,2,Cassava Green Mottle (CGM)
2437615613.jpg,3,Cassava Mosaic Disease (CMD)
1850706779.jpg,2,Cassava Green Mottle (CGM)
3051314649.jpg,4,Healthy
403680473.jpg,1,Cassava Brown Streak Disease (CBSD)
62069424.jpg,3,Cassava Mosaic Disease (CMD)
2953205129.jpg,0,Cassava Bacterial Blight (CBB)
285610834.jpg,3,Cassava Mosaic Disease (CMD)
3155962772.jpg,2,Cassava Green Mottle (CGM)
3412651605.jpg,3,Cassava Mosaic Disease (CMD)
2169305287.jpg,3,Cassava Mosaic Disease (CMD)
2636836103.jpg,3,Cassava Mosaic Disease (CMD)
2872388134.jpg,2,Cassava Green Mottle (CGM)
931787054.jpg,1,Cassava Brown Streak Disease (CBSD)
2057361034.jpg,1,Cassava Brown Streak Disease (CBSD)
1956819776.jpg,3,Cassava Mosaic Disease (CMD)
1723001945.jpg,3,Cassava Mosaic Disease (CMD)
797589607.jpg,4,Healthy
2307687082.jpg,0,Cassava Bacterial Blight (CBB)
1831389246.jpg,3,Cassava Mosaic Disease (CMD)
2732623786.jpg,3,Cassava Mosaic Disease (CMD)
1770789243.jpg,3,Cassava Mosaic Disease (CMD)
3208046657.jpg,3,Cassava Mosaic Disease (CMD)
484710612.jpg,3,Cassava Mosaic Disease (CMD)
4140868783.jpg,2,Cassava Green Mottle (CGM)
2856556640.jpg,1,Cassava Brown Streak Disease (CBSD)
2583894106.jpg,0,Cassava Bacterial Blight (CBB)
4171305326.jpg,0,Cassava Bacterial Blight (CBB)
3678571048.jpg,3,Cassava Mosaic Disease (CMD)
2606136202.jpg,3,Cassava Mosaic Disease (CMD)
2536863270.jpg,2,Cassava Green Mottle (CGM)
3430075887.jpg,3,Cassava Mosaic Disease (CMD)
4210844423.jpg,2,Cassava Green Mottle (CGM)
860267524.jpg,3,Cassava Mosaic Disease (CMD)
4107720653.jpg,1,Cassava Brown Streak Disease (CBSD)
2078503653.jpg,3,Cassava Mosaic Disease (CMD)
1780402606.jpg,2,Cassava Green Mottle (CGM)
4226241214.jpg,3,Cassava Mosaic Disease (CMD)
2198789414.jpg,3,Cassava Mosaic Disease (CMD)
2698452187.jpg,3,Cassava Mosaic Disease (CMD)
848013707.jpg,4,Healthy
2524417076.jpg,2,Cassava Green Mottle (CGM)
401824702.jpg,4,Healthy
2145419213.jpg,3,Cassava Mosaic Disease (CMD)
1722126168.jpg,0,Cassava Bacterial Blight (CBB)
1706070292.jpg,4,Healthy
4263858320.jpg,3,Cassava Mosaic Disease (CMD)
4219325672.jpg,3,Cassava Mosaic Disease (CMD)
677634085.jpg,0,Cassava Bacterial Blight (CBB)
3299467445.jpg,1,Cassava Brown Streak Disease (CBSD)
1986081806.jpg,3,Cassava Mosaic Disease (CMD)
3974644689.jpg,0,Cassava Bacterial Blight (CBB)
640674729.jpg,3,Cassava Mosaic Disease (CMD)
487175432.jpg,3,Cassava Mosaic Disease (CMD)
3048875200.jpg,3,Cassava Mosaic Disease (CMD)
795280732.jpg,3,Cassava Mosaic Disease (CMD)
2421980371.jpg,2,Cassava Green Mottle (CGM)
3933215613.jpg,3,Cassava Mosaic Disease (CMD)
2765454148.jpg,3,Cassava Mosaic Disease (CMD)
3140915827.jpg,3,Cassava Mosaic Disease (CMD)
87703299.jpg,0,Cassava Bacterial Blight (CBB)
2848134469.jpg,3,Cassava Mosaic Disease (CMD)
1614269960.jpg,2,Cassava Green Mottle (CGM)
3293589198.jpg,3,Cassava Mosaic Disease (CMD)
4206778919.jpg,2,Cassava Green Mottle (CGM)
612426444.jpg,4,Healthy
2651771212.jpg,3,Cassava Mosaic Disease (CMD)
2832996503.jpg,0,Cassava Bacterial Blight (CBB)
2903629810.jpg,2,Cassava Green Mottle (CGM)
46087551.jpg,1,Cassava Brown Streak Disease (CBSD)
1856852302.jpg,2,Cassava Green Mottle (CGM)
3214705014.jpg,3,Cassava Mosaic Disease (CMD)
327041212.jpg,3,Cassava Mosaic Disease (CMD)
2403996210.jpg,3,Cassava Mosaic Disease (CMD)
285256014.jpg,4,Healthy
444154867.jpg,3,Cassava Mosaic Disease (CMD)
4104305706.jpg,3,Cassava Mosaic Disease (CMD)
863785025.jpg,3,Cassava Mosaic Disease (CMD)
3680669935.jpg,3,Cassava Mosaic Disease (CMD)
2406078885.jpg,3,Cassava Mosaic Disease (CMD)
2343718716.jpg,3,Cassava Mosaic Disease (CMD)
3158777284.jpg,3,Cassava Mosaic Disease (CMD)
2170099924.jpg,2,Cassava Green Mottle (CGM)
2931243890.jpg,3,Cassava Mosaic Disease (CMD)
2653828415.jpg,0,Cassava Bacterial Blight (CBB)
2748659636.jpg,3,Cassava Mosaic Disease (CMD)
4044329664.jpg,3,Cassava Mosaic Disease (CMD)
3856210949.jpg,4,Healthy
3415013179.jpg,0,Cassava Bacterial Blight (CBB)
518284284.jpg,3,Cassava Mosaic Disease (CMD)
2179767086.jpg,3,Cassava Mosaic Disease (CMD)
1825775258.jpg,4,Healthy
3653076658.jpg,4,Healthy
1854709315.jpg,1,Cassava Brown Streak Disease (CBSD)
2049128107.jpg,4,Healthy
3373536107.jpg,3,Cassava Mosaic Disease (CMD)
3951033852.jpg,3,Cassava Mosaic Disease (CMD)
814026139.jpg,3,Cassava Mosaic Disease (CMD)
2563233163.jpg,3,Cassava Mosaic Disease (CMD)
1950970646.jpg,3,Cassava Mosaic Disease (CMD)
66571398.jpg,3,Cassava Mosaic Disease (CMD)
456647345.jpg,3,Cassava Mosaic Disease (CMD)
323586160.jpg,3,Cassava Mosaic Disease (CMD)
4070357374.jpg,3,Cassava Mosaic Disease (CMD)
3051256988.jpg,3,Cassava Mosaic Disease (CMD)
989030666.jpg,3,Cassava Mosaic Disease (CMD)
1620003976.jpg,3,Cassava Mosaic Disease (CMD)
19890423.jpg,4,Healthy
914090622.jpg,3,Cassava Mosaic Disease (CMD)
3054525360.jpg,3,Cassava Mosaic Disease (CMD)
4102833148.jpg,4,Healthy
993844551.jpg,3,Cassava Mosaic Disease (CMD)
239805077.jpg,3,Cassava Mosaic Disease (CMD)
241951779.jpg,2,Cassava Green Mottle (CGM)
2256398426.jpg,3,Cassava Mosaic Disease (CMD)
2972586546.jpg,0,Cassava Bacterial Blight (CBB)
3999057498.jpg,3,Cassava Mosaic Disease (CMD)
2747268092.jpg,3,Cassava Mosaic Disease (CMD)
3059732503.jpg,3,Cassava Mosaic Disease (CMD)
3521313788.jpg,3,Cassava Mosaic Disease (CMD)
3147511199.jpg,4,Healthy
543312121.jpg,3,Cassava Mosaic Disease (CMD)
313840458.jpg,3,Cassava Mosaic Disease (CMD)
2705886783.jpg,3,Cassava Mosaic Disease (CMD)
3327914155.jpg,3,Cassava Mosaic Disease (CMD)
2918749013.jpg,3,Cassava Mosaic Disease (CMD)
803734282.jpg,4,Healthy
49697815.jpg,2,Cassava Green Mottle (CGM)
2401581385.jpg,3,Cassava Mosaic Disease (CMD)
3812991688.jpg,3,Cassava Mosaic Disease (CMD)
1877556541.jpg,3,Cassava Mosaic Disease (CMD)
3376905285.jpg,3,Cassava Mosaic Disease (CMD)
498240070.jpg,3,Cassava Mosaic Disease (CMD)
3112835749.jpg,3,Cassava Mosaic Disease (CMD)
724059503.jpg,3,Cassava Mosaic Disease (CMD)
335204978.jpg,4,Healthy
2161246720.jpg,3,Cassava Mosaic Disease (CMD)
370864639.jpg,3,Cassava Mosaic Disease (CMD)
300029526.jpg,3,Cassava Mosaic Disease (CMD)
3571405769.jpg,4,Healthy
2072537637.jpg,2,Cassava Green Mottle (CGM)
2307618342.jpg,3,Cassava Mosaic Disease (CMD)
2139839273.jpg,1,Cassava Brown Streak Disease (CBSD)
3660919522.jpg,3,Cassava Mosaic Disease (CMD)
976955239.jpg,3,Cassava Mosaic Disease (CMD)
481585072.jpg,3,Cassava Mosaic Disease (CMD)
81000729.jpg,3,Cassava Mosaic Disease (CMD)
3798307093.jpg,3,Cassava Mosaic Disease (CMD)
819817921.jpg,3,Cassava Mosaic Disease (CMD)
3474085074.jpg,1,Cassava Brown Streak Disease (CBSD)
2685227014.jpg,3,Cassava Mosaic Disease (CMD)
3874850680.jpg,3,Cassava Mosaic Disease (CMD)
3770308231.jpg,2,Cassava Green Mottle (CGM)
4290868604.jpg,3,Cassava Mosaic Disease (CMD)
2601706130.jpg,1,Cassava Brown Streak Disease (CBSD)
3576823132.jpg,2,Cassava Green Mottle (CGM)
4167185859.jpg,2,Cassava Green Mottle (CGM)
3032067755.jpg,3,Cassava Mosaic Disease (CMD)
2142561990.jpg,3,Cassava Mosaic Disease (CMD)
2312410687.jpg,4,Healthy
4173521076.jpg,0,Cassava Bacterial Blight (CBB)
3900273421.jpg,3,Cassava Mosaic Disease (CMD)
2857712937.jpg,0,Cassava Bacterial Blight (CBB)
2924102968.jpg,2,Cassava Green Mottle (CGM)
3698020177.jpg,3,Cassava Mosaic Disease (CMD)
3187558480.jpg,4,Healthy
2218023332.jpg,3,Cassava Mosaic Disease (CMD)
2474050099.jpg,0,Cassava Bacterial Blight (CBB)
3011636410.jpg,1,Cassava Brown Streak Disease (CBSD)
2984109922.jpg,4,Healthy
2802828070.jpg,4,Healthy
297627784.jpg,2,Cassava Green Mottle (CGM)
3541933479.jpg,4,Healthy
2350506408.jpg,3,Cassava Mosaic Disease (CMD)
376495899.jpg,3,Cassava Mosaic Disease (CMD)
2421584728.jpg,2,Cassava Green Mottle (CGM)
3782836745.jpg,3,Cassava Mosaic Disease (CMD)
52729180.jpg,1,Cassava Brown Streak Disease (CBSD)
2440261962.jpg,3,Cassava Mosaic Disease (CMD)
2297435998.jpg,1,Cassava Brown Streak Disease (CBSD)
3963194620.jpg,3,Cassava Mosaic Disease (CMD)
1777797339.jpg,3,Cassava Mosaic Disease (CMD)
787849373.jpg,4,Healthy
1943423929.jpg,1,Cassava Brown Streak Disease (CBSD)
336319648.jpg,2,Cassava Green Mottle (CGM)
2616119185.jpg,3,Cassava Mosaic Disease (CMD)
2655690235.jpg,4,Healthy
3085440105.jpg,4,Healthy
335787453.jpg,0,Cassava Bacterial Blight (CBB)
1968615575.jpg,2,Cassava Green Mottle (CGM)
833188663.jpg,3,Cassava Mosaic Disease (CMD)
715316118.jpg,1,Cassava Brown Streak Disease (CBSD)
799279391.jpg,3,Cassava Mosaic Disease (CMD)
3354881630.jpg,1,Cassava Brown Streak Disease (CBSD)
2053738846.jpg,2,Cassava Green Mottle (CGM)
1770746162.jpg,1,Cassava Brown Streak Disease (CBSD)
3106113588.jpg,3,Cassava Mosaic Disease (CMD)
2520575801.jpg,3,Cassava Mosaic Disease (CMD)
3789114183.jpg,3,Cassava Mosaic Disease (CMD)
1860678801.jpg,3,Cassava Mosaic Disease (CMD)
2718170987.jpg,2,Cassava Green Mottle (CGM)
3252706161.jpg,3,Cassava Mosaic Disease (CMD)
1638509786.jpg,1,Cassava Brown Streak Disease (CBSD)
1788201755.jpg,4,Healthy
4198716327.jpg,3,Cassava Mosaic Disease (CMD)
3564843091.jpg,3,Cassava Mosaic Disease (CMD)
2330817048.jpg,3,Cassava Mosaic Disease (CMD)
3645419540.jpg,2,Cassava Green Mottle (CGM)
959014862.jpg,3,Cassava Mosaic Disease (CMD)
931943521.jpg,3,Cassava Mosaic Disease (CMD)
53200283.jpg,0,Cassava Bacterial Blight (CBB)
2390982435.jpg,1,Cassava Brown Streak Disease (CBSD)
2184623119.jpg,3,Cassava Mosaic Disease (CMD)
2478368838.jpg,1,Cassava Brown Streak Disease (CBSD)
38648135.jpg,1,Cassava Brown Streak Disease (CBSD)
2598960593.jpg,3,Cassava Mosaic Disease (CMD)
857836383.jpg,3,Cassava Mosaic Disease (CMD)
2342479834.jpg,3,Cassava Mosaic Disease (CMD)
3421838606.jpg,3,Cassava Mosaic Disease (CMD)
1865866480.jpg,3,Cassava Mosaic Disease (CMD)
3907855912.jpg,2,Cassava Green Mottle (CGM)
2274097266.jpg,3,Cassava Mosaic Disease (CMD)
2780229634.jpg,3,Cassava Mosaic Disease (CMD)
2187716233.jpg,3,Cassava Mosaic Disease (CMD)
2006844398.jpg,1,Cassava Brown Streak Disease (CBSD)
573324267.jpg,3,Cassava Mosaic Disease (CMD)
2350885510.jpg,3,Cassava Mosaic Disease (CMD)
3219226576.jpg,0,Cassava Bacterial Blight (CBB)
2227923395.jpg,3,Cassava Mosaic Disease (CMD)
2091719066.jpg,3,Cassava Mosaic Disease (CMD)
843818406.jpg,3,Cassava Mosaic Disease (CMD)
3583970190.jpg,1,Cassava Brown Streak Disease (CBSD)
1768545420.jpg,3,Cassava Mosaic Disease (CMD)
2715921557.jpg,3,Cassava Mosaic Disease (CMD)
2589663236.jpg,3,Cassava Mosaic Disease (CMD)
370235390.jpg,3,Cassava Mosaic Disease (CMD)
425244758.jpg,1,Cassava Brown Streak Disease (CBSD)
435303871.jpg,1,Cassava Brown Streak Disease (CBSD)
628889573.jpg,3,Cassava Mosaic Disease (CMD)
4160459669.jpg,3,Cassava Mosaic Disease (CMD)
1953246043.jpg,3,Cassava Mosaic Disease (CMD)
2313851666.jpg,4,Healthy
2527588542.jpg,3,Cassava Mosaic Disease (CMD)
2767669424.jpg,3,Cassava Mosaic Disease (CMD)
2058959882.jpg,4,Healthy
3054260375.jpg,3,Cassava Mosaic Disease (CMD)
3308245641.jpg,3,Cassava Mosaic Disease (CMD)
657424989.jpg,4,Healthy
3720541939.jpg,2,Cassava Green Mottle (CGM)
1596468225.jpg,0,Cassava Bacterial Blight (CBB)
176531736.jpg,3,Cassava Mosaic Disease (CMD)
2477268412.jpg,1,Cassava Brown Streak Disease (CBSD)
2761071019.jpg,3,Cassava Mosaic Disease (CMD)
2139869177.jpg,3,Cassava Mosaic Disease (CMD)
2265305065.jpg,1,Cassava Brown Streak Disease (CBSD)
427331923.jpg,3,Cassava Mosaic Disease (CMD)
338249302.jpg,2,Cassava Green Mottle (CGM)
1934754539.jpg,2,Cassava Green Mottle (CGM)
1900666535.jpg,3,Cassava Mosaic Disease (CMD)
3487600092.jpg,3,Cassava Mosaic Disease (CMD)
60094859.jpg,1,Cassava Brown Streak Disease (CBSD)
3247452653.jpg,3,Cassava Mosaic Disease (CMD)
3243392252.jpg,4,Healthy
2097640981.jpg,3,Cassava Mosaic Disease (CMD)
714720109.jpg,3,Cassava Mosaic Disease (CMD)
255719939.jpg,0,Cassava Bacterial Blight (CBB)
886973933.jpg,3,Cassava Mosaic Disease (CMD)
1785801012.jpg,3,Cassava Mosaic Disease (CMD)
2983135465.jpg,3,Cassava Mosaic Disease (CMD)
1760414048.jpg,3,Cassava Mosaic Disease (CMD)
2927096236.jpg,3,Cassava Mosaic Disease (CMD)
797094434.jpg,3,Cassava Mosaic Disease (CMD)
2638836659.jpg,1,Cassava Brown Streak Disease (CBSD)
4244950360.jpg,3,Cassava Mosaic Disease (CMD)
4232363601.jpg,0,Cassava Bacterial Blight (CBB)
786703663.jpg,2,Cassava Green Mottle (CGM)
3878803293.jpg,3,Cassava Mosaic Disease (CMD)
4154577723.jpg,3,Cassava Mosaic Disease (CMD)
3289968064.jpg,3,Cassava Mosaic Disease (CMD)
2433057323.jpg,1,Cassava Brown Streak Disease (CBSD)
4112011876.jpg,3,Cassava Mosaic Disease (CMD)
3666834091.jpg,3,Cassava Mosaic Disease (CMD)
2115508050.jpg,3,Cassava Mosaic Disease (CMD)
932915192.jpg,3,Cassava Mosaic Disease (CMD)
3023867052.jpg,3,Cassava Mosaic Disease (CMD)
698931163.jpg,3,Cassava Mosaic Disease (CMD)
2813723824.jpg,0,Cassava Bacterial Blight (CBB)
1928547462.jpg,1,Cassava Brown Streak Disease (CBSD)
635946158.jpg,2,Cassava Green Mottle (CGM)
2941780886.jpg,3,Cassava Mosaic Disease (CMD)
1980864606.jpg,3,Cassava Mosaic Disease (CMD)
2685234505.jpg,3,Cassava Mosaic Disease (CMD)
195590994.jpg,3,Cassava Mosaic Disease (CMD)
2373129151.jpg,4,Healthy
450167036.jpg,0,Cassava Bacterial Blight (CBB)
1838675126.jpg,3,Cassava Mosaic Disease (CMD)
437398008.jpg,3,Cassava Mosaic Disease (CMD)
1789784121.jpg,3,Cassava Mosaic Disease (CMD)
2264163141.jpg,0,Cassava Bacterial Blight (CBB)
572003019.jpg,2,Cassava Green Mottle (CGM)
599872588.jpg,3,Cassava Mosaic Disease (CMD)
3302033830.jpg,3,Cassava Mosaic Disease (CMD)
35345736.jpg,4,Healthy
3051541520.jpg,3,Cassava Mosaic Disease (CMD)
546528869.jpg,3,Cassava Mosaic Disease (CMD)
3516413675.jpg,0,Cassava Bacterial Blight (CBB)
2272220483.jpg,3,Cassava Mosaic Disease (CMD)
2467650038.jpg,0,Cassava Bacterial Blight (CBB)
2952841770.jpg,3,Cassava Mosaic Disease (CMD)
2761141056.jpg,3,Cassava Mosaic Disease (CMD)
4009427061.jpg,4,Healthy
3050523827.jpg,4,Healthy
3265533609.jpg,3,Cassava Mosaic Disease (CMD)
469559658.jpg,3,Cassava Mosaic Disease (CMD)
1796762442.jpg,3,Cassava Mosaic Disease (CMD)
1877332484.jpg,0,Cassava Bacterial Blight (CBB)
2062853703.jpg,3,Cassava Mosaic Disease (CMD)
2429350015.jpg,3,Cassava Mosaic Disease (CMD)
829062180.jpg,4,Healthy
4233694735.jpg,3,Cassava Mosaic Disease (CMD)
2257439526.jpg,3,Cassava Mosaic Disease (CMD)
3929446886.jpg,3,Cassava Mosaic Disease (CMD)
335890028.jpg,3,Cassava Mosaic Disease (CMD)
2690070088.jpg,1,Cassava Brown Streak Disease (CBSD)
183482317.jpg,2,Cassava Green Mottle (CGM)
851450770.jpg,0,Cassava Bacterial Blight (CBB)
3927154512.jpg,3,Cassava Mosaic Disease (CMD)
3186227510.jpg,1,Cassava Brown Streak Disease (CBSD)
2780925336.jpg,4,Healthy
971639298.jpg,3,Cassava Mosaic Disease (CMD)
2028922516.jpg,3,Cassava Mosaic Disease (CMD)
2631650746.jpg,3,Cassava Mosaic Disease (CMD)
3476502562.jpg,3,Cassava Mosaic Disease (CMD)
491673903.jpg,2,Cassava Green Mottle (CGM)
3505521147.jpg,3,Cassava Mosaic Disease (CMD)
2307793957.jpg,3,Cassava Mosaic Disease (CMD)
2698125226.jpg,3,Cassava Mosaic Disease (CMD)
3986797492.jpg,3,Cassava Mosaic Disease (CMD)
944732366.jpg,3,Cassava Mosaic Disease (CMD)
3899864184.jpg,4,Healthy
2970713601.jpg,3,Cassava Mosaic Disease (CMD)
419974195.jpg,3,Cassava Mosaic Disease (CMD)
437629432.jpg,3,Cassava Mosaic Disease (CMD)
2596761882.jpg,3,Cassava Mosaic Disease (CMD)
531614810.jpg,2,Cassava Green Mottle (CGM)
755729450.jpg,3,Cassava Mosaic Disease (CMD)
591372512.jpg,2,Cassava Green Mottle (CGM)
528632958.jpg,3,Cassava Mosaic Disease (CMD)
3868235977.jpg,3,Cassava Mosaic Disease (CMD)
270413076.jpg,3,Cassava Mosaic Disease (CMD)
2796826886.jpg,1,Cassava Brown Streak Disease (CBSD)
953313732.jpg,3,Cassava Mosaic Disease (CMD)
3676698825.jpg,2,Cassava Green Mottle (CGM)
844410022.jpg,3,Cassava Mosaic Disease (CMD)
2302473877.jpg,3,Cassava Mosaic Disease (CMD)
518891556.jpg,3,Cassava Mosaic Disease (CMD)
2651038691.jpg,4,Healthy
3600838809.jpg,3,Cassava Mosaic Disease (CMD)
499499899.jpg,4,Healthy
2105589928.jpg,2,Cassava Green Mottle (CGM)
687245677.jpg,4,Healthy
546421963.jpg,1,Cassava Brown Streak Disease (CBSD)
3969787615.jpg,3,Cassava Mosaic Disease (CMD)
3217518680.jpg,3,Cassava Mosaic Disease (CMD)
2800300240.jpg,3,Cassava Mosaic Disease (CMD)
4162289609.jpg,3,Cassava Mosaic Disease (CMD)
587011215.jpg,3,Cassava Mosaic Disease (CMD)
3045858255.jpg,3,Cassava Mosaic Disease (CMD)
585067161.jpg,3,Cassava Mosaic Disease (CMD)
3168618201.jpg,3,Cassava Mosaic Disease (CMD)
829442901.jpg,3,Cassava Mosaic Disease (CMD)
70700352.jpg,3,Cassava Mosaic Disease (CMD)
4168645136.jpg,1,Cassava Brown Streak Disease (CBSD)
719562902.jpg,4,Healthy
770913881.jpg,4,Healthy
2872555375.jpg,3,Cassava Mosaic Disease (CMD)
3175825671.jpg,3,Cassava Mosaic Disease (CMD)
428725949.jpg,3,Cassava Mosaic Disease (CMD)
1735461481.jpg,3,Cassava Mosaic Disease (CMD)
1819398111.jpg,3,Cassava Mosaic Disease (CMD)
2862651902.jpg,2,Cassava Green Mottle (CGM)
2782292505.jpg,3,Cassava Mosaic Disease (CMD)
4157808497.jpg,3,Cassava Mosaic Disease (CMD)
515738750.jpg,2,Cassava Green Mottle (CGM)
561444501.jpg,0,Cassava Bacterial Blight (CBB)
278030958.jpg,3,Cassava Mosaic Disease (CMD)
2997861591.jpg,3,Cassava Mosaic Disease (CMD)
241616775.jpg,4,Healthy
2756642189.jpg,2,Cassava Green Mottle (CGM)
1728913525.jpg,3,Cassava Mosaic Disease (CMD)
1712068779.jpg,3,Cassava Mosaic Disease (CMD)
3829841473.jpg,3,Cassava Mosaic Disease (CMD)
2471622772.jpg,2,Cassava Green Mottle (CGM)
919581401.jpg,3,Cassava Mosaic Disease (CMD)
3887471395.jpg,3,Cassava Mosaic Disease (CMD)
296442602.jpg,3,Cassava Mosaic Disease (CMD)
3638262712.jpg,3,Cassava Mosaic Disease (CMD)
1759297979.jpg,3,Cassava Mosaic Disease (CMD)
2869773815.jpg,2,Cassava Green Mottle (CGM)
4203754534.jpg,3,Cassava Mosaic Disease (CMD)
513986084.jpg,4,Healthy
1832141152.jpg,3,Cassava Mosaic Disease (CMD)
2144385069.jpg,1,Cassava Brown Streak Disease (CBSD)
2175511661.jpg,3,Cassava Mosaic Disease (CMD)
4073303739.jpg,3,Cassava Mosaic Disease (CMD)
862068300.jpg,3,Cassava Mosaic Disease (CMD)
3378843879.jpg,0,Cassava Bacterial Blight (CBB)
3963914024.jpg,2,Cassava Green Mottle (CGM)
629958689.jpg,3,Cassava Mosaic Disease (CMD)
2509869422.jpg,3,Cassava Mosaic Disease (CMD)
2069634652.jpg,4,Healthy
587620501.jpg,3,Cassava Mosaic Disease (CMD)
586808428.jpg,3,Cassava Mosaic Disease (CMD)
51748275.jpg,2,Cassava Green Mottle (CGM)
4291020124.jpg,3,Cassava Mosaic Disease (CMD)
1788926581.jpg,3,Cassava Mosaic Disease (CMD)
92128754.jpg,4,Healthy
437673562.jpg,4,Healthy
3973042447.jpg,3,Cassava Mosaic Disease (CMD)
363909221.jpg,3,Cassava Mosaic Disease (CMD)
3445164485.jpg,3,Cassava Mosaic Disease (CMD)
566542293.jpg,4,Healthy
3039675754.jpg,4,Healthy
2100448540.jpg,3,Cassava Mosaic Disease (CMD)
1665215443.jpg,3,Cassava Mosaic Disease (CMD)
1797152583.jpg,2,Cassava Green Mottle (CGM)
4250119562.jpg,3,Cassava Mosaic Disease (CMD)
3634357776.jpg,4,Healthy
49856658.jpg,2,Cassava Green Mottle (CGM)
540729599.jpg,3,Cassava Mosaic Disease (CMD)
2055831715.jpg,1,Cassava Brown Streak Disease (CBSD)
2724563090.jpg,3,Cassava Mosaic Disease (CMD)
2245477659.jpg,3,Cassava Mosaic Disease (CMD)
2036313287.jpg,2,Cassava Green Mottle (CGM)
2310976401.jpg,3,Cassava Mosaic Disease (CMD)
3376893895.jpg,3,Cassava Mosaic Disease (CMD)
515241983.jpg,3,Cassava Mosaic Disease (CMD)
3688529022.jpg,3,Cassava Mosaic Disease (CMD)
2091948877.jpg,3,Cassava Mosaic Disease (CMD)
3513035899.jpg,3,Cassava Mosaic Disease (CMD)
196618228.jpg,1,Cassava Brown Streak Disease (CBSD)
2685552473.jpg,3,Cassava Mosaic Disease (CMD)
614215074.jpg,3,Cassava Mosaic Disease (CMD)
456963939.jpg,4,Healthy
2608690004.jpg,1,Cassava Brown Streak Disease (CBSD)
4215244581.jpg,1,Cassava Brown Streak Disease (CBSD)
203193692.jpg,4,Healthy
470266437.jpg,3,Cassava Mosaic Disease (CMD)
1672572883.jpg,3,Cassava Mosaic Disease (CMD)
4096966485.jpg,3,Cassava Mosaic Disease (CMD)
2667091366.jpg,3,Cassava Mosaic Disease (CMD)
232710623.jpg,1,Cassava Brown Streak Disease (CBSD)
941512047.jpg,3,Cassava Mosaic Disease (CMD)
251531091.jpg,3,Cassava Mosaic Disease (CMD)
2124278759.jpg,3,Cassava Mosaic Disease (CMD)
208816600.jpg,3,Cassava Mosaic Disease (CMD)
720028805.jpg,2,Cassava Green Mottle (CGM)
2204436794.jpg,2,Cassava Green Mottle (CGM)
53615554.jpg,3,Cassava Mosaic Disease (CMD)
2299589132.jpg,3,Cassava Mosaic Disease (CMD)
3479006083.jpg,4,Healthy
2505719500.jpg,4,Healthy
2866368474.jpg,2,Cassava Green Mottle (CGM)
3662625055.jpg,3,Cassava Mosaic Disease (CMD)
2971939837.jpg,3,Cassava Mosaic Disease (CMD)
1877887938.jpg,2,Cassava Green Mottle (CGM)
2052500079.jpg,3,Cassava Mosaic Disease (CMD)
42091153.jpg,3,Cassava Mosaic Disease (CMD)
2512652724.jpg,3,Cassava Mosaic Disease (CMD)
2289892824.jpg,4,Healthy
1858398713.jpg,3,Cassava Mosaic Disease (CMD)
211439133.jpg,2,Cassava Green Mottle (CGM)
29130164.jpg,2,Cassava Green Mottle (CGM)
1603130456.jpg,1,Cassava Brown Streak Disease (CBSD)
3278178213.jpg,3,Cassava Mosaic Disease (CMD)
210183740.jpg,3,Cassava Mosaic Disease (CMD)
2225883353.jpg,2,Cassava Green Mottle (CGM)
682973253.jpg,1,Cassava Brown Streak Disease (CBSD)
750060449.jpg,2,Cassava Green Mottle (CGM)
3967891639.jpg,1,Cassava Brown Streak Disease (CBSD)
651041869.jpg,2,Cassava Green Mottle (CGM)
1963440956.jpg,4,Healthy
247720048.jpg,3,Cassava Mosaic Disease (CMD)
3471469388.jpg,3,Cassava Mosaic Disease (CMD)
2787710566.jpg,2,Cassava Green Mottle (CGM)
1669079665.jpg,3,Cassava Mosaic Disease (CMD)
2369381247.jpg,3,Cassava Mosaic Disease (CMD)
3615381155.jpg,1,Cassava Brown Streak Disease (CBSD)
7635457.jpg,0,Cassava Bacterial Blight (CBB)
2174562681.jpg,3,Cassava Mosaic Disease (CMD)
4108393166.jpg,2,Cassava Green Mottle (CGM)
3402428593.jpg,3,Cassava Mosaic Disease (CMD)
2475450560.jpg,3,Cassava Mosaic Disease (CMD)
441630949.jpg,3,Cassava Mosaic Disease (CMD)
1859104179.jpg,4,Healthy
2435254407.jpg,3,Cassava Mosaic Disease (CMD)
2900494721.jpg,3,Cassava Mosaic Disease (CMD)
457931044.jpg,3,Cassava Mosaic Disease (CMD)
2317623527.jpg,3,Cassava Mosaic Disease (CMD)
1675424931.jpg,2,Cassava Green Mottle (CGM)
2244546793.jpg,3,Cassava Mosaic Disease (CMD)
4169121477.jpg,3,Cassava Mosaic Disease (CMD)
1766436653.jpg,4,Healthy
1945042930.jpg,3,Cassava Mosaic Disease (CMD)
4279471194.jpg,3,Cassava Mosaic Disease (CMD)
621642656.jpg,3,Cassava Mosaic Disease (CMD)
436031847.jpg,2,Cassava Green Mottle (CGM)
2452364106.jpg,3,Cassava Mosaic Disease (CMD)
2707343918.jpg,4,Healthy
2532945082.jpg,3,Cassava Mosaic Disease (CMD)
3773282185.jpg,3,Cassava Mosaic Disease (CMD)
2451870381.jpg,3,Cassava Mosaic Disease (CMD)
1887844954.jpg,1,Cassava Brown Streak Disease (CBSD)
803019874.jpg,3,Cassava Mosaic Disease (CMD)
2636602591.jpg,3,Cassava Mosaic Disease (CMD)
1691885163.jpg,2,Cassava Green Mottle (CGM)
3803904228.jpg,1,Cassava Brown Streak Disease (CBSD)
2433962799.jpg,2,Cassava Green Mottle (CGM)
2888884309.jpg,3,Cassava Mosaic Disease (CMD)
3660194933.jpg,3,Cassava Mosaic Disease (CMD)
742154911.jpg,3,Cassava Mosaic Disease (CMD)
2819900270.jpg,2,Cassava Green Mottle (CGM)
2439357666.jpg,3,Cassava Mosaic Disease (CMD)
240469234.jpg,3,Cassava Mosaic Disease (CMD)
242295464.jpg,3,Cassava Mosaic Disease (CMD)
672149291.jpg,4,Healthy
2086525919.jpg,3,Cassava Mosaic Disease (CMD)
4202339262.jpg,3,Cassava Mosaic Disease (CMD)
2247014271.jpg,3,Cassava Mosaic Disease (CMD)
224258371.jpg,3,Cassava Mosaic Disease (CMD)
2510425004.jpg,3,Cassava Mosaic Disease (CMD)
3543731892.jpg,2,Cassava Green Mottle (CGM)
2297653946.jpg,4,Healthy
2232257022.jpg,3,Cassava Mosaic Disease (CMD)
2995137559.jpg,3,Cassava Mosaic Disease (CMD)
1658368838.jpg,3,Cassava Mosaic Disease (CMD)
3272923042.jpg,3,Cassava Mosaic Disease (CMD)
2647150813.jpg,3,Cassava Mosaic Disease (CMD)
3375409497.jpg,3,Cassava Mosaic Disease (CMD)
3703204136.jpg,4,Healthy
3828929183.jpg,3,Cassava Mosaic Disease (CMD)
2185944615.jpg,3,Cassava Mosaic Disease (CMD)
3555762005.jpg,3,Cassava Mosaic Disease (CMD)
631325296.jpg,3,Cassava Mosaic Disease (CMD)
2642446422.jpg,4,Healthy
3018313072.jpg,3,Cassava Mosaic Disease (CMD)
2251153057.jpg,3,Cassava Mosaic Disease (CMD)
2348988517.jpg,3,Cassava Mosaic Disease (CMD)
4084684483.jpg,4,Healthy
503916638.jpg,3,Cassava Mosaic Disease (CMD)
598720270.jpg,3,Cassava Mosaic Disease (CMD)
3303586699.jpg,1,Cassava Brown Streak Disease (CBSD)
3399816878.jpg,3,Cassava Mosaic Disease (CMD)
4166257739.jpg,3,Cassava Mosaic Disease (CMD)
473895860.jpg,3,Cassava Mosaic Disease (CMD)
4196856438.jpg,0,Cassava Bacterial Blight (CBB)
2936101260.jpg,3,Cassava Mosaic Disease (CMD)
1667719250.jpg,3,Cassava Mosaic Disease (CMD)
2238147414.jpg,3,Cassava Mosaic Disease (CMD)
3329131799.jpg,4,Healthy
505820957.jpg,4,Healthy
1852781479.jpg,3,Cassava Mosaic Disease (CMD)
274726002.jpg,1,Cassava Brown Streak Disease (CBSD)
3761713726.jpg,3,Cassava Mosaic Disease (CMD)
53065520.jpg,3,Cassava Mosaic Disease (CMD)
581179733.jpg,3,Cassava Mosaic Disease (CMD)
320018774.jpg,4,Healthy
167516751.jpg,3,Cassava Mosaic Disease (CMD)
1986919607.jpg,3,Cassava Mosaic Disease (CMD)
753837203.jpg,4,Healthy
1903720214.jpg,3,Cassava Mosaic Disease (CMD)
2277025028.jpg,3,Cassava Mosaic Disease (CMD)
840541858.jpg,4,Healthy
217699633.jpg,4,Healthy
514638622.jpg,3,Cassava Mosaic Disease (CMD)
2350166904.jpg,1,Cassava Brown Streak Disease (CBSD)
790690044.jpg,2,Cassava Green Mottle (CGM)
4175366577.jpg,4,Healthy
895910836.jpg,2,Cassava Green Mottle (CGM)
1794977133.jpg,3,Cassava Mosaic Disease (CMD)
835290707.jpg,1,Cassava Brown Streak Disease (CBSD)
3609231676.jpg,0,Cassava Bacterial Blight (CBB)
237980030.jpg,2,Cassava Green Mottle (CGM)
3516709559.jpg,1,Cassava Brown Streak Disease (CBSD)
2150679320.jpg,3,Cassava Mosaic Disease (CMD)
965919968.jpg,0,Cassava Bacterial Blight (CBB)
2512000919.jpg,3,Cassava Mosaic Disease (CMD)
2510432312.jpg,1,Cassava Brown Streak Disease (CBSD)
2491752039.jpg,2,Cassava Green Mottle (CGM)
2694336156.jpg,1,Cassava Brown Streak Disease (CBSD)
3717600910.jpg,3,Cassava Mosaic Disease (CMD)
2763991113.jpg,3,Cassava Mosaic Disease (CMD)
3963041758.jpg,3,Cassava Mosaic Disease (CMD)
1926533316.jpg,3,Cassava Mosaic Disease (CMD)
3516340499.jpg,3,Cassava Mosaic Disease (CMD)
3000114558.jpg,3,Cassava Mosaic Disease (CMD)
981961513.jpg,0,Cassava Bacterial Blight (CBB)
3709241873.jpg,4,Healthy
2343109986.jpg,1,Cassava Brown Streak Disease (CBSD)
4117539669.jpg,3,Cassava Mosaic Disease (CMD)
3945661310.jpg,1,Cassava Brown Streak Disease (CBSD)
80998969.jpg,3,Cassava Mosaic Disease (CMD)
3820511511.jpg,3,Cassava Mosaic Disease (CMD)
355442728.jpg,3,Cassava Mosaic Disease (CMD)
932643551.jpg,3,Cassava Mosaic Disease (CMD)
2407462677.jpg,3,Cassava Mosaic Disease (CMD)
388811074.jpg,4,Healthy
2208592852.jpg,3,Cassava Mosaic Disease (CMD)
3571564283.jpg,2,Cassava Green Mottle (CGM)
2713091649.jpg,1,Cassava Brown Streak Disease (CBSD)
364035626.jpg,3,Cassava Mosaic Disease (CMD)
3665766829.jpg,3,Cassava Mosaic Disease (CMD)
3565771004.jpg,3,Cassava Mosaic Disease (CMD)
635511735.jpg,1,Cassava Brown Streak Disease (CBSD)
3893486211.jpg,1,Cassava Brown Streak Disease (CBSD)
638654515.jpg,1,Cassava Brown Streak Disease (CBSD)
1601382474.jpg,3,Cassava Mosaic Disease (CMD)
2722816712.jpg,3,Cassava Mosaic Disease (CMD)
2146353282.jpg,0,Cassava Bacterial Blight (CBB)
825877957.jpg,1,Cassava Brown Streak Disease (CBSD)
2044665916.jpg,3,Cassava Mosaic Disease (CMD)
3190783471.jpg,4,Healthy
2038307832.jpg,3,Cassava Mosaic Disease (CMD)
1823886562.jpg,3,Cassava Mosaic Disease (CMD)
2606026216.jpg,3,Cassava Mosaic Disease (CMD)
457979538.jpg,4,Healthy
3978633568.jpg,3,Cassava Mosaic Disease (CMD)
2933959901.jpg,0,Cassava Bacterial Blight (CBB)
2885037950.jpg,3,Cassava Mosaic Disease (CMD)
2397594193.jpg,1,Cassava Brown Streak Disease (CBSD)
496949674.jpg,3,Cassava Mosaic Disease (CMD)
498850777.jpg,0,Cassava Bacterial Blight (CBB)
643163594.jpg,3,Cassava Mosaic Disease (CMD)
2294604242.jpg,3,Cassava Mosaic Disease (CMD)
3019986672.jpg,3,Cassava Mosaic Disease (CMD)
2341674126.jpg,3,Cassava Mosaic Disease (CMD)
2722977827.jpg,3,Cassava Mosaic Disease (CMD)
90391907.jpg,3,Cassava Mosaic Disease (CMD)
2042091361.jpg,3,Cassava Mosaic Disease (CMD)
3506387687.jpg,3,Cassava Mosaic Disease (CMD)
1908074016.jpg,4,Healthy
4171069852.jpg,3,Cassava Mosaic Disease (CMD)
243638403.jpg,4,Healthy
3142378861.jpg,3,Cassava Mosaic Disease (CMD)
3482108906.jpg,3,Cassava Mosaic Disease (CMD)
1630304159.jpg,3,Cassava Mosaic Disease (CMD)
3377483023.jpg,3,Cassava Mosaic Disease (CMD)
2668114223.jpg,2,Cassava Green Mottle (CGM)
2321881584.jpg,1,Cassava Brown Streak Disease (CBSD)
2267698593.jpg,2,Cassava Green Mottle (CGM)
827085399.jpg,3,Cassava Mosaic Disease (CMD)
4194767619.jpg,3,Cassava Mosaic Disease (CMD)
3085864631.jpg,3,Cassava Mosaic Disease (CMD)
85453943.jpg,1,Cassava Brown Streak Disease (CBSD)
3559842969.jpg,4,Healthy
3007896297.jpg,3,Cassava Mosaic Disease (CMD)
726818817.jpg,0,Cassava Bacterial Blight (CBB)
802174212.jpg,1,Cassava Brown Streak Disease (CBSD)
51624303.jpg,3,Cassava Mosaic Disease (CMD)
3874600835.jpg,3,Cassava Mosaic Disease (CMD)
996534381.jpg,1,Cassava Brown Streak Disease (CBSD)
744348515.jpg,4,Healthy
661263276.jpg,3,Cassava Mosaic Disease (CMD)
3156591589.jpg,3,Cassava Mosaic Disease (CMD)
490262929.jpg,3,Cassava Mosaic Disease (CMD)
1808921036.jpg,3,Cassava Mosaic Disease (CMD)
1889617951.jpg,4,Healthy
1602453903.jpg,3,Cassava Mosaic Disease (CMD)
3926636513.jpg,3,Cassava Mosaic Disease (CMD)
1685873117.jpg,4,Healthy
2543346018.jpg,3,Cassava Mosaic Disease (CMD)
1804175748.jpg,3,Cassava Mosaic Disease (CMD)
248784600.jpg,3,Cassava Mosaic Disease (CMD)
935621798.jpg,3,Cassava Mosaic Disease (CMD)
2318923331.jpg,3,Cassava Mosaic Disease (CMD)
4072724949.jpg,2,Cassava Green Mottle (CGM)
2388034478.jpg,2,Cassava Green Mottle (CGM)
665859596.jpg,1,Cassava Brown Streak Disease (CBSD)
166410790.jpg,3,Cassava Mosaic Disease (CMD)
2965024429.jpg,3,Cassava Mosaic Disease (CMD)
3766986363.jpg,3,Cassava Mosaic Disease (CMD)
510931414.jpg,3,Cassava Mosaic Disease (CMD)
4183253873.jpg,3,Cassava Mosaic Disease (CMD)
966306135.jpg,3,Cassava Mosaic Disease (CMD)
3114512047.jpg,3,Cassava Mosaic Disease (CMD)
2051638455.jpg,3,Cassava Mosaic Disease (CMD)
2423769926.jpg,3,Cassava Mosaic Disease (CMD)
2190685942.jpg,3,Cassava Mosaic Disease (CMD)
1917903934.jpg,1,Cassava Brown Streak Disease (CBSD)
1843838369.jpg,3,Cassava Mosaic Disease (CMD)
3052959460.jpg,1,Cassava Brown Streak Disease (CBSD)
370015561.jpg,3,Cassava Mosaic Disease (CMD)
3145427906.jpg,2,Cassava Green Mottle (CGM)
369349787.jpg,1,Cassava Brown Streak Disease (CBSD)
2616267546.jpg,3,Cassava Mosaic Disease (CMD)
2962837486.jpg,3,Cassava Mosaic Disease (CMD)
995155483.jpg,2,Cassava Green Mottle (CGM)
2767835895.jpg,3,Cassava Mosaic Disease (CMD)
2549375363.jpg,2,Cassava Green Mottle (CGM)
3063807810.jpg,2,Cassava Green Mottle (CGM)
4255490685.jpg,3,Cassava Mosaic Disease (CMD)
3795035520.jpg,3,Cassava Mosaic Disease (CMD)
674072472.jpg,3,Cassava Mosaic Disease (CMD)
2710931982.jpg,3,Cassava Mosaic Disease (CMD)
3240436783.jpg,1,Cassava Brown Streak Disease (CBSD)
1593185834.jpg,3,Cassava Mosaic Disease (CMD)
2467873182.jpg,1,Cassava Brown Streak Disease (CBSD)
3085786818.jpg,3,Cassava Mosaic Disease (CMD)
2049551156.jpg,3,Cassava Mosaic Disease (CMD)
2129978341.jpg,3,Cassava Mosaic Disease (CMD)
3443567177.jpg,3,Cassava Mosaic Disease (CMD)
524130379.jpg,4,Healthy
2437959536.jpg,3,Cassava Mosaic Disease (CMD)
253584137.jpg,3,Cassava Mosaic Disease (CMD)
3576773066.jpg,3,Cassava Mosaic Disease (CMD)
2598800564.jpg,2,Cassava Green Mottle (CGM)
3101989579.jpg,3,Cassava Mosaic Disease (CMD)
2520831403.jpg,3,Cassava Mosaic Disease (CMD)
3440965079.jpg,2,Cassava Green Mottle (CGM)
3144413913.jpg,3,Cassava Mosaic Disease (CMD)
3338027863.jpg,2,Cassava Green Mottle (CGM)
3424307098.jpg,3,Cassava Mosaic Disease (CMD)
289082000.jpg,3,Cassava Mosaic Disease (CMD)
3876087345.jpg,3,Cassava Mosaic Disease (CMD)
2800762373.jpg,3,Cassava Mosaic Disease (CMD)
2022328108.jpg,3,Cassava Mosaic Disease (CMD)
2060529510.jpg,4,Healthy
4094778981.jpg,3,Cassava Mosaic Disease (CMD)
522043720.jpg,3,Cassava Mosaic Disease (CMD)
2873954031.jpg,2,Cassava Green Mottle (CGM)
518232429.jpg,3,Cassava Mosaic Disease (CMD)
3899499666.jpg,3,Cassava Mosaic Disease (CMD)
2126088762.jpg,3,Cassava Mosaic Disease (CMD)
2445348448.jpg,3,Cassava Mosaic Disease (CMD)
1879407752.jpg,3,Cassava Mosaic Disease (CMD)
1609948219.jpg,0,Cassava Bacterial Blight (CBB)
3342133064.jpg,3,Cassava Mosaic Disease (CMD)
4155175371.jpg,3,Cassava Mosaic Disease (CMD)
838294593.jpg,4,Healthy
4156293959.jpg,3,Cassava Mosaic Disease (CMD)
2093487029.jpg,3,Cassava Mosaic Disease (CMD)
2623306990.jpg,3,Cassava Mosaic Disease (CMD)
913877640.jpg,3,Cassava Mosaic Disease (CMD)
2064563394.jpg,3,Cassava Mosaic Disease (CMD)
2107489867.jpg,3,Cassava Mosaic Disease (CMD)
4040102956.jpg,0,Cassava Bacterial Blight (CBB)
2500976609.jpg,0,Cassava Bacterial Blight (CBB)
3198568472.jpg,3,Cassava Mosaic Disease (CMD)
3993617081.jpg,2,Cassava Green Mottle (CGM)
4150882054.jpg,0,Cassava Bacterial Blight (CBB)
663810012.jpg,3,Cassava Mosaic Disease (CMD)
2315268478.jpg,1,Cassava Brown Streak Disease (CBSD)
2297472102.jpg,4,Healthy
3742113843.jpg,4,Healthy
1671586011.jpg,3,Cassava Mosaic Disease (CMD)
204127246.jpg,3,Cassava Mosaic Disease (CMD)
3034682689.jpg,3,Cassava Mosaic Disease (CMD)
4018898833.jpg,3,Cassava Mosaic Disease (CMD)
2237969004.jpg,1,Cassava Brown Streak Disease (CBSD)
3084094709.jpg,3,Cassava Mosaic Disease (CMD)
2627358594.jpg,3,Cassava Mosaic Disease (CMD)
3953514366.jpg,3,Cassava Mosaic Disease (CMD)
2195653841.jpg,3,Cassava Mosaic Disease (CMD)
3664608014.jpg,3,Cassava Mosaic Disease (CMD)
642333740.jpg,3,Cassava Mosaic Disease (CMD)
533486476.jpg,4,Healthy
245845925.jpg,3,Cassava Mosaic Disease (CMD)
2576829060.jpg,3,Cassava Mosaic Disease (CMD)
385495929.jpg,4,Healthy
674205254.jpg,3,Cassava Mosaic Disease (CMD)
2146007234.jpg,3,Cassava Mosaic Disease (CMD)
725865491.jpg,0,Cassava Bacterial Blight (CBB)
3139351952.jpg,3,Cassava Mosaic Disease (CMD)
3020460837.jpg,4,Healthy
2283773342.jpg,3,Cassava Mosaic Disease (CMD)
1693936158.jpg,3,Cassava Mosaic Disease (CMD)
963450221.jpg,4,Healthy
1764971103.jpg,3,Cassava Mosaic Disease (CMD)
2329255732.jpg,4,Healthy
3739341345.jpg,3,Cassava Mosaic Disease (CMD)
561131295.jpg,4,Healthy
2876166788.jpg,3,Cassava Mosaic Disease (CMD)
2196411231.jpg,4,Healthy
3107093993.jpg,3,Cassava Mosaic Disease (CMD)
4284426558.jpg,3,Cassava Mosaic Disease (CMD)
2191032534.jpg,3,Cassava Mosaic Disease (CMD)
670606517.jpg,1,Cassava Brown Streak Disease (CBSD)
730805822.jpg,3,Cassava Mosaic Disease (CMD)
301297241.jpg,1,Cassava Brown Streak Disease (CBSD)
2440615090.jpg,3,Cassava Mosaic Disease (CMD)
1634911159.jpg,3,Cassava Mosaic Disease (CMD)
2820350.jpg,4,Healthy
581235562.jpg,4,Healthy
3278774878.jpg,3,Cassava Mosaic Disease (CMD)
3621710176.jpg,4,Healthy
2303070884.jpg,3,Cassava Mosaic Disease (CMD)
3248683605.jpg,3,Cassava Mosaic Disease (CMD)
436011038.jpg,3,Cassava Mosaic Disease (CMD)
3216352874.jpg,3,Cassava Mosaic Disease (CMD)
92340091.jpg,3,Cassava Mosaic Disease (CMD)
3504347958.jpg,4,Healthy
2124648343.jpg,3,Cassava Mosaic Disease (CMD)
3116212268.jpg,2,Cassava Green Mottle (CGM)
19258990.jpg,3,Cassava Mosaic Disease (CMD)
357815961.jpg,3,Cassava Mosaic Disease (CMD)
2389849927.jpg,3,Cassava Mosaic Disease (CMD)
3807093226.jpg,3,Cassava Mosaic Disease (CMD)
2892098824.jpg,3,Cassava Mosaic Disease (CMD)
2572494899.jpg,3,Cassava Mosaic Disease (CMD)
2154562670.jpg,0,Cassava Bacterial Blight (CBB)
2282200395.jpg,2,Cassava Green Mottle (CGM)
2433683570.jpg,4,Healthy
1776704317.jpg,3,Cassava Mosaic Disease (CMD)
1882922468.jpg,3,Cassava Mosaic Disease (CMD)
3637589170.jpg,3,Cassava Mosaic Disease (CMD)
2622431262.jpg,3,Cassava Mosaic Disease (CMD)
3030866180.jpg,3,Cassava Mosaic Disease (CMD)
3399115002.jpg,3,Cassava Mosaic Disease (CMD)
851791464.jpg,3,Cassava Mosaic Disease (CMD)
752382759.jpg,3,Cassava Mosaic Disease (CMD)
3585488682.jpg,3,Cassava Mosaic Disease (CMD)
3803912232.jpg,3,Cassava Mosaic Disease (CMD)
3009725992.jpg,3,Cassava Mosaic Disease (CMD)
693412624.jpg,4,Healthy
1623680984.jpg,4,Healthy
3113793964.jpg,3,Cassava Mosaic Disease (CMD)
183535060.jpg,3,Cassava Mosaic Disease (CMD)
4083849263.jpg,3,Cassava Mosaic Disease (CMD)
2019819944.jpg,3,Cassava Mosaic Disease (CMD)
2272550.jpg,3,Cassava Mosaic Disease (CMD)
1648200070.jpg,3,Cassava Mosaic Disease (CMD)
3277182366.jpg,3,Cassava Mosaic Disease (CMD)
182701414.jpg,3,Cassava Mosaic Disease (CMD)
2007047411.jpg,4,Healthy
2590392693.jpg,3,Cassava Mosaic Disease (CMD)
2768506629.jpg,2,Cassava Green Mottle (CGM)
241282085.jpg,2,Cassava Green Mottle (CGM)
549750394.jpg,1,Cassava Brown Streak Disease (CBSD)
346537461.jpg,3,Cassava Mosaic Disease (CMD)
2754262349.jpg,3,Cassava Mosaic Disease (CMD)
2468594411.jpg,2,Cassava Green Mottle (CGM)
506713297.jpg,3,Cassava Mosaic Disease (CMD)
1800771351.jpg,3,Cassava Mosaic Disease (CMD)
3027251380.jpg,3,Cassava Mosaic Disease (CMD)
335373931.jpg,3,Cassava Mosaic Disease (CMD)
3784738955.jpg,3,Cassava Mosaic Disease (CMD)
4122391127.jpg,3,Cassava Mosaic Disease (CMD)
3231201573.jpg,2,Cassava Green Mottle (CGM)
1971427379.jpg,1,Cassava Brown Streak Disease (CBSD)
2982305511.jpg,0,Cassava Bacterial Blight (CBB)
880913529.jpg,4,Healthy
451261982.jpg,3,Cassava Mosaic Disease (CMD)
2053079432.jpg,3,Cassava Mosaic Disease (CMD)
4063529695.jpg,3,Cassava Mosaic Disease (CMD)
2704684004.jpg,1,Cassava Brown Streak Disease (CBSD)
1857914925.jpg,3,Cassava Mosaic Disease (CMD)
2392147106.jpg,4,Healthy
798023657.jpg,0,Cassava Bacterial Blight (CBB)
1993604237.jpg,1,Cassava Brown Streak Disease (CBSD)
883362689.jpg,3,Cassava Mosaic Disease (CMD)
912628381.jpg,3,Cassava Mosaic Disease (CMD)
3274661195.jpg,1,Cassava Brown Streak Disease (CBSD)
2064463834.jpg,4,Healthy
2808848942.jpg,3,Cassava Mosaic Disease (CMD)
1862072615.jpg,4,Healthy
1942531385.jpg,3,Cassava Mosaic Disease (CMD)
1781156420.jpg,3,Cassava Mosaic Disease (CMD)
4128599330.jpg,3,Cassava Mosaic Disease (CMD)
2305331091.jpg,3,Cassava Mosaic Disease (CMD)
3061780268.jpg,3,Cassava Mosaic Disease (CMD)
410476072.jpg,3,Cassava Mosaic Disease (CMD)
857300948.jpg,3,Cassava Mosaic Disease (CMD)
